# Resource object code (Python 3)
# Created by: object code
# Created by: The Resource Compiler for Qt version 6.8.2
# WARNING! All changes made in this file will be lost!

from PyQt6 import QtCore

qt_resource_data = b"\
\x00\x00\x08\x05\
<\
?xml version=\x221.\
0\x22 encoding=\x22UTF\
-8\x22 standalone=\x22\
no\x22?>\x0a<!-- Creat\
ed with Inkscape\
 (http://www.ink\
scape.org/) -->\x0a\
\x0a<svg\x0a   xmlns:d\
c=\x22http://purl.o\
rg/dc/elements/1\
.1/\x22\x0a   xmlns:cc\
=\x22http://creativ\
ecommons.org/ns#\
\x22\x0a   xmlns:rdf=\x22\
http://www.w3.or\
g/1999/02/22-rdf\
-syntax-ns#\x22\x0a   \
xmlns:svg=\x22http:\
//www.w3.org/200\
0/svg\x22\x0a   xmlns=\
\x22http://www.w3.o\
rg/2000/svg\x22\x0a   \
xmlns:sodipodi=\x22\
http://sodipodi.\
sourceforge.net/\
DTD/sodipodi-0.d\
td\x22\x0a   xmlns:ink\
scape=\x22http://ww\
w.inkscape.org/n\
amespaces/inksca\
pe\x22\x0a   id=\x22svg30\
39\x22\x0a   version=\x22\
1.1\x22\x0a   inkscape\
:version=\x220.92.1\
 r15371\x22\x0a   widt\
h=\x2234.133335\x22\x0a  \
 height=\x2234.1333\
35\x22\x0a   sodipodi:\
docname=\x22ROI_poi\
nter.svg\x22\x0a   ink\
scape:export-xdp\
i=\x2267\x22\x0a   inksca\
pe:export-ydpi=\x22\
67\x22>\x0a  <metadata\
\x0a     id=\x22metada\
ta3045\x22>\x0a    <rd\
f:RDF>\x0a      <cc\
:Work\x0a         r\
df:about=\x22\x22>\x0a   \
     <dc:format>\
image/svg+xml</d\
c:format>\x0a      \
  <dc:type\x0a     \
      rdf:resour\
ce=\x22http://purl.\
org/dc/dcmitype/\
StillImage\x22 />\x0a \
       <dc:title\
></dc:title>\x0a   \
   </cc:Work>\x0a  \
  </rdf:RDF>\x0a  <\
/metadata>\x0a  <de\
fs\x0a     id=\x22defs\
3043\x22 />\x0a  <sodi\
podi:namedview\x0a \
    pagecolor=\x22#\
ffffff\x22\x0a     bor\
dercolor=\x22#66666\
6\x22\x0a     borderop\
acity=\x221\x22\x0a     o\
bjecttolerance=\x22\
10\x22\x0a     gridtol\
erance=\x2210\x22\x0a    \
 guidetolerance=\
\x2210\x22\x0a     inksca\
pe:pageopacity=\x22\
0\x22\x0a     inkscape\
:pageshadow=\x222\x22\x0a\
     inkscape:wi\
ndow-width=\x221366\
\x22\x0a     inkscape:\
window-height=\x227\
08\x22\x0a     id=\x22nam\
edview3041\x22\x0a    \
 showgrid=\x22false\
\x22\x0a     inkscape:\
zoom=\x223.6875\x22\x0a  \
   inkscape:cx=\x22\
43.815143\x22\x0a     \
inkscape:cy=\x2217.\
101279\x22\x0a     ink\
scape:window-x=\x22\
0\x22\x0a     inkscape\
:window-y=\x220\x22\x0a  \
   inkscape:wind\
ow-maximized=\x221\x22\
\x0a     inkscape:c\
urrent-layer=\x22sv\
g3039\x22 />\x0a  <pat\
h\x0a     style=\x22fi\
ll:#f3f3f3;fill-\
opacity:1;stroke\
:#000000;stroke-\
width:1.36600006\
;stroke-miterlim\
it:4;stroke-dash\
array:none;strok\
e-opacity:1;pain\
t-order:normal\x22\x0a\
     d=\x22m 15.204\
975,8.796211 v 3\
.357422 3.359375\
 H 11.324116 7.4\
432569 v 3.35742\
2 h 3.8808591 3.\
880859 v 3.35742\
2 3.359375 h 3.8\
82813 V 22.22785\
2 18.87043 h 3.8\
80859 3.880859 V\
 15.513008 H 22.\
968647 19.087788\
 V 12.153633 8.7\
96211 Z\x22\x0a     id\
=\x22rect888-61-6-9\
-7\x22\x0a     inkscap\
e:connector-curv\
ature=\x220\x22 />\x0a</s\
vg>\x0a\
\x00\x00\x0eS\
<\
?xml version=\x221.\
0\x22 encoding=\x22UTF\
-8\x22 standalone=\x22\
no\x22?>\x0a<svg\x0a   xm\
lns:dc=\x22http://p\
url.org/dc/eleme\
nts/1.1/\x22\x0a   xml\
ns:cc=\x22http://cr\
eativecommons.or\
g/ns#\x22\x0a   xmlns:\
rdf=\x22http://www.\
w3.org/1999/02/2\
2-rdf-syntax-ns#\
\x22\x0a   xmlns:svg=\x22\
http://www.w3.or\
g/2000/svg\x22\x0a   x\
mlns=\x22http://www\
.w3.org/2000/svg\
\x22\x0a   xmlns:sodip\
odi=\x22http://sodi\
podi.sourceforge\
.net/DTD/sodipod\
i-0.dtd\x22\x0a   xmln\
s:inkscape=\x22http\
://www.inkscape.\
org/namespaces/i\
nkscape\x22\x0a   widt\
h=\x2234.133335\x22\x0a  \
 height=\x2234.1333\
35\x22\x0a   id=\x22svg29\
85\x22\x0a   version=\x22\
1.1\x22\x0a   inkscape\
:version=\x221.0.2 \
(e86c870879, 202\
1-01-15)\x22\x0a   sod\
ipodi:docname=\x22s\
emiautomaticclas\
sificationplugin\
_bandset_tool.sv\
g\x22\x0a   inkscape:e\
xport-xdpi=\x2267\x22\x0a\
   inkscape:expo\
rt-ydpi=\x2267\x22\x0a   \
viewBox=\x220 0 32 \
32\x22>\x0a  <defs\x0a   \
  id=\x22defs2987\x22 \
/>\x0a  <sodipodi:n\
amedview\x0a     id\
=\x22base\x22\x0a     pag\
ecolor=\x22#ffffff\x22\
\x0a     bordercolo\
r=\x22#666666\x22\x0a    \
 borderopacity=\x22\
1.0\x22\x0a     inksca\
pe:pageopacity=\x22\
0.0\x22\x0a     inksca\
pe:pageshadow=\x222\
\x22\x0a     inkscape:\
zoom=\x225.598901\x22\x0a\
     inkscape:cx\
=\x223.1062461\x22\x0a   \
  inkscape:cy=\x221\
2.258783\x22\x0a     i\
nkscape:current-\
layer=\x22layer1\x22\x0a \
    showgrid=\x22tr\
ue\x22\x0a     inkscap\
e:grid-bbox=\x22tru\
e\x22\x0a     inkscape\
:document-units=\
\x22px\x22\x0a     showgu\
ides=\x22false\x22\x0a   \
  inkscape:windo\
w-width=\x221366\x22\x0a \
    inkscape:win\
dow-height=\x22706\x22\
\x0a     inkscape:w\
indow-x=\x220\x22\x0a    \
 inkscape:window\
-y=\x220\x22\x0a     inks\
cape:window-maxi\
mized=\x221\x22\x0a     i\
nkscape:document\
-rotation=\x220\x22>\x0a \
   <inkscape:gri\
d\x0a       type=\x22x\
ygrid\x22\x0a       id\
=\x22grid3765\x22\x0a    \
   originx=\x220\x22\x0a \
      originy=\x220\
\x22\x0a       spacing\
x=\x221\x22\x0a       spa\
cingy=\x221\x22 />\x0a  <\
/sodipodi:namedv\
iew>\x0a  <metadata\
\x0a     id=\x22metada\
ta2990\x22>\x0a    <rd\
f:RDF>\x0a      <cc\
:Work\x0a         r\
df:about=\x22\x22>\x0a   \
     <dc:format>\
image/svg+xml</d\
c:format>\x0a      \
  <dc:type\x0a     \
      rdf:resour\
ce=\x22http://purl.\
org/dc/dcmitype/\
StillImage\x22 />\x0a \
       <dc:title\
 />\x0a      </cc:W\
ork>\x0a    </rdf:R\
DF>\x0a  </metadata\
>\x0a  <g\x0a     id=\x22\
layer1\x22\x0a     ink\
scape:label=\x22Lay\
er 1\x22\x0a     inksc\
ape:groupmode=\x22l\
ayer\x22>\x0a    <rect\
\x0a       style=\x22f\
ill:#3771c8;fill\
-opacity:1;fill-\
rule:evenodd;str\
oke:#000000;stro\
ke-width:1.07162\
178;stroke-linej\
oin:miter;stroke\
-miterlimit:2.5;\
stroke-dasharray\
:none;stroke-opa\
city:1\x22\x0a       i\
d=\x22rect2993\x22\x0a   \
    width=\x2218.42\
3388\x22\x0a       hei\
ght=\x2214.955897\x22\x0a\
       x=\x2252.046\
082\x22\x0a       y=\x224\
4.249126\x22\x0a      \
 rx=\x222.3818941\x22\x0a\
       ry=\x222.495\
6985\x22\x0a       tra\
nsform=\x22matrix(1\
,0,-0.87182173,0\
.4898233,0,0)\x22\x0a \
      inkscape:e\
xport-xdpi=\x2267\x22\x0a\
       inkscape:\
export-ydpi=\x2267\x22\
 />\x0a    <rect\x0a  \
     transform=\x22\
matrix(1,0,-0.82\
435271,0.5660765\
,0,0)\x22\x0a       ry\
=\x222.6599801\x22\x0a   \
    rx=\x222.381894\
1\x22\x0a       y=\x2228.\
40234\x22\x0a       x=\
\x2237.02903\x22\x0a     \
  height=\x2215.817\
108\x22\x0a       widt\
h=\x2218.423388\x22\x0a  \
     id=\x22rect376\
7\x22\x0a       style=\
\x22fill:#214478;fi\
ll-opacity:1;fil\
l-rule:evenodd;s\
troke:#000000;st\
roke-width:0.996\
83589;stroke-lin\
ejoin:miter;stro\
ke-miterlimit:2.\
5;stroke-dasharr\
ay:none;stroke-o\
pacity:1\x22 />\x0a   \
 <rect\x0a       st\
yle=\x22fill:#00245\
b;fill-opacity:1\
;fill-rule:eveno\
dd;stroke:#00000\
0;stroke-width:0\
.94480175;stroke\
-linejoin:miter;\
stroke-miterlimi\
t:2.5;stroke-das\
harray:none;stro\
ke-opacity:1\x22\x0a  \
     id=\x22rect376\
9\x22\x0a       width=\
\x2218.423388\x22\x0a    \
   height=\x2216.79\
2358\x22\x0a       x=\x22\
25.403025\x22\x0a     \
  y=\x2215.180793\x22\x0a\
       rx=\x222.381\
8941\x22\x0a       ry=\
\x222.8474996\x22\x0a    \
   transform=\x22ma\
trix(1,0,-0.7764\
7675,0.6301459,0\
,0)\x22 />\x0a    <rec\
t\x0a       transfo\
rm=\x22matrix(1,0,-\
0.75296028,0.658\
06596,0,0)\x22\x0a    \
   ry=\x222.94873\x22\x0a\
       rx=\x222.381\
8941\x22\x0a       y=\x22\
4.6413875\x22\x0a     \
  x=\x2216.963524\x22\x0a\
       height=\x221\
7.316816\x22\x0a      \
 width=\x2218.42338\
8\x22\x0a       id=\x22re\
ct3771\x22\x0a       s\
tyle=\x22fill:#cccc\
cc;fill-opacity:\
1;fill-rule:even\
odd;stroke:#0000\
00;stroke-width:\
0.92454177;strok\
e-linejoin:miter\
;stroke-miterlim\
it:2.5;stroke-da\
sharray:none;str\
oke-opacity:1\x22\x0a \
      inkscape:e\
xport-xdpi=\x2267\x22\x0a\
       inkscape:\
export-ydpi=\x2267\x22\
 />\x0a  </g>\x0a</svg\
>\x0a\
\x00\x00\x07\x16\
\x00\
\x00b\xc2x\xda\xed\x5c[\xaf\x9b8\x10~?\xbf\x82\
\xa5/\xadvml \xdc\x9a\x9c>lU\xa9\xd2>\
\xedv\xb5\x8f\x95\x03N\x82J \x02r\x92\xf4\xd7\xaf\
\xcd-\x90p\x8e\xdab\xef\x92\x92TU\x8bg\x0c\xf6\
7\xdf\x8c\xc7\x06{\xfe\xee\xb8\x8d\x94'\x9afa\x12\
/T\x0c\x91\xaa\xd0\xd8O\x820^/\xd4\xbf?}\
\x00\x8e\xaad9\x89\x03\x12%1]\xa8q\xa2\xbe{\
|\x98\xff\x02\x80\xf2{JIN\x03\xe5\x10\xe6\x1b\xe5\
c\xfc%\xf3\xc9\x8e*\xaf7y\xbe\xf34\xedp8\
\xc0\xb0*\x84I\xba\xd6\xde(\x00<><\xcc\xb3\xa7\
\xf5\x83\xa2(\xec\xb9q\xe6\x05\xfeB\xad*\xec\xf6i\
T(\x06\xbeF#\xba\xa5q\x9ei\x18bM=\xab\
\xfbgu\x9f?=|\xa2~\xb2\xdd&qV\xd4\x8c\
\xb3W-\xe54X5\xda\xbc5\x07\xa3P\xc2\xae\xeb\
jH\xd7t\x1d0\x0d\x90\x9d\xe2\x9c\x1cA\xb7*k\
c_U\x1d!\xa41\xd9Y\xf3\xdb\xb4\xbc\x8c\x01\xba\
c\x7f\x1b\xf5\xba\x00f\xc9>\xf5\xe9\x8a\xd5\xa30\xa6\
\xb9\xf6\xfe\xd3\xfbF\x08\x10\x0c\xf2\xa0u\x9b\x1a\xcf\xce\
S; \xc7dK\xb3\x1d\xf1i\xa6\xd5\xe5E\xfdC\
\x18\xe4\x9b\x85j\x98\x10\x1b\xec7+\x0a74\x5co\
\xf2\xcb\xd20X\xa8\xac\xf5\xba\xeb\x94\xd7-r\xe0R\
\xa1\xba\xb1\xd7H\x10tu\x88\x95\x14\xcf\x0c\xbb\xd4\xa9\
\xbb\xe0\x05\x89\xcf\xdb\xc4nI\xb7!\xd9\xe7\xc9\x96Y\
\xcd\xf7#\x92e\xe1*\xf4\xd9E\x12\xef\xa2\xfd:\x8c\
?\xd3 \xcc?\xa7$\xcbi\x0ak\xf8\x9ag\xd1\xe3\
.Isp\x0cv\x0cD\xcb\xee\x15\x9ej\xe1#\x93\
\xce\x03\xba\xca\xb8V\xd9#~\xc5\xbad\xab\x8aVH\
\x9b\x06\xf2\xd6\x05O!=\x9cu\x97$+QS\x94\
\x1dY3\x86EI\xbaP_\xad\x8a_%X&i\
@\xd3Zd\x15\xbf\x8e(aV\x08\xf3S\xe9S\xd5\
\xbd\xeb\xf6\xf2\xbb6r\xd4/\xcf6$H\x0e\x0bU\
\xbf\x14~M\x92\xedB\xb5\xa1\x8b\x1ddb\xfbR\xec\
\x1f\x17*\xc06\xd4\x1d\xcbn\x9at\x96\xb2\x07\xce\xa0\
\xe9Z\xc8\xc5\xf8J\xb8OS\xe6u \x22'\xcaz\
U\xfcS+e\x9b\xe4\xb0N9:y\xba\xa7\x975\
\xb9\x04,\x97\xc9\xb1_\xccH\xb0\xe7\xfe\x0c\xf6q\x98\
3\x9f\xd9\x1d\xdbw\xdd\x87\x01\xcd\xfa+f1\xd9\x81\
u\x94,I\xd4\xafp\x08c\x86\x12\xa8\xe8\x8d\x8d\xeb\
\x1eW\x1a5\xd7m\xe4<\xa3\xc1\xda\x8e\x9e\x11\x9d\x9e\
\x17m\xc91\xdc\x86_)\x03\x06\x17\xbcc\xdc\xea\xc0\
RVS\x94\xfc\xc4\xfd\xf6x\xe2ej]\xc8\xf1\xe4\
\x05\xba\xeb\xdaMa\x92\x86\xcc\x1dZ\xcd\xa9\x8bN\xed\
\x22\xee\xe5,H\x1f\x0b\x82\x15\xf4\xb3/e\xa7\xb6\xac\
\xe2\xbdvM\xfc\xa2|Ks\x12\x90\x9c\x9c\xbd\xa0.\
amCu\xcfX\xc0\xf4\xfe|\xff\xe1\xb1z\xd0\xdc\
\xf7\xbd\x7f\x92\xf4K\xfd\x5cE\xe1\x0ad\x99\xec\x19\xd2\
\xeacS<\x0f|\x8f\x858\xe6\xfa\x8f\xe1\x96q\x9b\
G\xc7_YH\x9bkgAG\x99\x83u\xbeiy\
\xdb\x94\x96\xb1\xb2w\xc0\x08\xfcm\xc8+i\x7f\xe5a\
\x14}\xe4\x0f\xa9z\xdc\xbai\x98G\xf4\x5c8\xd7\xaa\
\xd6W}\xd3Z\x9d\x9bku\xef\x8b\xab\xf5\x19\x95\x8e\
S4\x86\x8e\xc8\x922\x86\xfe\xc1\x85\x0a\xbe\xf6\x8ed\
\xbf\xdb&\x01\xad\xaa7hR?oL\x96\x9f\x22&\
_\xb1\xd6{\xaf\x10\x22\xc4q\xde\xf2\x0bP\xc5\x09\x0f\
\x97\x97\xe9>b\xf1\xee\x89\xc6I\x10\xbc\xcd\xf24\xf9\
B=\x16\x99,\x82PuY:\x83\x87\xa0\xc1\x07\x22\
\x84\xf4\xba\x9c!D\xd3\x88\xb15\xf7\xcc\xba, ,\
\xce\xa4)9y1\x1b\xde\xeb\xd2\xe6\x99\x1d\xa2\xf2\xe6\
\xce\x1c\xc3\x05\x188\x8d\xa0\xf2\xbc\x194\x8c\xf3\x10\xa2\
\xb4\x06\x17\x13\xba\x85\xc4l$\x9c\xb2\x08^P\x96q\
\xd5\x80N'\x8e2\xb3w\x9c -\xf8l\x99\xfcg\
5\xd6\xbde\x14\x01\x96\x81#\xb8\x0e\x08?=\x90\xae\
\x0c \xb1\x01\xed\xae\xe6\xcfOH0\x93\x81\xa4\x03\x9d\
\xb2\xd1\xd3A\xd2\x96\x81\xa3n@kRd\x94\xc2F\
\xec\xc0\xa9\x0d4\xae\x1c>\x1a\x064'6\xd20R\
\x02$\xc5\xb7\x1d8+T\x85a\xb9Z\xf9\xfeX\xb1\
\x1c\x88 \x92\x9b8\x06&!\xe3e\xe1@\xec\xae\xd5\
'\x88!0e\xa0(!\xf5\x1e\xb3\x13\x0f\x9e\x07\x22\
\xb9\xe9\xf6\xc8)\xe8828(\x1e\xc6QS\x10\x0d\
\xf6d$w\xa62\xf68\x08t\x19,\x14\x8f\xe3\xb8\
Yh\x88$\xa1\xd0i\xde\xc8\xf9g\xc9`\x9fP\x00\
G\x1e\xfel\xa1c\xb0\xf0\xa9\xf1\xe8\xc3\x9f\x14\x02N\
\x0eG\xc7\x914/\x11\xbe\xc20\xf6lf0\x8eH\
\xee\xaa\xc2\xf8\xf3\x99\xc1!\xb1\x7fL\x99\xd4\xfaL\xc9\
D\xb1\xb9\xf5\x14}ypv\x8d$\xaf/8\xec\x86\
\xa3^p5\x87rP\xb7.\xc7\xe2b\xbd\xcb6\xc4\
z\xf3\xe8\x81\xc4\x83\xe3b/\x92\x8c\x93\xfat@t\
\x07/\xfe\xf7\x82\x88ENXn\x80\x89\xb3\xc1\xef\x99\
{at\xe0\xd4\xa2\xa3=x\x80\xe9\x05R\x17>T\
\xdf\x02)g\x00YR\xbc[x\xeax\x03qR\x12\
3Y\x12Yh\xea\xd3\x0a\x97\xc3\x97\xb9\xfb\xfd\xdc\x81\
\xe64\x80\x1c\xfc\xfd\x83\xe4\xf4q63\xcd\x11\xb3p\
\xb0/cxQ8E\x14M\xa0;2\x80\x9cN\x0e\
\xee\x00C\xa8#\x0bM\xbcG\xce>g8x\xbd\xec\
\x9b\xce\xe4\xa5X\xd21\x1d\xa1\x0c\x14>g\x19\x7f\x0c\
\x04R\x82\xe0\xb4&\x7f\xc8\x10\x9c\xd2\x88\x9f\xf2\x8d\x9c\
\x88\xd6\xf05\x88>\x1aNl\xea\x8c\xd8DOl@\
\x14?[\x1e}D\xb4\x80\x81\xa5\x8c\xccS\x83\x92\xbf\
\x86\x06.\x922Y\x99\xd6\xc2C\xf9\xf6\xca\x11\x9bm\
\x0b]n\xb8\x81<\xc7\x06R\xdcz:\xab6\xd5[\
\xe8\xe1\xbb\xd2\xac\xc9\xbb\xb2\x0e\x5cK(\x8aB\x17\x1d\
F\xbf\xef\xc7\x1c\xfe\xa1l\x8boR\x16\xbfn`\xef\
\x94=\xf8s\xbb.\x88\xd3\xe2 weG(~x\
j\x1bJ\xd9\x1f,\x14A\xe1\xab\x0e\xe3\xdf\xd9,\xe0\
\x0b\xbb.\x86\xfa$\xb7\x91\xf2\xb7\xcd\x82\xc7\x14\xf1\xf3\
\xbd[\xd8\xd9\xcc\xf8h\x88\x1d\x9a\x85\xe7\x87\xb7\xb1\xad\
\x99\xe5\x89\xa6X\xc7\xfe\xee\x89\xca\xbas4\x92\xa1\xe3\
\xf3N\xe1<%q\xc6O\x0b\xe2GA\xb1\xffF$\
\xa7\xaf\x99\xa9\x8a/\x22\xed\xdf\xaa\x89\x92a\xbcQ{\
\x8d\xc0@\xb5\x1aP\xbd\xea4\xafk\x84\x9a\xe3\x81\xda\
\xd6|\xe1\xac\xb1\xe7U\x8e\xd7*\xddN\xb7\xca;\xd0\
\x94\xae\x8c\xcb\x1d\xb9\xed\xea\xc5\xd1^\xf8r{\xdfK\
\x16y\xc1\x8c\xbd\x91\xbd]\xb3\x0f\xbd\xef\xa0p\x1b\xde\
\x9a\xc2N\x19\x9dfC(\xdc:\xc1\xe9\x7f6\x91\xd5\
\x03\xb7l\x13\x95\xe3\xc6\xddJ\xdfn%\xbd\xc7\x1a\xb2\
\xad\xe4\xde]\xe9;\xa3\x9d\x05m\x97\xff\xfe[Wb\
C\x9e{7\xd3\xf0AI\xd7\xa1h\x0b!\xa35\xd5\
\xbd\x9b\xe6\xc7\xf3\x05\xbbL\x90\x1c\xe1\x1ed\x01\xebn\
\xa0\xe1\xd9\x82\x0c\xdf\xe9||{\xb7\xcd\x8fgr\xd2\
\x9c\xa7x\xe7{7\x91\x804N\x9a\x89\xcaw\xc9w\
\x1b\x0d\xcf\xe2\xa4\x848\xb3s\x0e\xed\xdd:?\x9ec\
K\x0cr\xfc\x15\xb8}7\xd2\xf00'\xcd\x85\xcc[\
r\xa2\xb9\xb6.\x8f\xe7f\xff\xcc\xf9)\xe2\x8f\x0f\xff\
\x02`\x10\xdc\xe1\
\x00\x00\x06j\
\x00\
\x00$\x04x\xda\xe5\x99Ks\xdb6\x10\x80\xef\xfe\x15\
(si\xa7&\x88\x07\xdf\x91\x94C2\x9df&\xbd\
\xb4i{\xccP$$\xb3!\x09\x95\x04-)\xbf\xbe\
\x0b\xbe\xf5\x9a8c;\xae\x13\xcexL\xec.\x08\xe0\
\xc3\xeebI\xcd^\xed\xf2\x0c\xdd\x8a\xb2Je17\
(&\x06\x12E,\x93\xb4X\xcf\x8d?\xdf\xffb\xfa\
\x06\xaaTT$Q&\x0b17\x0ai\xbcZ\x5c\xcd\
~0M\xf4\xba\x14\x91\x12\x09\xda\xa6\xea\x06\xbd->\
Vq\xb4\x11\xe8\xc7\x1b\xa56\xa1em\xb7[\x9cv\
B,\xcb\xb5\xf5\x132\xcd\xc5\xd5\xd5\xac\xba]_!\
\x84`\xdc\xa2\x0a\x93xnt\x1d6u\x995\x86I\
l\x89L\xe4\xa2P\x95E1\xb5\x8c\xd1<\x1e\xcdc\
=zz+b\x99\xe7\xb2\xa8\x9a\x9eE\xf5bb\x5c\
&\xab\xc1Z\xcff\xcb\x1b#\x1a\x04\x81E\x98\xc5\x98\
\x09\x16f\xb5/T\xb43\x0f\xbb\xc2\x1c\xcfue\x84\
\x10\x0bt\xa3\xe5\xdd\xac\xc2\x0a\x80n\xe0o0\xef\x05\
\xb8\x92u\x19\x8b\x15\xf4\x13\xb8\x10\xcaz\xf3\xfe\xcd\xa0\
4\x09NT2yL\xcf\xf3`\xd4\x03\xc8E\x94\x8b\
j\x13\xc5\xa2\xb2zy\xd3\x7f\x9b&\xeafnp\x1b\
S\x0e\x97\xd3\x08oD\xba\xbeQ\xc7\xd24\x99\x1b0\
{\x16\xf8m{\xe2\x1c\xb45\xe8\x1e\x1c\x0e\x1a\x82\x03\
\x86)*\xa9\xc3\xbd\xd6\xa6_B\x98\xc8X\xcf\x09\x1e\
)\xf24\xaa\x95\xcca\xd7\xe28\x8b\xaa*]\xa51\
4d\xb1\xc9\xeauZ|\x88\xa3,\xae3p\xa9\x0f\
\xd5F\xc4\xaa\x8c\xb2\x0fI\xaa}\x0fV\x83{\x9e\xc3\
\xe0b\xb7\x91\xa52w\xc9\x06\xa8\xba\xdeY\xe5\xbeW\
.@;K\xc4\xaa\xd2V\xed\x12u\x0b\xd6\xe8\x19\xc8\
j\xb4\xc3\x8c\xf5t\x93\xdbTlG\xdbeT\xb5\x18\
\x11\xdaDkp\xb9L\x96s\xe3\xc5\xaa\xb9:\xc5R\
\x96\x89({\x95\xdb\x5c\x07*\x09\xdb\x92\xaa}\x1bd\
\xdd\xb3\xfb\xf9\xea\xa7\x0ezr^_\xddD\x89\xdc\xce\
\x0dv\xac\xfc$e>7\x1c\xec\x04~@\xe8\xb16\
\xde\xcd\x0d\xd3\x0b\xb0K}\x8f\xd9'Z\x18\xcf\xc5\x94\
8\x8c\xdb\xde\x89\xb2.K\x88B3\x8b\xf6\x02\x16\xd5\
\xfc\xeb\x9f_\xdd\xc8\xed\xba\xd4pTY\x8b\xe3\x9eZ\
c.\x97rw^\x0dNQ\xeb\xf86\xeb\x22U\x10\
C\x9b\xdd\xf4\xa9u\x9a\x88\xea|\xc7mZ\x00\x03\xb3\
\xf3f\xca\x07\xc4\xc7\x16\xbdk{\xc4\xbf`\x01S#\
\x17T\xfb\xcb\xaa<\xda\xa5y\xfaI\xc0\xbaOHW\
E\xb41\xd7\x99\x5cFY7\xfbEc1;\xc0\xd2\
vBH\xedu\x1c\xef\xf6Zf\xf4B\xcdS\x0b\xb8\
\xe7:\x83P\x96)\x84\xc7d\xbe\xbdh?\x15\xe9\xa8\
\x87\xa4\xbdk\xfc\xab\xf1>\xefX\xb7\x9f\xea:\xb7\xb7\
N\xfd\xbe\x91\xe7BEI\xa4\xa21\x08z\x09\x0b\x02\
\xd2\xaf\x0c\x12h\xf8\xfb\x9b_\x16\xdd@\xb38\x0e\xff\
\x96\xe5\xc7~\x5c\x84\xb4A\xb4\x945l\x85\xb1\x18\xc4\
\xb3$\x0e!\xe5A*X\xa49\xb8\xb6\xce\x96?C\
\x8a\x9bY\xa3\xe2\xc0X\xc3\x1a\x1f\xda>\xb6\x14m\xee\
<{\x80$q\x9e\xeaN\xd6\x1f*\xcd\xb2\xb7z\x90\
n\xc5\x93\x87\xa6*\x13\xa3pfu\xb3\xef\xd6fM\
\x167\xb3\xfa\xd57\xad\xf5H\xe5 (\x86\x8d\xce\xa2\
\xa5\x00'x\xa7\x95\x88\x9eF\x87\xac7\xb9LD\xd7\
}\xa0\x09Yo\xd82\xb5\xcf@\xbf\x82\xd9\x87]\xa2\
y\xa9\x1bf\x97&B\xda6\xcb:\x83tw+\x0a\
\x99$/+U\xca\x8f\x22|A\x88\xed\x13\xd25\xdb\
h\x09\x87f\x96\x16\x02\xa6\x11V\xff\xd6Q)\xa6\xd2\
\x7fdZ\x84\xc0M\x94\xbd\xb4id\xe0\xf1*\xb4{\
Y\x12A&*\xcbh\x1f\x16P\x11L\xa5r\xb5\xaa\
\x84\x1aG\xea\xa7J0\xef\xae\x03G\xd7\xcb\xe5A@\
\x07\xe1\xd9C\x0a]<\xa8\xf4u\x10\x15\xe0\xdf\x01\xb6\
=\x1e\x10\xee\x0a\x93\xba\x83\xa2<0+\xc1\x8ec\x0e\
\x87\x95\x1b\xf8\x83W\xcc6\x91\xba9G\x7f\xb2JM\
V_\x87dY;)n\xdb\xc7\x88\x97\xb5R\x0f\x05\
x\xd8\xf7a\x1d\x80\xf07D\xae\x09\xfa\x0b\xf5`\x0e\
\x01\xeb\x15A\xb4\x8e\x1c\xc6\xcc.\x0b\x98\xa1\x92\xa5\x09\
9\xfe6Ru)\x0er\xc9\x90\x13\xc0Iu\x18A\
:\x8e\xe3\xe7\x8ej\x80t=\xdc\xa1_\x119\x87\xcc\
\xff\xff \xa3\x18v\x900\xc7\xdf\xec\xbe\x9c\xd9\x05\x12\
\xc3)p\xcd|\xec\xa3\xd7\x88c\xd6\xde\x9e\xdc\x9c\xd0\
\xe1\x9e\xc7Lrg>\x0f\xe23\xd4sl\xea8\x0f\
F GN\x9f\x92\xae\xb9\x83\x19\x8a!\x8eL\x1b\xb3\
\x06\xca\xa5\xfbS\x14\xbe\xfd\xecAP\x82;W\xb8'\
\x08\xd3\x7f\xee(\x18\xc5\x0f\xe3\x13f\xf0\xecQ\xb8\x0f\
\xe5\x15\xcf>@8\xbb7\x03\xfe\xec\x93\x84{o\x06\
\xeeWd\xf0\xf0Gf>=29\xb6\xdbE\xc7\xa8\
\xafg8Ta\x17\xee/\x1c\xa0&\xfbf\x80P\xbf\
\xaf\xa6\xee\x05\x84>k \xd3\xa2\x8a\xb2\xa1\xa8jn\
On.!\xe0\xdf\x8cOxm\x8c\xdc7H\xeco\
'k\xf4\x8b\xbd\x1f\x90\xc7\xaa,\x04Y\xadN\x80p\
\xecp\xe6\xbb\xae\xed?\xc9\x8b\xed\xf8\x96\x06\xe5\x88\xdf\
b\x0c\xb0C\xbd\xc0\xf6\xcf\x9c2^\xf05\xcb.(\
\x9b= \xc39}\x026\xa6=x\x0a\x0b0\xa3\xe0\
\xb5.b\x0c{\xad\xcc\xc6\x8eFD\xcf\xe4\x19\x9f~\
\xdd\xda\x94\xc0\xcb4\x0b\xfc\xa7p 6\xbc\xd9x\x98\
8\xae\x0d\x94\x10\xb3\xb1\x7fM!\xd2/\xf8\x90\xcf\xe8\
\xf7\x82\x87\xda]\x193\xf2@p\x92\xbb\xd7\xd4\xc5\x81\
v(\xfb,\x1e\xd3\xfb>\x005o\xc6]\x8c\x0dD\
P\x17w6\x84X\xc08\xf1\xce\xbb\x90\x19|/\x8c\
&y\x88b_#\xa2\x83\xecs\x90\xec\xef\x05\x92\xc9\
\xc6*\xc0\xc5^\x93\x99\xefL\xc9\xf9\xe2/\x91\x83\x9d\
*\xa3\xa2\xd2\xbf\xa6\x98\xb1(`\x0d\xfa'/\xd3o\
\xdf\xd2\x5c\xef\x0e\xf6\xfb\xb9\xc1 IP\x87\xfb\xee\xe7\
7\xa1\x01\xef\x93\xc9>\xb8q\x90\x1c\xee\x83\x0d\x998\
\xf0\x9d\xc0s\x9e\xe2@\xe0\xfd\x01\xc9p\x00k\xb2!\
\xa0\xf9\xa5\x82\x5c\xb3\x7f\xacW4]j\x91\xe8\xb8\xfa\
\xec|\x84=N\xf9\xe9`\xb7y\xfd0;\x99\x87\xde\
M\xbe\xfdQW\xbf\xe3\xc3\x91\x10\xb4\x05W6| \
\x85\x8a\xcb\xed\x1bv_\xc5\xda\xa8\xaf\xef\xaf\xbb\xb7~\
\x17\xf9P,660\xca\x09N\x9bp\xcf\xe4\x8fw\
\xb6\xfa\xe2\xb4\x9a\x7fT\x9e#\xaa)T\xf7\x00\xea\xf0\
\x8dY\xb3\xed9y\x93\xcf\x8cP`\xfb\x9d\xcc\x9d\xec\
DvB\xd7\xfb<\xdd/D;\xb3\xd6\x8b\xab\x99\xfe\
\xdduq\xf5\x1f!I\x9d\x0d\
\x00\x00\x15u\
\x00\
\x01\xfffx\xda\xed][s\xe3\xb8\xb1~\xdf_\xc1\
\xa3}\xc9\xd61!\x02 n\x1a{\xf2p\xb6R\xd9\
\xaa\xa4NU\x92\x93<n\xc9\x12m3#\x89.\x8a\
\xbe\xcd\xaf\x0f@\x8a\xba\xc2s\xec\x05\xd9\x5c\x8fZ\xb3\
[\xb2\x00^\xfbC7\xfa\x06\xf4\xe5\x1f\x9f\x97\x8b\xe8\
1+\xd7y\xb1\xba\x1aQ\x92\x8c\xa2l5+\xe6\xf9\
\xea\xf6j\xf4\x7f\xff\xf8S\xacG\xd1\xba\x9a\xae\xe6\xd3\
E\xb1\xca\xaeF\xabb\xf4\xc7\xcf?\x5c\xfeW\x1cG\
\xffSf\xd3*\x9bGOyu\x17\xfd\xb2\xfa\xb2\x9e\
M\xef\xb3\xe8\x0fwUu?\x19\x8f\x9f\x9e\x9eH\xbe\
i$Ey;\xfe)\x8a\xe3\xcf?\xfcp\xb9~\xbc\
\xfd!\x8a\x22{\xdf\xd5z2\x9f]\x8d6'\xdc?\
\x94\x8b\xfa\xc0\xf9l\x9c-\xb2e\xb6\xaa\xd6cJ\xe8\
x\xb4;|\xb6;|\xe6\xee\x9e?f\xb3b\xb9,\
V\xeb\xfa\xcc\xd5\xfa\xc7\xbd\x83\xcb\xf9\xcd\xf6h\xf74\
O\xbc>\x88\x1ac\xc6\x09\x1b3\x16\xdb#\xe2\xf5\xcb\
\xaa\x9a>\xc7\x87\xa7\xdag\xf4\x9d\xca\x92$\x19\xdb\xbe\
\xdd\x91o;j\xb2\xb6\x04\xbd\xb7\xffo\x0fo\x1b\xc8\
\xbax(g\xd9\x8d=/#\xab\xac\x1a\xff\xfc\x8f\x9f\
\xb7\x9dqB\xe6\xd5|\xef2-=\x0f\xeez@\xe4\
\xd5t\x99\xad\xef\xa7\xb3l=n\xdb\xeb\xf3\x9f\xf2y\
uw5\xe2)\xa1\xdc~D\xddx\x97\xe5\xb7w\xd5\
qk>\xbf\x1a\xd9\xa7\x17\x9c%\xf5\xef\xbd\xc1A\x9b\
\x036\x17\x9el{\x12b\x18\xa1QI\x05W\xcd1\
\xed+L\xe6\xc5\xcc=\x93\xbdd\xb6\xcc\xa7\x0fU\xb1\
\xb4\xa8\xcdf\x8b\xe9z\x9d\xdf\xe43\xfb\xa3X\xdd/\
\x1en\xf3\xd5\xaf\xf6\xa2U\x95\x95\xbf\x96\xd3\xb5\xfb\xaa\
\xb2\xe5\xfd\xaf\x7f\xfb\xdf_HK\xca\xed}\xb3\xe7\xfb\
\xa2\xac\xe2\xe7\xf9\xbd%\xa8TDx\xbb_v\xdd\x9f\
m\xff\xe5<\xbbY\xbb\xe3\x9a7t\xbf\xec+\xb2Q\
4\xae{\xb7\x0f\xec\x9ev\xfe\x98gO\xbbc\xaf\xa7\
\xeb\x86\x8aQt?\xbd\xb5#nQ\x94W\xa3\x1fo\
\xea\xcf\xa6\xe3\xba(\xe7Y\xd9v\xc9\xfas\xd0UX\
T\xf2\xea\xa5\xe1\xb1\xcd\xb5\xdb'vW\xdd\xf6'\xfe\
\xfe\xf5\xddt^<]\x8d\xd8q\xe7\xd7\xa2X^\x8d\
\x141T')U\xc7\xdd\xb3\xe7\xabQ\xcc)Q\x86\
k\xadOz\xdd\x03\x19\xa2\xb9\x90\x1b\xe4\xf6;\x1f\xca\
\xd2ra\xbc\x98\xbed\xf6\xad\xea/\xbe9h}W\
<\xdd\x96\x8e:U\xf9\x90\x1d\x9f\xe9z\xe2\xeb\xeb\xe2\
\xd9\xdfm\x07\xc5\x83\xe3\xef\xf8a\x95W\x96\x87\xee\x9f\
\xf7\xaf\xfa\x90\xcf\xb3\xf5+\xd7u}\xdf\xb8\xf0S\xbe\
\xb2D\x8a7\xa3\x9d\xf2-\x06\xc7G\xb4C_%\xfa\
\x95#\xec\x1d\x92W\xba^^\xefZN\x9f\xf3e\xfe\
5\xb3t\xa1\xf5\xb0\xb3C\xeb\x80*\xcdiQT\xbd\
86~~qm\xa3\xb6\xd1\x91\xd35\x08\x9e\xcam\
cQ\xe6\x96;\xf6\x1e\xa7mz\xd9orLoe\
\xf6s=\xbe\xea\xd1\xa7\x8e\xfb^\xf6\xfb6\xc3~|\
:\xee\xeb\xf6eVM\xe7\xd3j\xbac\x82\xb6\xc52\
\x8dh\xdf\xcc\xca\xcf\xc9\xdf~\xfe\xd3\xe7\xcd\x8d.g\
\xb3\xc9\xbf\x8a\xf2K{\xdf(r\x07L\xaf\x8b\x07K\
\xe9\xd1\xe7m\xf3\xe5|6\xb1\x12\xcfJ\x82\xcf\xf9\xd2\
\x0em',\xff\xdbJ\xb8\xcb\xf1\xae\xe3\xe0`G\xac\
\xddE\x9b\xcb\x96Y#:\xbd\xf3\xc7|\xb6\xcc\xddI\
\xe3\xbfW\xf9b\xf1\x8b\xbb\xc9\xe6\x8d\xf7.\x9aW\x8b\
l\xd7x9\xde<\xfd\xe6\xdd\xc6{/w9n\xdf\
\xbe\xfeu\xbb\xa3J\xcd\x13'\x8c\xb3\x98^g\x8b\xab\
\xd1_\x5cgDO\x99\xa3x\xb8_\x16\xf3lsz\
\x8b\xc5\xed\xffw\xdc\xd1m\xf9k\xb7\xb5\xb3\xe2bQ\
lA\xcaf\xd5v$T/\x0b{\xb9ZLM~\
L\xea\xcf\xa7y\xbe\xbe\xb7\x17\xb4\xb3\xcb\x22_e\x9f\
\x0a+\xd6o\x16\xc5\xd3\xe41_\xe7\xd7\x8b\xecS\xfd\
\x9d/,A\xb7M\x1ba5\xb1\x82_\x9b\xfa\xf3\xe9\
\xc6\x12z\xb2\x91\x89\xf5\x8f\xb8=\x886?\xcb\x87E\
6Y\x15\xab\xafV\x16~ZWe\xf1%s\xc7k\
a\x1f\xa1\xf9\xd9\xf0\xedD\x10jh*\xa5\xa6m\xbb\
{.\xfb\x86\x93\xeb\x87\xaa\xdao\xfbw\x91\xaf&\x16\
\xe9\xacl[\xeb\x1f\x0b\xcb\x82\xd5$m\xdb\xe6S+\
;\xcb\xd2\xbe\xa1\xbd{\xb6\xdfZ\xdc\xdc\xac\xb3j\xc2\
\xac\xfcc:\xa1B\xb7\x9d\xbbG_N\xcb/Y\xd9\
\x9c\x99\xad\xa6\xf6\xe5\xe3\xeb\xe9\xec\x8b\xc3f5\x9fL\
gV\x90=,\xac\x1at\xc0\xc3\x8e\xe4\x9c\xab\x1dw\
n\x04\x924\xc4\xcd\xb3|\xc7\xdc\xad\x1c\x12\x9a\xd4\x8c\
\xa9\xb7=Nl3I\x0ef\x92(\xb2<\x1cSN\
\xf4>\x13[\x8c\xef\xa7\xd5\xdd\x11\xc65\x1e{/\xbc\
\x85\xfb\x80\xd6\xac\x99\xf9y\x9a\xf6I\xeb-9\xb7\xef\
a\x89\xf4\xd7h+\x8d.\xe2\xed\x9f\xd1?#\xce\x9b\
\x1f\xea\x80\xa6\xee\x15\x991;R\xec\xa6\xa9be\x1f\
\xb9*\xca\xd8NX\x8f\xd3\xea\xa1\xcc\x0e$\xe3V\xc2\
YVrB\xc1\xce-\xb3\xd9G\xa7\x1d\x17\x84]l\
)\x15\xfd9:\x15\xfb{T\xd3\xbf\x1f\xaaQbA\
L\x98\xd0\xf7\xcf\xef'\x9b\x97\x18\xcb\xa8E\x82_0\
ET\xfdW4\xdb\xb6\xa6\x17\xc9k\x7f\x9f\xd0\x8a+\
\xc5\xe2\xe4\xcd\xd4\xead\x10Q%R*D\x87\xf4\x90\
$\xbdh\x95zG\x89\xe4\x22N\x09\xab\x87\xc7k\x7f\
\x9fRB\xa7\x1f\x9e\x0e\x94nFC'\xd4\x88\xf5G\
\xa7\x07c\x1d\x0d\x8c\xd8|xR\xa8N\x87\xc6\x87g\
\x95\xedT\xd2\x0d=\xf8\x87\x17\x1d\xaaSz\xc8\xee\xe8\
Q\xeb\xd8[\x1a\x0c2\xc9Z1\x124\xbf\xc6\xec{\
\x22\xc7v\xa8\x84\xd1\x84\x02\xb2L\xcf\x04\xa1](a\
\xa02\xa4_\x82\xc8P~I\xbf\x9f\xb1\xb15\xf4\x82\
\x08\xf2\x1b\xf4\x8f>\xfc \xad\x04\xaa\xcf\x7f\xb3\xd3\xc3\
G\xf5\x04\xc8\xd7\x91t\xe9\xe2\xd0\x09;vqP\xc2\
N\x9c\x1b\x0914eZ(\xb6\xef\xdd\xa0\x9c\xa4'\
\xce\x8dVt\x08\xc4\xad_\xdc\xf6D\xca\xfb\x91\x13\xad\
\x03\x0a\x91\x1b\x009\x13\x80\x5cJ\xe4)r\x82p\x93\
\xa4J\x22r}\xf3\xdc\x9e\x0b\xe1\xfd\xd8m\xd4L\x8d\
\xd8\x0d\x81\x1d\xeb\x98\xeb\x0c\xa9q\xe3\x0c\x91\xeb\x9d\xeb\
d\xc7\x5c\x87\xd8\x81\xcdu{V`Gz\x0a'B\
R\x93\xa0\x9e\x020\xdb\x05\xe9*\xfa\xd8\xa3\x86\xe8A\
\xcew]3\x9e&\x89\xb2\xd0Q\x83\xd0\xf5\xcex]\
\xb3\x1db\x077\xe1\x05(\x9a,\xf1\xe4\x8b\xa0a\x0e\
:\xe1\xd1\xaeg<\x84\x0f\x08>\xd9\xb5/\x13u\x15\
0\xc6\xe3]\x0bM\xc4\x0el\xc2\x0b\x91\x98\xa6\xe1;\
\xf4\xac\x0c6\xe1\x05HMF=f\x02(z\xeel\
}\xb6\x9c\xe7\x11\x9a\xc79\xa4-\x80\xa7=\x0d~M\
\x9c\xf6@r&D\x1ee'#~}\xcdz\xc1\x08\
r\x8f\xfcD\x04\xe1\xe6>\x19\x0a #\x87\xdc\x97\x12\
S\xf3$b\x070\xf7\x89P\xf4R\x22\x1a\xb4\x10\xc2\
!\x5c\x9c1\xef\x98\xfd\xf4\x06O\x8d\xd8\xf5\x1f\xd4\xf3\
\x19\x0e\xe1\xec\x87\x10\x02\xc6\xf6\xc2%\xa8W\x81a\x04\
\xd1\x03qv\xfa\x02\x0d\xef\xc3O\x10\x89\xd0\x81\x87\xf6\
\xc2q\xf3\xf1\x9d$iM&\x8a\x08\xf6\x1f\xe1\x0b7\
\x1d\x8eX\x0f\xd1\x03\x8c\xf1\x85\xa3\xb7Y\xbf\x86\xbe\x97\
\x01C}\xe1\x1a\xe8\xf1\xf4\x87\x00B\x05\xfb\xe2~\xbc\
\x9f\xa8\xbf\x808>c\xd5\x8b\xfcD\xf4@\x02~\xe1\
\xea\xa7oc\x14\xb4\xdcA\xe3~\xe1\xb6\xbb&\xaa\xde\
;\x08A\x1c\x02\xc4\xd0\xf9o\xa7\xab\xecKPC\x18\
\x1a\x11@\x93`\x1a\x8a\xa0\x9b\xee\x10\xbcA\xe6\xc0P\
\xfd\xa5M\x0b<\xd0_v^\x19\x04\x10`\x06\x0c\x9d\
\x00w\x1b\xb9!\x86\x83\x84\xffX\x1fL\xb8[1\x86\
\x00\xf6\x1f\x03T}\xf0 B\x08\x19\x03\x94\x1d\xab1\
;\xc7\x0c\xa2\x07\x11\x03LB\xf1\xdb&\xbc \x88\xc3\
D\x03\x93\xae\x0d\x09La\x02\x0c\x04\xf6\xc2\x7f\x08!\
d40X\x8b\xf1\xee\x0d\x82\xe6<l4\x90\xf5\xc2\
\x88\x88\x22\x5cH0\xe9\xc3'\x8a\xaa\x0cd`P\xf4\
!J\x11B\xd0\xe8`0\x86\x12\xad\xf9\xe1\xe2\x82\xc1\
BTo\xf6\xffD\x10\x07Z\x94\x14\x9c\xd7\xe4\x87P\
\x22v\x10\x8b\x92\x82\xf5P\x96\xf8\xf6\xa1@\xf4@\x16\
D\x04\xe7\xc6\xec\x0c\x86\xc3\xfd\x0c4F\x95\x00\xd7E\
\x843\xa17\xbd\x10a\x843\x06\xc39\xd1\xeb\x95A\
\x08!\xd3D\xc3\x13E\xbd+\xcc\x10D@m\x94w\
k\x0eb\x92/\x98\x22*z\xb1#\x10@85\xa6\
\x1fm\x14\x97\xb9\x00\xaa1I\x1fy\xda\xa2\xd1Na\
\xb6%D5&V\xe2;\xd8\xac\xe9}\xb5\x81\xbf\xb3\
\xcd\xb6|\xb5\x1fR\xe1\xfe\x09\x0f\x82<\xe1\xca\xfew\
\xe4\x961\xeepyT\x00BIfd\x8a\x08\x02l\
\xb7\xe5\xcbU{\x1f\x86\xd6pp\xc7#\x86\x83Y\x13\
i(\x84G{\xfe8\xb6T\xf6c\x10=\x10\xa3\xc2\
\x84\xe2gU\x97\xc4$\x86!\x88\x03m\xba\xe5\x8b\xd1\
\x07\xb1 \xe5\x84\x0a\xfbA5\x06d\xdb-_x0\
\x9c\x05\x11D\xe08\x13\xefE\x97\xd1\xc4\x1d(Q\x90\
Byh\x82\x99QZ\xed\x93K\xae\x11\xc6\xa16\xe3\
\x8a\xfba\xc5\x84\x88T\xd3T#\x86\x10\xdbq\x85\xdb\
\xf7^FD\x10\x81\xb7t\xeaI\xa0\xa2\x8d\x0f\xe8\xf2\
\x16\xbd\xb8\xdapN\x84\x5c\xd5\x14<)RF\x18\xd5\
\xf6\xdf\xd1r\x0a\xa9\xd2D1\x04\x11\x22\x8f\xd4\x17|\
z\x1f\x88\x92\x08\x8b!:k\x86\x0c\xe3\xfb\x92h\xde\
\x87\xa2!\xa9\xb5\xf7)\xa28\xa0\xbd\x1f.P5\xb1\
\xd3\x1f\x978+\x0e\x9bY\x1a\x1e\x85\xf2\xaa783\
B\xe6\x96\x06\x9b\x19\xd6\xa2\xa0L1E\x91\x1b\x07L\
\xcb\x08\x0fGy]7\xc8\x8b\x90\xf9\xa5\xc1 Rn\
\xf1\xb2\xcc8\xe4\xbaCTSE/\xd6\x06\xc2\x08\xab\
\xa7\xb2\xe0\x0c\x0d\xff\xcc\x98\xda\x8b\x18&)\xc2\x08\x95\
:\x1c\xec\x11\xf7\x1b\x1c\x08$p\xe6ix\xca\xd4\xef\
 s\xf1\xac\x0b\xbd\xc6Zb\xc1\x9f\x0f\x9f|\xca\xb0\
\xe2\xcfGNz\xd3}\x94+L7K\xf5\x0db\x08\
\x92\xfa&\xfa\xa8\x5c\x81 \xc2\x9a\x18\xbacA\x8aE\
+\xa0m\x0b\xddG\xf9\x1f\x84\x114\xe9\xad\xeb\xe2i\
l\xb3V\x18\x0d\x0a\x98|\xb7^J\x18\x22\x88\xa0U\
(\xc3\xab\xe0\x19\xcf\xfe\xf9hX\x80'-&}0\
#\xe2\x08\x19\x12\xeee\xa7\x1a\xd4i`\xbd\xa5\xb2\x0f\
y\x8a \x82n?\x1b\xce\x89\xbe\x1d3\xd0\xc8\x07.\
O\x19\xec/\xe5I\xb3\x1f;C\x18\x87\x8d#\xa6}\
\xec}\x82\xca\x0d\xe8&D\xc13\xa3\x97\x1bwG\x22\
\x88@\xc1`\x81\x91\xc4\x0f\x1e\x0c\x16\x1d;\xdep;\
7\xd00\xb0\xe9\xc3\xd4G\x0cAc\xc1\xa6\x8f0\x22\
\x9a\x89\xb0\xb1`\xd3\x87\x99\x88 \xc2\xc6\x82\xd3^\xa4\
)nQ\x0bg\x1f\x8a>\x5cn\x88 X\x188\xc5\
\xd0\xc5w\xb0\xf9\x89\xc4@\xe2\xc7\x8f\x06\x07\xfbh\x18\
\xda\x14\x83\x86\x81u/s!\xe2\x08\xe8)\xed:\xcb\
\x1b5\x190\xefh\xd2\xad\xf8D\xe0\xa0\x02\xbe\xbd\xc4\
&\xd0\x92\x07\x0f\xf8\x06\xe3\xc87\xad\x88\xe3\xb0\x11\xdf\
^\x96\xab\xa1\x1e\x03\x1b\xf1\xa5}p#\x16\x9e\x01\x8f\
\xf8\x1a\x8c\x17~\xdc`o(x\x86\xc8\x9a\x22\xe9\xd1\
\xfe4\x0c\xcc/ssS\x9f\x7f\xc6\x11\xdf\xe02z\
\xd4\x17\xa3\x80\xc4\xf0\xec#\xbe\xc15,\xb72s\xb8\
\xadi\xce>\xe0\x1b\xea]\xab-z\xc4o\xb8u\xbf\
\xbc\x0fA\xba\xcb.E\x14a\xec\xc3P?\xdb\xae|\
3\xc28T\xd87\xedE\xa7I\x1b?\x1cG\x0cA\
\xa2\xbe\xa2\x0fFD\x10a\x83\xbe\xac\xdb\xf2\xeahV\
\x80\x17,I{aC\x04\x12\xd0[\xaa\xfbp\xd3\xa0\
J\x03\xeb+\xedV\x92\x22z\xb0A\xe0\xd0p\xc5N\
oA\x13\x7f\xc0 p\xa8\xc3{\x87\x18\xc28h\x0c\
8\x14\xc8]\xdc\xfe\xb0\xeaL\xb3~\x1b\x81\x04\x89\x01\
\xf7\xc3\x8d[}\x15A\x04\x8a\x01\xab\xef\xc0sz\xce\
[\xebs7;~\xf8\xed\xd81\x14\xdcA\x99Y\xef\
f\xec\xb8\xa9>`\xc1\x99\xd4g)\x06\x17\xd4\xc3\xa2\
A\xb0\xf5fLx\xed'FRDp\xb0E\xf8\xe1\
\xe5\x82|\x5cH\x89\x16T\x0b\x8e\x18\x82\xe4d\xd0\xee\
\xb9\x10\x11\x84-L\xca\x83\xa7C\xbfN\x83\x85\xbb\x80\
}6\xb4\xa7j\x88\x08$df\x06\xef\xa7\xbe\xac!\
,\xb5\x1f\x81(\x02\xad\xc8\x0f\x87\xd1\xc7\x8c\x08#|\
|?\xb8V\xb0_\xac\xa2\xcd\x0f\xe8\x0a\x0f\xaf\xa2\xe7\
w\xbfA\xce\x8dg\xed~3\xb5\xb9\x91\xf8<\xe1\x1d\
\xd4\x0aF\xcb\x1f\xb6Vp\xac\xc2\xab\x93\xfa\x8a\x05#\
\x8e\xb0\xb6c\x17\xc5\xbb\xbd\xe5\x82\xd1\xe6\x006\x1e\x99\
?\x9f\xb8\x83)R\x13w \xd4\x8e\xedg\xae\xe78\
/@p\xa0\x91\x11F\xadhE\x8e\x1c2\xe8\xefx\
\xb2\x17\xbf\x1c\xf2#\xac\xae#\xac\xd6\xaa{\xd1Za\
Kx\x9f\xbd\xb6S\xb3f/\xb2\x95\x13*\xecG!\
\x90`\xe9\x8d\xba'\xc5\x15\xa1\x84\xce\x8dK\xc3\x03\xc9\
\x98Y5(\x92\x1e\xa1\xcaN\x90\xb3\xba\x0cM\x99\x16\
\x8a\x1de\xfdK\xdf\xee\xd12U\x92\x1a\x84\xae\x7fy\
\xaa\x02\xc0\xf3f\x17#x`Y82\x00;\xe1\xdf\
\xaaVS\x93\x08\x84\x0e \xf9\xc6\x04\x80\xa7\xdbe\x18\
\x08\xde0\xeb\xbe\xf5o\x07\x8fQ\x7f\xc1\x04\x94\x9a\x90\
q\xe1\x90i\xcf\xf8v\xc7D\x00\x01\x97\x9b\x06L|\
,\xf1\xd4~B\xd9\x09\xba\xcc4\x0d\x80\x8f\xfbtN\
\x84\x0fH\xe5T]\x9bz\x8a\x18\x9d\x98\x14\xc5&\x00\
\xe7\xc9\xaeM=\x04\x0fl\xceS\xaac[\xcf\xaa\xa1\
\x92;\xf4\x10<\x809\x8ful\xec!zp^\x16\
\xdd\xb5\x97E\x12*\x18\xc7\x9cC\x08/K\xda\xb5\x97\
\x05\xc1\x83\x8b\xd9J\xd3\xb5\xc6b\x88\x15\x9a\x82aP\
\x08&R\xdb\xb9\x97\x05\xf1\x83[\xcb\xc4\xbaf\xbe\x94\
p+9\x11;\x88\x15L\xa6k\xceC\xf0\xe0\xa2\x0b\
\xb4\xeb\xe8\x02\x1a\xea\xb0\xd1\x05\xd95\xf7!\x80`I\
\xd8\x9d\xbb8Qg\x01L)\xeb<0\x8b\xe8\x01\xc6\
\xf5X\xd7q=\xb4\xd6!\xe3z\x09\xef:\xb0\x87\xf8\
A\xe5p\xc6]\x07\x18\xa8&\xda\x0aN\x8e:\x0bD\
\x16\xa7o\xf1_\x98\xa3\x13\xe1\x83\xcb\xe3\x8cM\xf7\xa1\
\xd9\xba\x11\xe3C \xa9\x9c}\x18|\x88\x1f\x5c6g\
\xc8\xe4\xe7W\x5cPz\x02\xe7svo; \x84\x90\
\x19\x9d1\xef\xde\xe9\x89\x22\x142\xa93H\x88\xa6>\
\x15\x14\x12A,\x1b\xe2Wc\xc2J\xf4b1B\xd8\
\x8a\x92I\xc7\x00\xee\xaa\xc0 \x80\x10\xd5$\xd3^\xaa\
h9P\x11?\xa0\xfd&y\xd72\x14\xd1\x83\xda\x8d\
@\xf7\xc2}8\x07\xc2\x16\x22\xe4\xbd\xd4sM\xda\xd0\
.\xa2\x08S\x890\xe9\xb6\xb02\xe2\x07Z\xb9\xae\xdb\
b\xae\xaaq\x91J\xdc\x96\x07\xac,\x88\x0a\xdf)K\
$&1G;\x9e1\xad5n]\x07\xb5\x87=\x0d\
\xdf\xb7\xceH.\xb98^\xea\xaei\xaa\x19\x8aR\x88\
\x9au,\xbc\x0a(\x1a\xf5\x83JS\x11^\x1c\xdb\xa7\
\x92J\x92\xd6\xb4\xa2\x08#\xc8\xfe\x91:\x5c\xa996\
\xedQ)\x05vp\xebp\xb3\xc2k\xe3#\x90\x905\
\x96h\xf0\x94\xb8+d\xbe\x87\xa2h\xea)s\x81(\
\x82\xe8\xa72\x9c\x19\x0da\xcd\x14\x880\x0e\x16\xb3\xe0\
\xe1~S_\x0a\x1bj\xa9\xe0\xa1\x8b$\x5cQ\xf5\xcd\
\x8e\x88$l\x18C\x86+\xaa\xca\xbf\xcb\x16*9\x80\
\x81\x0c\x15\x1eJ\x94h/\x0e\x19\xc2`\xe1\x0a\x8e&\
\xf4D\x9e\x22\x90\xb0\xb1\x0c\x19nn\x1c\x15\xc9\xe6\x04\
\x9d\xa7\xbd\x0b\xd1\xba\xe6\x07&c|P\xb7w\x07\xc9\
\x88\x98\x0b5\xd8\x8a&\xcb{&\xdc,\xc4D\x8c\xe1\
\x83\x17\x1d\xf0!&b\x0c\x18\xb5H\xfb\xb1\xe91\xab\
\x0d:t!\xc2\x19\xf1\x95]\xb9\x10H\xc0\xd0E\x1a\
n\xd5\xa3\x8f\xedw\x90[#\xfbaGP\x1c\xcf~\
\xe1\xaf\x8bA\xe9>bPhf@\xc6-\xbc\xeb\xb7\
;\x98\x1a\x11D\x18\x17\x1b\xeb\xdeO\x03\xa9\xd5\x9c\xfd\
\xa6k\xca9I{\x11\xa3\xa8\x9c\x82\x86\x9cd?\x01\
\x0b\xb4\xf9\xc1#O2xJ\xf4\xa6H!\x92\xb0\xa1\
'\x1a\xac\x9eza\x04^Os\xf6\x19\x19J8s\
\x03cQ\x1f\x0f?\x1e\xec>\xddY\xf4\xfb\xf5{x\
\xbb\xe9\x17\x02\xd8;\x03\xa6\xe1ZM\xe2\xd9\xd8\x191\
\x04,\x7f\x16\xec55D\xd6$9\xc8\xc3`\x8a(\
\xc7\x9b\xb8\xc3\x10\x88b*|\xbb\x94\xbe\x8f\x11i\x0b\
\x18\xa28TQ\xa6p\x8f\xa9W\x9a\x0a\x22\x11?\x90\
Xb\x12\xbe\xcd\xd0\x91*\x8a\xe0\x01\x05,T\xb8\x15\
\xe1\x8b\x1e\xa2*\x03\x1c\xb3`\x9do\xb5\x87\x10\x02z\
f\x92\xe09\xd0o\x15\xa2\x18\x85\xf1\xc8\x88~\x96\x01\
\xc3\xe1w\xc6{\x9b\x98z\xafY\x19\xb8\xb3\x89\xd7-\
j\xf1c\xa9\xfd \x88\x10\xd3\xa0\xf0\xe7\x96\xbe\x0fF\
N\xa8\x12Jh\x84q\xa8\x5c\xa8\xc4\xd9\x84\xa1\xfb\x0c\
%$\xd1\xa9N\x8f\xfdk&M\x14\xc7\xed\xa2 D\
*\xf5\xc7\xf0\xdf\x07cJR\x8b\xa2\xe6\xc8\x8d\xc3\x09\
Ug$\x06o\xde\xa6\x08\xb7RU\xe1\xec8h\xca\
7\xf3\x97Ex\x1f\x94\x9ah\xca(c(Z\x07\x8c\
\xff\xc6\xde\xd5P\xefSu(Q\xcc!9 \x90\xe7\
\xbd\x9c\xd4\x04\xaf\x03\xde\xe5]\xa0\xe7f\xa8\x85\xa5\xe1\
\xbb\xf1\xf9Q\xc4 \x14\xecn|<\xd8\x87\xe3\x0f\x09\
\xa3\x0f\x0eN\xc1\xe9 m\xd8\x1b\x10F\x0c\xa1\xd6\xcf\
\xb0~\xf66\xc59\x11|\x11M\x17+\x13\xbd\xcc\x88\
P\x02\xa6\x0c\xeb\x9e\xb4\x1b\x94\xa8P\xb6\x22\x0b\xcf\xce\
\xf0JTD\x100\xdb[\x05+6\x03+\xa7g\x1f\
`d\xbe\x5c\xc5\x0e\x9c\xa8\xe8y\x03\x0e1\x9a\x9eb\
\xc5\x08$ptJ\xf9\x0c\xfe\xf7q$%\x82\x1bn\
\xd0\x17>p|J\x87G\xa8\xbc\xa1FH(\xcf|\
\xf3\x0c\x15Tq\xdd\xaa\xa8^\xb7\x8dIR%\x11=\
\x00Fd!\x05\xd7\xa9\xf4\xac\xf2F\xf8 Wa\x98\
\x90r\xeb\xfe\xec\xc5\x94$JR\x8d\xd2\x13\xc6\xfd\xed\
\xb5\x11\xdf\x8c\xa0j\xaa\x5c\xa4\x88\xe00\xae6\xaf6\
\xfaf\xf4X\x93\xfe\x8d\xe8\x0d\xe6\xa6\xd1>\xfb\xfe\xcd\
\xf8\x19\x9f\xfar\x8a\xdf\xed\xfe\xedo9\x17\xbb1S\
\x95\xd3\xd5\xfa\xa6(\x97W\xa3\xe5\xb4*\xf3\xe7?$\
Dh%.\x12\xf7\x8f\xa84U\x86Ju!\x0c\xd1\
\x8c*-/4\xb1O!\x84\x11?\x8d>o\xaer\
0@\xfc\xd7TB\x1b\xa3%\xb3\xd7\x94\x82&\x861\
~\x11\xdbf\xa5\xacVM\xa9kf\x862\xc9\xb4\xbb\
\xefO\xa3\xdd\xd5\xca\x97\xda5e\x07\xaa\xe4f\xbf\xdd\
\x99\xc4V\xfb\x96\x92*\xba\xd7\xee\xf65\xd7$M\x98\
\xd93\xb0jr\xc5N5\x10T\xed9\xb3v\x14\xd6\
D\x0b\x93\x08\xbd\xdf\xd7\x02\x92\x12\xa9\xed\xab\x8b\xbd\xae\
\x16H{\x17W\xce\x8b\xefum8\xa4\x19\xe0\x99\x99\
^S\xf9\xfa\x00\xcf\x1e\xb3U1\x9fo\x078\xd5s\
i-3\xff\x00\x7f\xfb\xb0\xdd\xdej;\x08\xde\x84\x92\
a)\x15\xd2(\x0b\x07\xd7,\xa1\xcc\x88\x1a%\x87\x17\
\xd5\xda\x0d\x88$5Z\xf0\xd4\x8f\x92\xd2B0\xad\x8f\
P\xa2\xf6\xba\x89m7\x87(\x19\x22\xedP\xa4\x22=\
B)\x15\xf6.\x89\x1d\xed\x1e\x94\xa8 \x89\x1d\x8e\x82\
{P\xb2V\xb5}^M_GI}@\x98\x1ca\
-KZs\xd2\x0e\xf3\xe3\xf1o\x07&5Rpv\
H\xd9\xd3\xdd\x8f\x1a\xcaJ\xb1q\xf1z(\x9bn\x9c\
K\xe6\x94\xb2\xbb\x9c\x92\xd7)\x1b\xeb\xf3 m|\xea\
\x10\xef\x9d\xb6\x1f\x93\xb2\x9c\xe8$\xb5bS\x1c\x11\x96\
\x13!\xb8PF\xbe\x95\xb0\xba\xa6\x9e\xf2\xd0\xf5\x00\x9c\
\x96\xa0\xf4X#=&\xe8G \xe7\xfd\xb4\xba\xdb{\
\xccb\x9e\xdf\xdb\xff\xedy\xf3\xacz\xb9\xcf\xd6V\x01\
{\xe5\xb3\xff\xda\xab/k\xab\x0fe\x93Y\xb1\xb2\x9a\
QU\x94\xf1\xec\xa1|\x9cV\x0f\xa5}\xe9\xe4\x15\x02\
\xed5\xdb\xd6edm<\xc2\xeb\xb8\xd0EL\xed\x04\
\x10=F\x94\xd0\x88\xb3\xfa\xebn\xff\xc7?#Wa\
$\xfaK\x14sA\xd8E\xeb\xb0V\x91\x93\xe9M,\
\xf0\xa2]q\xc8\xedub\xb9wt\xbc\x8d\xf8\xd6\x0d\
tsK;,\xdc\x91\xcd\xbd\xea\xaf\xd8\xde\xedk\xb4\
\x8c\x98\xbb\x05a\xb6\x99Y\xe5\xc4]'\xd5\x17\xdb \
\x96}\x18w\xea\x22r\xcb\xfc\xeb\x1b^\xb8\xbc\x00w\
\x91\xfa\xf0\xaf\xa7\xc3\xe0P\xa7\xbd)VU\x5c\xf7X\
\xb2\x97\xcb\xe9\xa2iy\x9c\x96\xf9tU\x1d\xb4=\xd5\
\xe3\xf1\xa0\xc9\x82\x9bU\xb3\xbb\xc3\xb6\xfck6Yf\
\xf3\xfca\xf9\xc9\xe9\xa5\xf1\xdd\xe9y7\xd3e\xbex\
\x99\xfc\xdd\xce\xcd\x9f\xe2\x16\xc0\xb89\xfd>\x9b\xe57\
\xf9lZ\xe5\xc5\xaa9\xa2\xca\x9e+{\xd4<[9\
\xf5\xb4\xfe5]\xe4\xb7\xab\xc9\xba\x9a\x96U\xd30\xcf\
fE\xd9\x9cS\x0f\xbb\xa3\xc6ZCnz\x16Ye\
\x07\xad\xbd\x8f\x1d\x90\xab\xdb\xf6\xb1\x9e\x8ar~\xdcV\
_c\xab@4g?\x95ye\x0f\x89\x97v\x8cN\
\x16e\x5c][\xb3\xc0\x0d*w\xe7EU~\xba\x9e\
\xae\xb3\xfa\xb5\xd7w\xf9M5i\x7fn\x1e{5\xbb\
\xb3\xc4o\x9e\xfb7\x9b\x13\x1b\x96|+\x0b\xef\xb3a\
\xc3\xbf\xcc\xad\xe3\xb2z\x8f\xe6o\xd7\xed_e\xdb\xf7\
\xf1\x9f;\x97\x9b\x03\xf1\xd7\xf0_j\x9a1\xad.v\
\x1c2\x8b,\xeb\x5c\xb4\x15\x98\xf8\xb7~\xbd&\xee\xb4\
7B\xde\x0a\xb7\x1b\x8f\xa1E\x89N\x95`\x89\xe6\xf7\
\xcf\xef\xb7\xb9\xde \xe7~\x13\xc1\xe4)\xc1\xd8fc\
\x8f\x03\x82\xc5\x874\xfa\xe6\xcf\xd7h\x96$\x92\xd3\x9b\
\xf7\xd0\x8cm4\xb14\xfd=\xd1,\x8d\xd97\x86Y\
\xcc\xadT\xdd\x8e\xb0\xe3\xef\xef~<\xc5\xf4\x1b#j\
C\x9bv\xb8\x9c\xfeq\x06C\xc7C n6\xd9u\
VG\xd8d\xdf\xf1\xed\x10\xe2\xc6}\xd4\xb7~\x9d\xc1\
\xa0\xf2Q\x8doYn\x9fj\xf1!\xa1\xbe\xf9\xf3\x1c\
\x86\x9b:!\x9c\xa2\xbb\xe1\xc6\xac2w\xce\xc2*\xf6\
h\xecb7\xae\x1a\xf2\x9c\xb7\xbc:\xa5\x90J\xec\xdb\
\xbb\xbd\xbe\xcf{\xe8\x9c*\x9brK\x96\xf3\x1e2\xec\
\x1bS\xdc\xd6\xbdv\xde\x83G~c>\xdb'\xd1G\
\x1cH\x97\xe3[\xf7G\xfdu9^?\xda\xaf\xff\x00\
\x0e\xa2z\x19\
\x00\x00\x08f\
\x00\
\x00@\xa3x\xda\xed[Y\x8f\xab\xc8\x15~\xef_A\
|\x15iFi\x8a\xdaX\xdb\xf6<\xe4j4#%\
/\xc9$y\x1ca(\xbbIc\xca\x02\xbc\xdd_\x93\
\xdf\x92_\x96Se\xc0`\xe3i{\xda\xd7i_5\
R\xcbp\xce\xa9\xe5|ge\xe9\xe1\x0f\x9byj\xac\
D^$2\x1b\x0d\x08\xc2\x03Cd\x91\x8c\x93l6\
\x1a\xfc\xe3\x97\x1fMo`\x14e\x98\xc5a*31\
\x1adr\xf0\xc3\xf8a\xf8\x07\xd34\xfe\x9c\x8b\xb0\x14\
\xb1\xb1N\xcag\xe3\xe7\xec\xa5\x88\xc2\x850\xbe{.\
\xcbE`Y\xeb\xf5\x1a%\x15\x11\xc9|f}o\x98\
\xe6\xf8\xe1aX\xacf\x0f\x86a\xc0\xbaY\x11\xc4\xd1\
hP\x0dX,\xf3T\x0b\xc6\x91%R1\x17YY\
X\x04\x11k\xb0\x17\x8f\xf6\xe2\x91Z=Y\x89H\xce\
\xe72+\xf4\xc8\xac\xf8\xd4\x12\xce\xe3i#\xadv\xb3\
fZ\x88\xf8\xbeoajQj\x82\x84Yl\xb32\
\xdc\x98\xdd\xa1\xb0\xc7\xbe\xa1\x14cl\x01o/y\x9e\
TP\x00\xa0\x0b\xf8k\xc4k\x02*\xe42\x8f\xc4\x14\
\xc6\x09\x94\x89\xd2\xfa\xfc\xcb\xe7\x86ib\x14\x97qk\
\x9a\x1a\xcf\xce\xaa\x1d\x90\xb3p.\x8aE\x18\x89\xc2\xaa\
\xe9z\xfc:\x89\xcb\xe7\xd1\x80qD\x18\x1c\xb6&>\
\x8bd\xf6\x5c\x1eR\x93x4\x80\xddS\xdf\xdb]\xb7\
\x9c\x83\xec\x04\xaa\x89\x83\x86\x83\x91O\x111rb3\
w'S\xab\x10\xc42R{\x82)\xc5<\x09\x97\xa5\
\x9c\x83\xd5\xa2(\x0d\x8b\x22\x99&\x11\x5c\xc8l\x91.\
gI\xf6k\x18E\xcb<\x8c\xb6\xbf\x96R\xa6\xa8\x06\
\xb0YMl\x162/\xcdM\xbc\x00\x18\x1d\xb7\x97\xb9\
\xad\x99c\xe0\x0ec1-\x94\xd4N'u\x05J\xb9\
\x03\xc3\xd2\xdcf\x8bj\x7f\xf1*\x11\xeb\xbd\xec$,\
v\xb8\x19\xc6\x22\x9c\x81\x8f\xa52\x1f\x0d>M\xf5Q\
1&2\x8fE^\xb3\x1c}tX\x12\xec\x90\x94\xdb\
]TUs\xd7\xfbU\xb36|\xdc\xcf/\x9e\xc3X\
\xaeG\x03z\xc8\xfc\x22\xe5|4\xb0\x91\xed{>&\
\x87\xdch3\x1a\x98\x8c!\xeeq\x97zG\x5cX\x8f\
\x12\xe4:\x8c\x91\xa3\x89\x01\xff\x1c\xc2\xceL\xc3\xad\x00\
\xa5\xf4O=\x7f\xf1,\xd7\xb3\x5c\x81S\xe6Kq8\
Rq\xcc\xc9Dn\xfa\xd9\xe0\x05K\x15\xd0\xe62K\
J\x08\x9a\xc5\xa6=\xeb2\x89E\xd1?\xb0\xc8\xc2\x85\
9K\xe5$L\xfb\x05\xd6I\x06 \x99\x95\x7f\x13\xd6\
\xd8\xe0P\xa2vv\x17{'$`\xef\xf8\x04k{\
\x9a5\x0f7\xc9<\xf9\x22\x00\x18\xa2\xdd\x0e\x5c\xab\x03\
\xcbn\x98a\x94[\x15\xb8\x9b\xad\xa2\x0dj\xa2\xc2S\
\x11\xa8\xef\xbb\x0dQ\xe6\x09\xc4Ck;5i\xdb&\
\xa90\x87,\xbd\xd1\xfe\xa5\xbd\xcf=\xe4m\xdb\xbc\xca\
\xed\xadc\xbf\xd7\xf4\xb9(\xc38,\xc3}\x10\xd4\x14\
\xd8\x1b\xae5\x83\x8c\x19\xfc\xed\xf3\x8f\xe3j\xa1a\x14\
\x05\xff\x92\xf9K\xbd\xaea(\x81p\x22\x97\x80\xf4`\
\xdc\x90\x87q\x14@\x8e\x83\xd8\x1f'spm\x95\x1e\
\xff\x049mh\xed\x19\x1da\x05\xd6~\xd2\xdd\xb4\xb9\
\xd8%\xcb\xde\x8a\x11G\xf3D\x0d\xb2\xfe^&i\xfa\
\xb3Z\xa4\xd2\xb85iR\xa6bO\x1cZ\xd5\xee+\
\xdd\xac\x96rC\xab\xd6^_\xcd\xf6\xa8t\x82\xa21\
t\x1aN\x04x\xe8_\x14\xd3 \xc7\xd1!\x97\x8b\xb9\
\x8cE5\xbcASDec\xb2r\x9b\x02_\xe7\x93\
\xe0\x13\xd6\xc7S\x9c\x14\x0b\x18\x01\x89?M2\xf1$\
!\xe3NS\xb9\x0eVI\x91LR\xf1\xa4\x7f\x93\x14\
4oHSP?\xa82\x95\xbe0\xab<\x13\x90\xdd\
e\xbeLE\x90\xc9\xec\x0bd\xa8\xa7\xa2\xcc\xe5\x8b\xd0\
\xf2\x93\xe9\xa4\xba\xdcES\x00Y\x1d3\xcfe.\xaf\
\xe9j\x13\xa0P0Y\x96e\x9b\xf6o\x99d\x01\xe0\
/\xf2\x9a\xaa/R\x08\x8c2hF\xc7!d\xb4<\
\x07u`u\xd1\xa6\xca\xe9\xb4\x10e\x80k\xda~\xc7\
\xf30\x7f\x11\xf9n\x80\xc8BP\xd0\x9c\x84\xd1\x8b\x02\
4\x8b\x03U1\xe6\xcb\x14\xba\x90N@)X\x99\xeb\
\x11\x13\x9b\xfbp\xa93\x04G\x1e\xe1\x1eq\x1aF\x9d\
\x18\x88\x8d\x18\xf1l\xe25\x1c\x08-\x8a\x91\xcb\xb1\xcb\
iC\x84\x98b\x14a\xea;\xd4o\x889\x88\xba\xc8\
\xb11\x04[\x8b\xaa\xe3\xb5v\xb8wnm\x82\x18\x87\
\xdd\x13N\xee\xd7\xda\xae\xe9\x1d\xd9\xdbA\xdaT\xee\x91\
\xbd\x19F\x0esq\xd5\xf5T\xf6\xe6\x88\xeb\xa3co\
\xe2!\x82A\x94w\xec\xed!Nl\xec2~\xaf\xf6\
\xa6\xaeGA)\xef\x8e\xed}~t\xf7Z\x9bA\x0f\
\xa5\x0e\xd6\xb66E\xae\xca\x02\xdc\xf9\x96\xa2\xfb\x1b\xc8\
\xe5_#\x93\xd7\xb6\xe6\xef\xc5\xd6\x0e\x99N\x19\x7f\xab\
\xad=\xe2\xda\x1e\xb7\xdd{\xb551\x9d\x0b\xacM\x91\
\xad\xee^\xf9\xab\x91\xfd\xee\xea\xf6\x95\xac\xed\x10\x0f\xfb\
.\xbb[k_`k\x86|j\xfb\xd4}5\xb2\xfb\
k\xf6\xdd\xdb\xfa\xce\xb3\xf8\x1bs\xb8\xbd\xb3\xbe\xed\xf6\
\xe4p\x9b\xbc\xd9\xd2\xa7\xcb-n\x19J\xacD&\xe3\
\xb81T\xe5\x18\x1dC9\xc8c\x0e%\x98\xda\x97\xc3\
\xdf@}\x84 \xdc\x88\xfb\x87\x08\xda\x18\xa9\xb6\xa6\xa5\
g\x8d \xf7tX\xb0n\x15D*\xff\xb5S\xa0~\
F\xc0v\xb8\x1e\xf4\xb7\x0c\xbc\xcd\xb7i\x07A\x1b\xb9\
\xbe\xcd|\xb6\x9f\xa0\xb9\xcb-\xf30+\xd4\xcd\xbc\x19\
\x89\x0c\xb4U\x0fTL\x07\xb9\xc4\x81&\xd3=C~\
\xab\xe5\xb9\xef\xb9\x8ec\xef-\xb5\x08\xcb\xe7>K\xb5\
@\xeb\xb7\x02A\x9c9\x8c\xfb\x0e[l.\x0f\x98c\
;\xa8g\x22F\x9dm\x1e9\x22\xae:<cep\
\x82\xf4\xb9K\x0d\xdc1\x9b\xda;s]v\xac}$\
3\xd8I)s3Z\xe6\xab\xb0\x5c\xe6\xa2\xe3\x9f\xef\
I\xeb\xbf\x1au=\xb5[j\xff\xd3\xe0\x10\x90\x9a\xda\
\xa7\xb3}\xef:\xd7\xf7\x82\xf6c]Ll\xe3'\x03\
\xc2\xcaS\x87\xdf\xa7\xb3\xfb\xed\xe8\xdc4K\xaf\xe9\xec\
_\xaes)6M\xee\xdd\xcc\xd3@\xbf\xb1\x80\x09s\
Q\x88|\xb5/\x1d5\x1e2+M}\x0e\xa8\xe4\xf3\
0}\xd2\x94\xb5Nt\x1dR\x91|\x11\x014\x84\x9e\
\xc6\x8b\xf8\x80\x8cR\xbfz\xf8\x1b\xe0?\xee\xc4\xa6\xe1\
<I\xb7A\x01\xf9\xc7\x84\x15\x93\xe9S*J\x95\x81\
\xaa\xe7\xa6\x01\x86\x81k\x99\xc7\x1d\xc2\xae<T\xa68\
\xa8\xe3\x95\xa1\xday\xbc\xb6\x12\xee\xbc\x1a\xd0Y\xd8C\
\xbaesx'\x0b\xab\xd4\xeaC\xdb\xde\x01YA\xc5\
<\xb2\x07\xb9\xc9\x9a\xa3\x01\x80\x9d\x8a\xef`\x05F8\
%\xf4\x11\xda\x03\x07\x92\xb3\xf3\xfd\xb1E\xfa^\x9e\x18\
\xbf\xf9\x02eX\x82\xee\xd9\xfe\x19l\xf3\xd88\x97\xca\
&\x0a\xd6\xc1\x9e\xab\xb7\xaa\x060\x8f\x92\x16\xbdW\xd9\
\x13\xea\x1e\xd8\xbb2%4{\x84\xdb\x07\x86$\x08*\
\xeb\x09S\x9e\x80\x7f\xec\x0e-\xbd\xc31\xfc\x02\xa8\x1f\
\xae\xb8k\x08\x00a\x8f\xd8~\xc7\x15\x19F\xc4i\xdf\
Q\xb5=\xd1\xa4\x97\xf9\xe2[<\xc9d]_:\xde\
m\xff~\xbf\xb2+y\x1f\xae\xd4\xe3J\xccE\x8c\xdb\
\xd8\xeb\xf4\x96\x9c#\x9b:\xde)W2\xfd[:S\
\xeb\x81\xe1\x89\x1d\xf7\xef\xf9+\xbb\x13m\xdc\xe9\x22\xe5\
N+\xe0`\xe4x6t\xa37\xd2\xa0\x17ph\xe1\
\xc7\xff\xfd\xcfG\xa4\x9c\x9bt\x7f\xbb\xfeC\xa8\xe0\x9b\
\x86\xcay\x99\xf7\xe6U\x1c\x7f8\xd4\xb9\xa9\xf7u\x87\
\xbaq\xf6=7\xff\xde\xdc\xa9\xf8\x87S\x9d{\x97\xf2\
Jkh\xde\xb8=4]\x93\x9eu\xbbq\xeb\x16\xf1\
\xf7\xd7\xf4\x13\x0ap\x071J\xa9\xe3\xff\x7fk:\xc0\
\xfdQ\xd5/\xa8\xea\xaf\xf6\xbf\xb7\xee\x80MrVa\
\xbfu\x0fL~w\xbc\x9cP\xe0\x9d\xf4\xc0\xa6\xf3\x11\
/\x97\xd4\x97\xd7\xe3\x85\xdd8^\x9c\xf3\xd2\xf3\x8d\xe3\
\xc5\xbdv}y/\xf1\x82?\xe2\xe5\x92&\xff\xf5~\
\xac\x95\x18o\x130\xfc\xac&\xff\xd6\x0d\x19\xbe\xf6C\
\x96\xf7\xd2\x90\xb1\x93\x01s\xd6\xab\xa5\xeau\xf7\xd7\x7f\
qJ\x18b\xfax\xc4Fd\xe0\xd6\x8b\xc4S\xe7\xab\
\x9e\x97\xa9\x1c\xb7^h_\xf7%\xdb\xcd\x90\xa0\x0e\xda\
}\x93\xfff$Z7?\xf7\x8a\x85\x8f\xd4\x07\x09\xec\
\x0aP\xf0{\xc7\x82\xe3+\xa0\xd0zLx\xaf0T\
\x1f\xa9\x5c\xc5'\xcc\xfb\xf7\x8a\xea\xab'\xe7:p\x98\
\xf7\x9f>k\xf7\xf0\x10\xdb}\x94\xd2\xc1\xc5>y~\
\x12\x17r\xf7>\xd2|\xb6\x01w\xc3T}RG\xdb\
\x98x'NO\x03r\xff\x85\xc5\xae\xba\x0d\xf6\xc8\x1c\
Du\xb9}#$w\x1f80\xa9\xfe\xda\xf2\x8a^\
r\xff\xa00D\xaf\xe6!\xdf@\xf1m\xfe_\xf4\x8a\
\xa0x\x17\xc32\xb4f\xe3\x87\xa1\xfa/\xd1\xf1\xc3\xff\
\x00_/\x09&\
\x00\x00\x0a\x9e\
\x00\
\x00s+x\xda\xed][\x93\x9b8\x16~\xcf\xaf`\
\x9d\x97\xa4\xd6\xc2\xba\x01\x12\xed\xeey\x98\xd4\xd4L\xd5\
\xec\xcb\xcel\xedc\x8a\x06\xd9\xcd\x06\x83\x17p\xdb\xce\
\xaf\xdf#n\x06\xdbx7\x1b\xe3\x992M*\xd5\xcd\
9\x92\x90\x8e\xbe\xef\xe8H\xa8\xd1\xfc\x87\xdd*2^\
U\x9a\x85I\xfc8!&\x9e\x18*\xf6\x93 \x8c\x97\
\x8f\x93\x7f\xfc\xfe\x13\x12\x13#\xcb\xbd8\xf0\xa2$V\
\x8f\x938\x99\xfc\xf0\xf4n\xfe\x17\x84\x8c\x1fS\xe5\xe5\
*0\xb6a\xfeb\xfc\x12\x7f\xc9|o\xad\x8c\x0f/\
y\xbevg\xb3\xedvk\x86\x95\xd0L\xd2\xe5\xec\xa3\
\x81\xd0\xd3\xbbw\xf3\xecu\xf9\xce0\x0cxn\x9c\xb9\
\x81\xff8\xa92\xac7iT$\x0c\xfc\x99\x8a\xd4J\
\xc5y6#&\x99M\x0e\xc9\xfdCr_?=|\
U~\xb2Z%qV\xe4\x8c\xb3\xf7\xad\xc4i\xb0h\
R\xeb\xdalY\x91\x88H)g\x98\xce(E\x90\x02\
e\xfb8\xf7v\xa8\x9b\x15\xeax.+\xc5\x18\xcf@\
wH\xf9\xbf\xa5r30\xe8\x1a\xfe7\xc9k\x81\x99\
%\x9b\xd4W\x0b\xc8\xa7\xccX\xe5\xb3O\xbf\x7fj\x94\
\x08\x9bA\x1e\xb4\x8a\xa9\xed\xd9yj\xc7\xc8\xb1\xb7R\
\xd9\xda\xf3U6\xab\xe5E\xfem\x18\xe4/\x8f\x13\xc6\
M\xc2\xe0\xb2\x0a\xe1\x8b\x0a\x97/\xf9\xb14\x0c\x1e'\
P{*Ey\xdf\x02\x07)\x13T\x05\xbb\x8d\x06\x9b\
\x92\x9a\xc4H\x89\xc5\x9c2M\xdd\x047H|]'\
(R\xadBo\x93'+\xe85\xdf\x8f\xbc,\x0b\x17\
\xa1\x0f7I\xbc\x8e6\xcb0\xfe\xbc\x89\x83\xe4\xb3\x0a\
\xc2\xfcs\xeae\xb9J\xcd\xda\x86\xcd\x03\xd5n\x9d\xa4\
9\xda\x05k\xb0\xa4\xed\x9cU\xeek\xe5\x13h\xe7\x81\
Zd:U\xd9,}\x07\xedr&\xc6\xac\xd06\xb5\
\xd4U\x0c^C\xb5=\xa4}\xf6\xb2\xd2t\x86\xb1\xf6\
\x96\x00\xb3(I\x1f'\xef\x17\xc5U)\x9e\x934P\
i\xad\xb2\x8b\xab\xa3J\xa0+\xc2|_\x12\xab*\xbb\
\xae\xaf.\xb5\xd1\xe3\xf3\xfa\xec\xc5\x0b\x92\xed\xe3\x84\x1e\
+\xbf&\xc9\xeaqb\x99\x96\x14\x12\x93c\xad\xbf{\
\x9c .M\x073!O\x94\xf08\xc7\xa4\x8e\xe4\xd4\
rN\x94\x9b4\x05\xe2\xa1\xc8\xdb+hS\xf1\xa3.\
>{I\xb6\xcbT\xdb&O7\xea8\xa7\xd6\xa0\xe7\
\xe7dw^\x0d8\xd8hJ\xa3M\x1c\xe6@\x9b\xf5\
\xae]\xea&\x0cTv>c\x16{k\xb4\x8c\x92g\
/:\x9f`\x1b\x02n\xb6\xa8B8aM\x17\x1c\xa7\
\xa8\xe1\xee`\xd1\x93\x02\xea\x8e{T\xfb~\xd5\xca\xdb\
\x85\xab\xf0\xab\x02\xc3\x90\x02u\x80\xac\x8eY\xcal\x86\
\x91\xef5uw{-\x9b\xd4BmO-\xa0R:\
\x8d0IC`D\xab:\xb5h\xdf\x16i\xa2\x83\x9f\
\xde\x15\xf0*\xc0\xe7\x1c\xeb\xf6m]\x85\xfa\xd9)\xec\
\x0b\xf9J\xe5^\xe0\xe5\xde\x81\x03\xb5\x04\xea\x86\xeb\x96\
\x81\xcft\xff\xfe\xe9\xa7\xa7\xeaAs\xdfw\xff\x99\xa4\
_\xea\xe7\x1a\x86N\xe0='\x1b\xb0\xf4\xe4\xa9\x11\xcf\
\x03\xdf\x05/\x07\xec\x7f\x0aW\x80l\xed \xff\x0a^\
m>;(:\x89\xb5\xb1\x0e\x85\x96\xc5\xa6\xaat\x97\
g\xc7\x8c\xc0_\x85:\xd3\xec\xb7<\x8c\xa2_\xf4C\
\xaa\x16\xb7\x0a\x0d\xf3H\x1d\x84\xf3YU\xfb\xaam\xb3\
V\xe3\xe6\xb3\xba\xf5\xc5\xdd\xf2`\x95\x0e)\x9a\x8e\x8e\
\xbcg\x05\x08\xfdU+\x0dr\xca\x8ed\xb3^%\x81\
\xaa\xb2\xd7\xd6\x5cv`\xc0\x08#M\x0f\xe6\xa9\x17g\
\xda2\xd0\x0f^\x9e\x86\xbb\x0f\xc4\xe4\x98;6\x91S\
\x0c\xff\x88\xc9\xb8\x00\x7f;u\x98)\xb5\x9c\x83HZ\
\x9cRL?6\x96\x9f\xa7\xca\xcf[\x9dS\x00\xc2\xe6\
\xfa\xb2'-y\x07k\x86\x01\xc9\x90m\x0a\xac/\xda\
\x92k\xc7b1S\x8f\x16\xac-\xaf\xb9\xc5MY\xe8\
xKW1\xd3*sU\xa3\xcc\xa1\xd5\xba\x82\x96`\
\x12\x11$Z\xaa,\xdfG`\xad\x05\xf4\xa5\xfb\x1ec\
\xcf\x13\xe2A\xdf\xa0\xcag\xba\xa4\xbcM7\x11\xf8\xfe\
W\x15'A\xf0\x90\xe5i\xf2E\xb9\xe0\xa5m\x0f\xe3\
\xea\xb6t\x0d.6\x19-\xdbS\xcb\x01/*\x8d\x80\
\xbb\xb9\xcbkY\xe0\x81\xcfMSo\xef\xc6\x10\xef\xd4\
\xd2\xe6\x99-D}\x87e\x091\x9dc+\x0dlY\
D\xc6a[Vy;rC\xd3\xca\xb1\xc0\xd6\x14\xdd\
A\xe6\x06\xa8E\xd68\x8cKhe\xa9\x1b\x1a\xd7\x19\
\x87i\x1dS\x16\x97u[\xdc\x8e\x04\xb8\x94\x96a\xc2\
M\x1d\xeeX\xa0K\x9c?\xc4\xe5\x22<\x92\x11\xad/\
\xc4\xb5\xf9u\x0d\xdbo\xce\xc5\xc2\xf7\xef\xde\x9c\x960\
\x8b\xa0L\x5c\x1b\xae\xfdv\x0d\xb8\xe7\xdd\xff|a(\
\xbb\x22>\x0e\xcb\xf6\xcd\x16\xae\xcd\xffK3\xdb{\xf2\
\x00\xbd\xb3\xaf\xc1\x80*\xc4X|\xc0\xf9H\xe0\xeaH\
\xc5\x97\xb8\x7fW\xa3U\xdftv8\xa7\x8a\xe88\xc0\
\xda7\x99\xbd>X\xd98\xb0\xda\xbb:0\x18V\xed\
q \xb5om`\x00\xb7\xea\x8c\x03\xaa\xbd\xab-\x03\
\xba\xd5\x91\x80\xb5w\xa9e\xc0\xe8j,s\xac\xbe\x95\
\x96!\xe2\xabK6\xbd\xabQ\xcb\xf9\x03\x22\xacK~\
v\x0c\xce`\x18\xc0\x8egR\xd0\xb3\xd42\x90Y\xe9\
hV\x06O-\xa5\xcd\xca\x9c\xe1\x16\xb2\xf9\x05\xcc\x0a\
l\xdb\xf7\x84\xd9\xb3~vH\xe3\x92K~\xf6\x9e\xac\
[\xcd\xbc\xa8\xbc\xa1q\xe5\xa5\x170w\x05]j\x16\
\x15\xc1\xd6M\xa1k]\xdaUpO\xf6%\x10$\xdc\
\xd0\xb2\xce\xa5\xf1\xec\x9e\xecZ\x05\xb66\xbb-l-\
\x84\xed\x91x]z:E\x18\xde\xeb\x8e\x06\xbf03\
sn\x1d\x8e\x15\xfb\x0a\xd0Xb\xb2\xbe\x80\x97_{\
\xd2\xeb\x8c\xdd\xa0t\xa8\xc5\x84\x0b\xbe\xc0\xb28\xbf\xfb\
\xe9\xc3p\x96\xe5\x88\x8aq\x18\xb7o\xf6pu7 \
\x10\x1b\xf7|l8\xb4\x8a\x8b\xb6\xbd+W\xd07\x1d\
\xbb:\x5c\x8b\xd5/.F>\xcb\x1d\xd4\xc3\xa2\x91\xb8\
\xd83s\xdc\xeb\xc3\x95\x8d%\xce:g\xcd\xc1Pj\
_Z\x87\xb9'\x8c\xf6\xad\x17\x0c\xe0W\x1d$\xc6\xbd\
\x063\xa4S\xb5\x11##\x09\x5c{\x16`\x06\x0d\xb3\
\x08\x92x$\x83V\xcf\x02\xcc0\x81\x16\x12l\xdc\xeb\
Z\xc3\x06Z\x0e\x1a\xbbS\x18\x06\xb5|,\xafi\xfa\
\x97`\x861,E\xd2\x1e\xf9\xb2\xe1@;\x0e.-\
\x1a\xde\xdb'\x0c\xce\xef9\x18h\xb3\xc1\xa5=\x9ew\
\xf5\xe7\xb4}\xdb\x0d\x06\xdag0\x9aon\xf4\xee4\
\x18l\x8b\xc1X>\xb9qn\x93\xc1@\xbb\x0b\xc6\xf3\
\xc9\x82\x9e\xfd\x05\x03n,\x18\xcb\xd0\xd5\xbb\xb5`\xb0\
=\x05\x97^\x1f\xdc\xd9\xd7\x0a\x9c\x9b\xc5Z\xd5v\x82\
K\x1b\x0a\xfe\x84\xb6]\xf6T\x16\x1en7\x0fw\xab\
\xaf\x0c\x9e\x96t\xc8\xdd\xfa:X\xf1k\xe4\xe5\xea\x03\
b\xb8\xb2\xea\x14\xc9\xca\x88\xec\xe3\x91\x15\x97\x8c\x12\xd9\
\xfe2[\xb7\xbf\xcfW\xec\x1b\xac\xd8\xaeymEa\
\x95\x1d\xfa=VlW\xf1\xcc\xd8\xc0;\x09. \xe9\
2\x04K\xc4\x9e\xdb\x05^B\xfcL\xd8{\xca\x85~\
\xd6\xfc\x97\x8fY\xf6%j>j\xd9\xf9\xa0\xdd=t\
\x5c9\xf8\xdc\xa4\xef\xec\xb3Y\xde\xfa\xee\xff\xee;y\
3\xda\xd1\xb3\x8a\xb7\xae\xfb\x1e\xda\xc1\xe8)o\xe33\
m\xd3)\xfe$\xf4\xad\xf3\xbe\xbf\xf30\xeb\xcc\xd8\xbf\
\xbb\xd7 \x1a~\x1b\xe4\x86e\x9b\x8d\xec\xab\xf2\xcc)\
?\xb2\x22\xde\xbamH\x9e\x1dm\x06\x1f\x84ho\x11\
\xc9U\x89V\xbc\x9f\xbf\x09\xd5\xde:\xee\xba\xf1H\xf1\
\xea\xff&=\xf7\x16I^\xd5I\xf2\xa3\xafv\x0f\x13\
\x8f\xbc\x05\x90\xd7u\x93z\xcb\x82s\x9b\x98\xe4\xad\xeb\
\xaeM7><\xe1\xfe<Nr>[\xd6g3\xd4\
\xbf\xac\xbd\xfc\xe5]\xb7\x07\x8b\x13X\xf4\x8a\xaf\xbe\x1e\
\x16I\x9c\xa3B\x03\x06NW^TJ^\xbd4\xf4\
\xe2\xbc#\xdb\x16\xe6\xe9\x88\xa0;T\xee\xbfte\xe1\
W\xe5\xaeT\x10nV\x0fQ\x18\xab\xea(\x91N\x9a\
\x85\xb7\x0a\xa3\xbd\xfb\x9b\x17g\x0f\xa8n\x19*\xb3\xaf\
\x95\xdf\x1cvS\xa6\xc8\xd5.\x87T\x81\x82\x0a\xe1\xf2\
\xce\x8b\xc2e\xecf\xb9\x97\xe6\xa5 P~\x92\x96y\
\x0a\xa0\x1c\x09\x91\xaeI\xa9\x89T\x0e0C\xd5\x99\x1f\
u\xb5\xb6I\x1a\x1c\xcb\x8a2\x9a\xb5\xe32\xf76\x0d\
sH\x82\xf4\xf1\x14n\x94\xa2\xfc\xf9!\x085\xe8\xf4\
\x93\xa3<}\xd0G\xe1\x14\xcd\xce^\xc2E\xee\xd6\xb7\
U\xb5c\xff\x05\x8c_\xd6;\x08\xb3u\x04\xc0\x0e\xe3\
\x22A\xf2\xaa\xd2E\x94l\xdd\xd70\x0b\x9f#\xf5P\
\xfc\x0c#\x8d\xf3ZT/\xd6\x97]\xd7e_\xc5\xb5\
6MJ\xa21\x93\x17'\x16q\xfa\xb0\xf2\xd2/*\
-\xd3\xa8\xd8\x83\x22\xd1\xb3\xe7\x7f\xd1\x07n\xc4\x81\xeb\
\xf9\xfef\xb5\xd1\x8b\xe3\x0d\xf2\x80Q\x7f3\x1869\
\xb6\xa5\xc5\xa70k\x82\x9f\x04\x0b\xe3G\x83\xda&\xc6\
\x9cH1e&#\x18;\x960\x884\x99-\x89%\
\xa6\xdc\xb4\xa8\xb0\x1dL\x0c\x82\xcbWH\xce\xd41y\
\xf9\x9b\xf1\xabQ|\xd5\x06\x13\xec\xe8s88\xc16\
\xe5\x065)\x96\x16v\xec)\xb1L\x89\xa9c0\xd3\
\xa6\xd2&6\x99\x82o\xe4\xd2\xb1\x99e\xc0o\x92:\
\xdc\xa2\xd3\xc2\x91\x0a\xdb\x82g@BbY\xb6\xd45\
\xb4\x08\xb7\xb80|\xc32\x05f\xe0N\xa7\x88\x98P\
\x19\x82!34\x00K\xc9\xc5\x14Q\xd3\x92D`\x01\
\xb5\xe6&\x13\x9c\xda|J\xa1y\x04\xe6\x85P\x15\x8b\
r\x9b0\x90PA9\x15P\x15))$\x9bj\xba\
s&)\xa4\xe1\xd8!\xd4.\x8a\x22\x84\x19_;\xe7\
\xd4h\xeaQ)\xf4r\xfb\xc1\x11\x1c\xce\x0eJ\xe2\x18\
P\x93\xa4\xc8\xdf\xa4\xaf^\xbeIU\xe7\xb4\x9a\xe6\xd4\
\x19\xc0\x99>\xa8%\x03\xe2\xd6WC\xf97z\xdf+\
\xbda\xb0\xbc%\xbd\xb1\xa4\x98\xd9S`\xaf\xc0\x92p\
\xa2\xe9m\x99\xb6\x90\x00\xfe)\x06\xe4[B\x00W5\
\xbf\xb1\xc5)'\x9a\x17\x84s\xc7\xb25\xbf\x99E\x1c\
.\xa7\x96I\x805\x0e\xa5\x05\xbfA\x88\xa5~\xb9\x06\
z\x87\x11Fmi\x10SHn\x01\xb5\xa7\xc0X(\
\xd3\x02Jj\xef\xc1\xc1Q\x00\xc7\xb9I\x04\xe3\x9cj\
\x8e\xdb\x84Z\x8ck\x99cq\xae}\x0b$\xc4\xd8\x06\
\xdeK\xf0\x13\x98YP\xcd3\x1c\xe7\x07\x92;\x0d\xc9\
\xa5\xdd\x90\x9c\xd5$g\xb2f9=a9;a\xb9\
S\xb1\x9cJ(\xab\x8f\xe8C\xd1\xbc\x1d\x8b\x1d\xc5a\
\xe7F\x82o\x8b\xc3\x88I\x9a\x17\xb6\x1a\xa9Po7\
\xfb\xf7\xc6KU[\xfa\xaf$\x8c\xdd\x22@\xfb\xf6h\
MK\x93\xc5\x22S\x9a\xdf\xbd\x11\x5c\x1d\xbd1\x18\x15\
\x1aa}P\x19?\xfe\xa4g\x1d\xab\x9dj\xf4\x09_\
\xa2<\xa3\xef \xd4\xb1W\x01\x9b\xf67\xc0\xd2b\x0b\
\x99(\x222\xeb\xa2S-\xac\xddj\xd2yK2\x13\
F*\x80:\x17\xc7\xf6|\xde\xe4\xf9\xb5\xacyj\xb9\
\x82\xc5\xd0<\x9b\x16\xc3,\x0c\xcc\xd50\xfb\xb3\xc1`\
8t:\x96\xa8\x11\xcb\x1cA\xaf\x84\xd7\xe6\xac4\x88\
:\xe7\xfa\xac\xb2\xa7w\xff\x01\xf2|\xe6=\
\x00\x00\x05\xc6\
\x00\
\x00\x1e\x9fx\xda\xe5Y\xdbn\xdb6\x18\xbe\xefS\x08\
\x0a\x06tX%\x91\x92u\x8c\xed\xde\x14\x05\x06\xecj\
\xeb\xb0\xcb\x82\x96h\x87\xab$z\x14\x1d[}\x9a=\
\xcb\x9el?\xa9\xb3#o\xcd\x90\x04nG#\x90\xf9\
\x1fH\xfe\xdf\x7f\xa2\x9c\xe5\xdbS\x91\x1b\xf7TT\x8c\
\x97+\x13\xdb\xc84h\x99\xf2\x8c\x95\xbb\x95\xf9\xeb\x87\
\xf7Vd\x1a\x95$eFr^\xd2\x95Yr\xf3\xed\
\xfa\xd5\xb2\xba\xdf\xbd2\x0c\x03\x94\xcb*\xc9\xd2\x95y\
'\xe5>q\x9c\xfdA\xe46\x17;'K\x1d\x9a\xd3\
\x82\x96\xb2r\xb0\x8d\x1ds\x10O\x07\xf1TP\x22\xd9\
=MyQ\xf0\xb2\xd2\x9aeu3\x12\x16\xd9\xb6\x97\
>\x1e\x8f\xf6\xd1\xd3B8\x8ec\x07\xb9\x8e\xebZ \
aUu)\xc9\xc9\x9a\xaa\xc2\x19\xe7T]\x84\x90\x03\
\xbcA\xf2\xcb\xa4\x92\x0aP\xd9\xc3_/\xde\x11\xec\x8a\
\x1fDJ\xb7\xa0G\xed\x92J\xe7\xdd\x87w=\xd3B\
v&\xb3\xd12\xac\xfcT\xa5dO'\xbbv\xc4\x06\
\x01R\xd0jORZ9\x1d]\xeb\x1fY&\xefV\
\xa6\xb7\xb0\xb1\x07\xc3\xd7\xc4;\xcavw\xf2\x9c\xca\xb2\
\x95\x09\xa7w\xe3\xa8\x99\x8f<\x8c\x1b\x81v\xe1d\xec\
{\xdb5^\xd3(H\xa3\x10Ea\xfc\xc6p\x91\x8b\
-\x84-\xec\x7f\xaf\x95:\x9b\x92\x8c\xa7\xea\x90\xb0\x07\
-\x189H^\x80\x1b\xd34'U\xc5\xb6,\x85\x09\
/\xf7\xf9a\xc7\xca\x8f\x5cdT|\xdc\xd4\x1f\x95\x82\
\xdd!\xdaoOO{.\xa4u\xca\xf6\x80k\x10\xce\
2\xeb\x8e\xb9\x06\xee2\xa3\xdbJI5F\xaa\x19X\
\x19\x9a\x86\xa3\xb9\xfd\x11\xd5v\xd9=\xa3\xc7AvC\
\xaa\x06H\xc3\xd8\x93\x1d\x04]\xce\xc5\xca\xbc\xd9\xea\xd1\
26\xfa\xbc\x1d+\xd0c\xc2\xe2\xe0\x18&\xeb&W\
\xda\xb5\xbb\xf3\xaaU{>\x9a\xe7Ww$\xe3\xc7\x95\
\xe9\x9e3?s^\xac\xcc\xd0\x8eq\x84\x168<g\
\xa7'\xd0\xc1v\xe4\x22\x10x\xc0\xac\x95f\xb8\xf0\xb0\
\xe7\x06\x0f\x98\x07! \x0f\xad\x9c\xd4\x14\x8c\xd2\x0f\xdc\
\x0aUw\xfc\xb8\x13\x0a\x1c)\x0e\xf4\x5cSq\xac\xcd\
\x86\x9f\xe6\xd9\x10\x05\x07\x95\xe1\xd6\xa1d\x12\xb2h\x7f\
\x1a\xafz`\x19\xad\xe6\x15\x8f\xac\x04\x0c\xac6\x9e\xb1\
\x17\x04\x17$\xba\xe0\x0e\xd1%\x098\x1a\xba\xc0\xaa/\
\xb3\x0arb\x05\xfbL\xc1n|.R\x95do\xed\
r\xbe!\xf9\xbf\x98-\xb8\xd4\x91\xae\xf6Yk\xa1\xe5\
\x04\xbaF\xcf0d\xad\xb2\xfdT+\x9a\xd9\x11\x15\xe6\
\x8a\xe0\x85\x81\xdf\x13\xb9`\x903#\x9b:R=&\
\xa9\xda\x00\xf5\xf9\xa4cPGhx\xce\xab\xc7\xbc6\
5\x9c\x87\xb9\xa1\xe9\x05\x95$#\x92\x0c\x89\xd2Q\xdc\
8\xee-\x832\x9b\xfc\xfc\xee\xfd\xba\xddh\x99\xa6\xc9\
o\x5c|\xea\xf65\x0c%@6\xfc\x00\xee2\xd7=\
y\x99\xa5\x09\x14F\xa8\x0fkV@\xf8\xab\x9a\xfa\x03\
\x14\xc2\xa530&\xc2\x0a\xaca\xd1fYA\x9b\x0a\
;\xdbf\xb2\xb4`J\xc9\xf9E\xb2<\xffQm\xd2\
Z<Z\x94\xc9\x9c\x0e\xc4\xa5\xd3\x9e\xbe\xb5\xcd\x19\x19\
\xb7t:\xeb\xf5l7\xa02I\x9c\xde\xd19\xd9P\
\x08\x94\x9f\x14\xd3\xc0\x0f3\x88\x1f\xf6\x05\xcfh\xab\xde\
\xa3IS\xd9\xbbL\xd69\xf0\xb7p\xfa\xe4&\x8c\xe2\
\x0dqo\xd5\xc4jKI\x82\x9b\xa98\xe4P\x12\xef\
i\xc9\xb3\xec\xb6\x92\x82\x7f\xa2\xc9\x0d\x0d\xd4\xa7\x9d6\
\x19\x95\xb8\xf6\xa2#\xe4\xac\xa4p\x90\xa4\xfa\xe3@\x04\
\x1dS\x7f\xe7\xacL\x009*:\xaa\x9e\xe4\x90\x172\
\xe9\xf53\x02\xf5J\x08R'%\xb4\xff1\x95o\xb7\
\x15\x95\x09\xeah\xfda'\x11\xae\xec\xf4\x10\x1eb\xb7\
\xebanO\xe9\x1b\xd8@\x9a\x8d\xec!\xa4\xc3\x81(\
\x80\x1a\xd8(\xf6]/r{\xb7/%=\xf5\xf0B\
\xb0%\xba\x9bB\x81\x82@\xa2\xe2\x9e\x9a\xe7\xd0s\xc8\
f\xfd\x1d\xcc\x84\x90\xcco5\xe5\xa8O6!UP\
4\x12\xec\xda\xd1\xfet\xabPl+T\x82\xbek\xf8\
[R\xb0\xbcN*RV\x16l\xc5\xb6\xb79\x95\x00\
\xab\xd5\xe6e\x82@\xf1\x08\x8ddBh\x5c\x0f7\x0e\
\xe4\x07\xe7\xaeo\x1d=\x86\xbf\xf1\xb2\x02#|\xbc\xef\
\x1e\xfaI\xa1\xed\xdb^\x1c\xb9A4A\xdb\xb3]\xa8\
\xcd\xfe\xd4\xa3\x0aZ\xa8\x0b\xbe\xb9^J\xb0\xa1\x1cr\
\xb5//\x82+P\x15<\xe6\xc0\xd5\xbaJ\x01\x94\xc3\
\x11}v\xf7\x0b\xfb\x9f9L\xfb\x22\xb2}\x1f\xe13\
w`\xdb\xf5/9\xa4\x01{\x1b\xab\xcf\xcb\x81\xbd&\
KG\x9b\xbf\x86'@\xf8?\x0b\xd4q\x22\xab\x8b\x8c\
\x1d{\xc8\x1b'2\xf8\xdbC\xb6\x8f<\x0f\xcf\xc6[\
\xfc\x9f\xe3\xcdC\x08O\xe3\xed\xe1\xee\x17\xf6\x7f\xa1x\
;\xc3i\xbd\xe9C\xe5Q\x16_\xb6\xcc\xf7\xec F\
\xb1\x17^\xc0\xc7{\x0e\x8b\xff)J\xce-\xfe\xeb\xcf\
\xd9\xec\xd8M.K\xb1;\x9c_\x0a\xd8N]\x1f\xe0\
\xb2B\xa4`\xa7\xd7\xf8\x0d\x82\x0f\xb6==\x16\xf0\xdd\
\xc20\x0ba\xc4\xdf\x9b\xb3\xbd\x16\xe9\xd1_V&M\
yV\xf4\xe5k\xf3\xd0E#\x7f\xec\xa5\xb6\x8d\x06\xf6\
B\x1fl\xac\xd0\xf5\xd39\x9e*\xb6\x0b\x88\x115\xa6\
!\xe2\xc2\xeb\x83\x06ntw\xbaz@\xac\xa7\x81\xc4\
m\xa3f\xf1-@\x12<\x0d$\xbd\xed\xdf\x00$\xe1\
\x93B\xe2\x9fA\xd2\x06\x8f\xfbUA\xe2?k\xe2\xf4\
\xe4\xaf\xaa\x96\xf8\xcf\x19&]\xd9}&L\x90\x1d\xfa\
\x8bE\xe4=C=q\x1f\xc2\xe2\xd9\xea\xf7\xd78\xf6\
\xbe\x1c\x16\xb8\x5c\xc53\xa1\x02w\x0b\x1d*\xd1\xf0\xee\
\xe6\xec.u\x7f+~D\xff\xef\xde\x15=\xb8\x07 \
\x1bnuX\xfd\x8a\xf9%\xd0o\xb7\xd7\x10\x8e\xf8\x9a\
\xba\xfdu@\xe2Y\xee5\xf5\xfb\xeb\x00%x\xe2\xf6\
\xf6M\x80\x12Z\xe8\x9az\xfeu\x80\xe2\x8f\xea\xe7\x15\
t\xfd+\xa9)\xfeS\xbdD<M\xdf\x7f$*\xcf\
\xd9\xf7\xe7^%^\xa0\xf3\xeb\xc7R\xfd\x9f`\xfd\xea\
o]\xc7\xad\xfd\
\x00\x00\x05\xdb\
\x00\
\x00\x1d\xa4x\xda\xedX\xdd\x93\x9b6\x10\x7f\xbf\xbfB\
\xc3\xbd\xb4S\x03B\xe2;\xb6\xf3\x92\xc9\xb43\xe9K\
\x9b\xb6\x8f\x19\x0c\xb2M\x83\x11\x05q\xb6\xf3\xd7w\x05\
H\xe0\x8f\x9b&=\xb7\x99\x8e\xab\x9b\x9bC\xbb\xabe\
\xf7\xa7\xdd\x9f\xc4\xcd_\x1fv\x05zbu\x93\xf3r\
a8\x166\x10+S\x9e\xe5\xe5fa\xfc\xf2\xfe\xad\
\x19\x1a\xa8\x11I\x99%\x05/\xd9\xc2(\xb9\xf1z\xf9\
0o\x9e6\x0f\x08!X\x5c6q\x96.\x8c\xad\x10\
Ul\xdbU[\x17\x16\xaf7v\x96\xda\xac`;V\
\x8a\xc6v,\xc76F\xf3t4Ok\x96\x88\xfc\x89\
\xa5|\xb7\xe3e\xd3\xad,\x9b\xc7\x89q\x9d\xad\xb5\xf5\
~\xbf\xb7\xf6\xb43r\xa2(\xb21\xb1\x091\xc1\xc2\
l\x8e\xa5H\x0e\xe6\xe9R\x88\xf1\xdaR\x821\xb6A\
7Z~\x9eU\xdc\x00*\x15\xfcjs%\xb0\x1a\xde\
\xd6)[\xc3:f\x95L\xd8o\xde\xbf\xd1J\x13[\
\x99\xc8&n\xf2\xf2c\x93&\x15;y\xab\x12\xf6\x08\
$;\xd6TI\xca\x1a[\xc9\xbb\xf5\xfb<\x13\xdb\x85\
A]\xcb\xa10\xbcN\xb8e\xf9f+\xce\xa5y\xb6\
0 z\x12\x85\xfd|\xb2\xc3No08\x8e\xa7{\
o\x11\xf4\x0d\x0b\xfd4\x0cp\x18D3D0qL\
\xec\x98\x8e\xf7m\xb7H\xe5\x14g<\x95A\xc2;\xd8\
.OZ\xc1w\xb0\x8diZ$M\x93\xaf\xf3\x14&\
\xbc\xac\x8av\x93\x97\x1f\x9a\xe4\x89}\xa8\x0a.>\xe4\
\xbb\x04\xf0Q\x98\xea\x00\xd8\xa1\xe2\xb50\x0fY\x05\xc8\
\xfa\xc1U\xe5Q)\x97\xa0\x9dgl\xddH\xab>M\
9\x83<\x03\x03\xd9\x9dV\x07)#\xcc\x9er\xb6\x1f\
mWI\xd3C\x89P\x05\xc1\xa4\xbc\xe0\xf5\xc2x\x5c\
wcP\xacx\x9d\xb1Z\xa9\xfcn\x9c\xa88lM\
.\x8e}\xb7\x0c\xbeU\xbc\xd2\xab\xd6\xe3\xeb\xfaf\x9b\
d|\xbf0\xc8\xb9\xf2\x13\xe7;\xf0\x0a[\x14\x05!\
\xbeP\xa7\x07P\xbaV\xe0D!\xbdT\xcax<\xcb\
\x0d<\x82\xc3\x0be[\xd7\xd0\x89f\x91\x1c\x19$\xd5\
\xfdq\x06\xa3f\xcb\xf7\x9bZ\x82#\xea\x96\x9d\xaf\x94\
\x1as\xb5\xe2\x87\xebj\xa8\x83V\xf6\xb8\xd9\x96\xb9\x80\
>\xaa\x0eS\xafm\x9e\xb1\xe6\xfa\xc2}^\x02\x06\xe6\
P\xd1\x0e\xd5\x10\x9f[\xa8\xf2\x0e\xf0s\x16\x10\x1a~\
Fu|^\xb5K\x0e\xf9.\xff\xc4 o\xe7\xdc\xa4\
)\x93\xca\xdc\x14|\x95\x14\x7f\x91v\xcdEW\xeb\xf2\
=\xcb\xceh~\x02]\xbf\x0e!q\x94\xfd~8J\
\x99\xa1\x84\x12s)\xa0\x81\xefi!\xafs\xe8\x9aI\
NJt\x9c\x8a$;\x00C\x1f\xba\x1a\xec*48\
\xd7\x1d\xa7\xba\xa15\xec\xcb\xde\xe8\xe4;&\x92,\x11\
\xc9\xd8(JB\xa2Hg\x06D\x1b\xff\xf4\xe6\xedr\
x\xd1<M\xe3\xdfx\xfdQ\xbd\x17!i\x90\xacx\
\x0b\xdbe,\xb5x\x9e\xa51P#0\xc4\xb2c\x00\
\xc9\xaa\xdf\x01\x15\xce\xedQqb,\xc1\x1a\x9d\xf6n\
k\xd6s\xec\xd5\x83&Kw\xb9\x5cd\xff,\xf2\xa2\
\xf8A\xbed\xc8x\xe24\x17\x05\x1b\x85s{\x88~\
\xc8\xcd\x9e$7\xb7U\xf6\xddl3\xa2r\xd28z\
\xa3\x8bd\xc5\xa0P\xdeI%r.;\x88\xb7\xd5\x8e\
glX\xae\xd0\xac\x12\xb1\xd5[&\x8e\x05\xe8\xd7\x10\
}\xfc\xe8F\xbe\xeb\xaf^\xc9\x899PI\xec\xf4\xd3\
\xba-\x80\x12\x9fX\xc9\xb3\xecU#j\xfe\x91\xf5-\
\x14\xeb\xad&\x83<~d\xbe\xfcQf\xda\x93\xae\x13\
\xb9\xcb\xc8\xa1\x16\x95\x5c\x1f\xcc\x08x \x11\xa5!J\
\x91\x09\xeep\x10\x84\xfe\x0c\xcb\xe7\xd0\xa1Q\x10\xcc\xb0\
\x15b\xdf\x89\xb03\x91\x0d\x0f\x1e\xfa\x159A\x1fC\
\x80\xbeG\xae\xe5cX\xee\xd0\xdeY\xe4\x07\x01&.\
xs\xc0\x09!\xd4wa)P\x99\x17\x04`\x7fU\
X l\x01\xd1\x85\x1e\x99\xa9\x07%qf\xa6\x16\xa5\
\x08K\xb7\xc4\x0a\x22\x8c\xfd`f^\xba%S\xe1\xf7\
\x888\x16\xed\x06\xc4L\xad0\xf0#\x1c\x86\x9d\x1f\x95\
\xb6\x1b!sH\xd6\x99\x99:E\xfd4\x91}:\xe9\
\xe6\x9a\xa5\xc2\xa3n8\x0a5\x03\xf3\xb2\x04%\xafM\
\xe0\xe2\xa7D\xb45\x93\xfd\xac\x0ar.W^\xad\x86\
\xfeh\xfa\xdcj\x88\x1f1vC\x8cO\x8bCO\x8b\
\x1c\x82H\xaa\xb8\xf9\xa3Mj6\x95\xfe\xce\xf32\x86\
.b\xb5\x92v\x93\x028R\xc4\xae\x92e\x09\x9c]\
u\x9d\x1c\xe3\x12.\x83S)_\xaf\x1b&\xc67\xa9\
P\xf1\x805\xa5\x17@\xd1(\x1a\x8bQ\x1d\x04\xb07\
\x01\x8c\x11A\xc5\xff\x97\x1a ?\xb5\x95\xae\x16\x02\xeb\
\x11j\xb9\xa7\x8cX\x9f\xd0i\xdd1\xa3\x83=\x87@\
Tz\x07\x9e\xeb\xc7I\xa6\x12]9\xce[\xcf\xa3\x04\
0\xc7\xe19\xcc\xabV\x88[\x81|\xb5\x7f\x7f\x1c\x8b\
y\xa6\xd3\x96e\xedZ\xa1\x0b\xc3;\x01]f\x08|\
\xee\x7fvuj8\xf4\xa9\x014&\x89\x16\x0e\xf54\
\xbd\x01t\xc09!\x95W\xf9\xaf\x01\x1d\xa5V\xd0U\
\xd4L]\x9d\xa9d\x07b\xb9\xd7P\x0b\xffG\xad;\
0\xa0\xe0\xfc\x10F4\x03\xfc\x06\xbe\x07\xee\x84[\xa9\
\x1c@\xc5W\x1f/\x10\x85^&&\xfer\x9e\xfc\x8f\
\x82\x06\x05\xa6K\xcd\xed\xe0S\x07\x8eK\xe4x\xee\xf9\
\x12\xb7\xd0\xfd\xe7P\x0b\xd9%\xb7\xf9\xd4\x93\x9f\xc2\xe4\
k\xa0\x06{&Y\xcc\x9dQ\xf82\xed\xb1Q\xf7\x1c\
y\x03\xa0\x9e\x1c\x88\xf4\xcd\xeb\xceL2\xb0\x1eX\x0d\
\x9d=Zi\x11\xb5\x88\x9a\xc8+M_\xa1\xe8\x1d\xd2\
\xe5<\xa3\x04Q\xcf\x8a\xba\xca\xd5\xd2\x8b\x9dp1\x0d\
\xee\xa6~\x01\x8e\x0e\xc6\x9b\xd4\xaf\x19\xde\x0dn\x91\xe5\
\xf5\x0cx\x13\xdc\xa2{\xc1\x8d:\x16\x19\x0e\x99[\xe0\
v7\xe7\xcc\x84\xc3n\x81\x1b\xbd\x9b>\x0d\xac\xa0\xbf\
E\xdf\x047\xff_\xc4\xed+~}\x9c\x5c\x06U\xc7\
\xfe\xfd\xcb\xa0I\xee\x0f6}@\xbc\x006\xe7\x0ea\
S\xfd\xfa\x02\xd8\xe8\x1d\xc2\xa6\xaeq/\x80\xcd\xbdC\
\xd8\xd4\xd7\xdb\x0b`\xfb\xd2\xab\xdb\xdc\xde,\x1f\xe6\xf2\
_\xe5\xcb\x87?\x01\x87N\xb11\
\x00\x00\x0c7\
<\
?xml version=\x221.\
0\x22 encoding=\x22UTF\
-8\x22 standalone=\x22\
no\x22?>\x0a<svg\x0a   xm\
lns:dc=\x22http://p\
url.org/dc/eleme\
nts/1.1/\x22\x0a   xml\
ns:cc=\x22http://cr\
eativecommons.or\
g/ns#\x22\x0a   xmlns:\
rdf=\x22http://www.\
w3.org/1999/02/2\
2-rdf-syntax-ns#\
\x22\x0a   xmlns:svg=\x22\
http://www.w3.or\
g/2000/svg\x22\x0a   x\
mlns=\x22http://www\
.w3.org/2000/svg\
\x22\x0a   xmlns:sodip\
odi=\x22http://sodi\
podi.sourceforge\
.net/DTD/sodipod\
i-0.dtd\x22\x0a   xmln\
s:inkscape=\x22http\
://www.inkscape.\
org/namespaces/i\
nkscape\x22\x0a   widt\
h=\x2234.133335\x22\x0a  \
 height=\x2234.1333\
35\x22\x0a   id=\x22svg29\
85\x22\x0a   version=\x22\
1.1\x22\x0a   inkscape\
:version=\x221.0.2 \
(e86c870879, 202\
1-01-15)\x22\x0a   sod\
ipodi:docname=\x22s\
emiautomaticclas\
sificationplugin\
_move_up.svg\x22\x0a  \
 inkscape:export\
-xdpi=\x2267\x22\x0a   in\
kscape:export-yd\
pi=\x2267\x22>\x0a  <defs\
\x0a     id=\x22defs29\
87\x22 />\x0a  <sodipo\
di:namedview\x0a   \
  id=\x22base\x22\x0a    \
 pagecolor=\x22#fff\
fff\x22\x0a     border\
color=\x22#666666\x22\x0a\
     borderopaci\
ty=\x221.0\x22\x0a     in\
kscape:pageopaci\
ty=\x220.0\x22\x0a     in\
kscape:pageshado\
w=\x222\x22\x0a     inksc\
ape:zoom=\x2211.197\
802\x22\x0a     inksca\
pe:cx=\x2219.857624\
\x22\x0a     inkscape:\
cy=\x2214.272526\x22\x0a \
    inkscape:cur\
rent-layer=\x22laye\
r1\x22\x0a     showgri\
d=\x22true\x22\x0a     in\
kscape:grid-bbox\
=\x22true\x22\x0a     ink\
scape:document-u\
nits=\x22px\x22\x0a     s\
howguides=\x22true\x22\
\x0a     inkscape:w\
indow-width=\x22136\
6\x22\x0a     inkscape\
:window-height=\x22\
706\x22\x0a     inksca\
pe:window-x=\x220\x22\x0a\
     inkscape:wi\
ndow-y=\x220\x22\x0a     \
inkscape:window-\
maximized=\x221\x22\x0a  \
   inkscape:snap\
-global=\x22true\x22\x0a \
    inkscape:doc\
ument-rotation=\x22\
0\x22>\x0a    <inkscap\
e:grid\x0a       ty\
pe=\x22xygrid\x22\x0a    \
   id=\x22grid3765\x22\
\x0a       originx=\
\x220\x22\x0a       origi\
ny=\x220\x22\x0a       sp\
acingx=\x221.066666\
7\x22\x0a       spacin\
gy=\x221.0666667\x22 /\
>\x0a  </sodipodi:n\
amedview>\x0a  <met\
adata\x0a     id=\x22m\
etadata2990\x22>\x0a  \
  <rdf:RDF>\x0a    \
  <cc:Work\x0a     \
    rdf:about=\x22\x22\
>\x0a        <dc:fo\
rmat>image/svg+x\
ml</dc:format>\x0a \
       <dc:type\x0a\
           rdf:r\
esource=\x22http://\
purl.org/dc/dcmi\
type/StillImage\x22\
 />\x0a        <dc:\
title />\x0a      <\
/cc:Work>\x0a    </\
rdf:RDF>\x0a  </met\
adata>\x0a  <g\x0a    \
 id=\x22layer1\x22\x0a   \
  inkscape:label\
=\x22Layer 1\x22\x0a     \
inkscape:groupmo\
de=\x22layer\x22>\x0a    \
<rect\x0a       sty\
le=\x22fill:#49646b\
;fill-opacity:1;\
fill-rule:evenod\
d;stroke:#e6e6e6\
;stroke-width:2.\
4;stroke-linecap\
:square;stroke-l\
inejoin:miter;st\
roke-miterlimit:\
4;stroke-dasharr\
ay:none;stroke-d\
ashoffset:0;stro\
ke-opacity:1\x22\x0a  \
     id=\x22rect301\
0\x22\x0a       width=\
\x2232\x22\x0a       heig\
ht=\x2232\x22\x0a       x\
=\x221.2796222\x22\x0a   \
    y=\x221.2244012\
\x22\x0a       ry=\x226.0\
952382\x22 />\x0a    <\
path\x0a       styl\
e=\x22color:#000000\
;font-style:norm\
al;font-variant:\
normal;font-weig\
ht:normal;font-s\
tretch:normal;fo\
nt-size:medium;l\
ine-height:norma\
l;font-family:Sa\
ns;-inkscape-fon\
t-specification:\
Sans;text-indent\
:0;text-align:st\
art;text-decorat\
ion:none;text-de\
coration-line:no\
ne;letter-spacin\
g:normal;word-sp\
acing:normal;tex\
t-transform:none\
;writing-mode:lr\
-tb;direction:lt\
r;baseline-shift\
:baseline;text-a\
nchor:start;disp\
lay:inline;overf\
low:visible;visi\
bility:visible;f\
ill:#e7e7ff;fill\
-opacity:1;fill-\
rule:nonzero;str\
oke:none;stroke-\
width:4.07088;ma\
rker:none;enable\
-background:accu\
mulate\x22\x0a       d\
=\x22m 14.127077,26\
.922686 4.927755\
,0.03813 1.64258\
3,0.01271 -0.470\
395,-6.672232 6.\
352427,0.04135 -\
9.018659,-12.594\
0171 -8.9798802,\
12.4766901 6.352\
4262,0.04135 z\x22\x0a\
       id=\x22path3\
013-8\x22\x0a       in\
kscape:connector\
-curvature=\x220\x22\x0a \
      sodipodi:n\
odetypes=\x22cccccc\
ccc\x22 />\x0a  </g>\x0a<\
/svg>\x0a\
\x00\x00\x05\xf1\
\x00\
\x00\x1c\x9ex\xda\xddXI\x8f\xdb6\x14\xbe\xcf\xaf`\
\x95K\x8b\x9aZ(Y\xdb\xd8\xce!A\xd1\x00\xc9\xa5\
M\xdbc K\xb4\xcd\x8e$\x0a\x14=\xb6\xf3\xeb\xfb\
(\x89\xb2\xe4\x05\x98 \x9e4\x13\x01\x89\xa5\xb7\x90\xef\
}o#g\xf6z_\xe4\xe8\x91\x8a\x9a\xf1rn8\
\xa6m Z\xa6<c\xe5zn\xfc\xf5\xf17\x1c\x1a\
\xa8\x96I\x99%9/\xe9\xdc(\xb9\xf1zq7\xfb\
\x09c\xf4F\xd0D\xd2\x0c\xed\x98\xdc\xa0w\xe5C\x9d\
&\x15E?o\xa4\xacb\xcb\xda\xedv&\xeb\x88&\
\x17k\xeb\x17\x84\xf1\xe2\xeenV?\xae\xef\x10B\xb0\
oY\xc7Y:7:\x85j+\xf2F0K-\x9a\
\xd3\x82\x96\xb2\xb6\x1c\xd3\xb1\x8c\xa3xz\x14O\xd5\xee\
\xec\x91\xa6\xbc(xY7\x9ae\xfdj ,\xb2U\
/\xad\xac\xd9\xb9\x8d\x90\x13E\x91e\x13\x8b\x10\x0c\x12\
\xb8>\x942\xd9\xe3\xb1*\xd8xI\x95\xd8\xb6m\x01\
\xef(\xf94\xa9\xb8\x06@+\xf8\xd7\x8bk\x82Y\xf3\
\xadH\xe9\x0a\xf4\xa8YRi\xbd\xfd\xf8\xb6gb\xdb\
\xccd6XF\xe39\xdau\x04r\x99\x14\xb4\xae\x92\
\x94\xd6\x96\xa67\xfa;\x96\xc9\xcd\xdcp=\xd3q\xe1\
\x996\xc4\x0de\xeb\x8d<\xa5\xb2ln\x80\xf5$\x0a\
\xdb\xefAr8\xad@\xb7p\xdcsl3\x22\xa6\x83\
\x843u\x83VF\xbb\x10g<U6\xc1\x92\xb4`\
\xc9V\xf2\x02\xa2\x96\xa6yR\xd7l\xc5R\xf8\xe0e\
\x95o\xd7\xac\xfc$7\x82\xd6\x1b\x9eg\x9f$\xe7\xb9\
\xa9\x11\xec\xb7\xa3\xfb\x8a\x0b\x89\xf7Y\x058\xfa\xc1E\
\xe6A3\x17\xc0\x9detU+\xa9\xd6)\xf5\x05^\
\x05\x06\xb2\x1ano\xa320{dtw\x94]&\
u\x0b\x1cBU\xb2\x86$\xcb\xb9\x98\x1b\xafV\xcd\xd3\
1\x96\x5cdTh\x96\xdf<#\x16\x87@0yh\
\xcb\xaa[[\xdb\xabV\xed\xf9\xf6e~\xbdI2\xbe\
\x9b\x1b\xe4\x94\xf9\x99\xf3\x02V\x9d\x9a\xa1\xeb\xdb\xa1{\
\xcaN\xf7s\x03O]\xd3\x9fzax\xc6l\xecq\
\x9c\xc0!\xc1\xf4\x8c\xb9\x15\x02\xea\x0e\xe7\xc9\x81\x82S\
\xcd\x8f\xd3\x09Ahvk\xa1\xc0\x91bKO5\x15\
\x07/\x97|\x7f\x99\x0di\xb0U\x15\x8d\xb7%\x93P\
5\xd5~\xb8\xea\x96e\xb4\xbe\xacX\x97I\x85\xd79\
_&\xf9e\x81\x1d+\x01$\xdc%\xb8\xe3\xf618\
\x95\xd0\xd9\x1e\xd8\xe1\x15\x09\xb0\xdd\xbe\xc2:\x5cg\x15\
\xc9\x9e\x15\xec3\x05`\x9c3T\x94gCX\x16\x8d\
\xc0l\x04[\xab\x83\x90<\xa8\xca\xde\x1f\x14\xcd\xd0D\
\x85\xb7\x22\x90(\x0az\x22\x17\x0c\x0af`\xae&\x1d\
\x86$\xd5\x07\xa0\x8d\xef\x9b\xfck\xb238\xe5\x1d\x86\
\xbc\xae,\xac\xf3\xbah\xe8\x05\x95I\x96\xc8\xe4X$\
\x9a\x02\xb6\xd9\xda3h\xa9\xf1\x1fo\x7f[t\x1b\xcd\
\xd24\xfe\x87\x8b\x07\xbd/BJ Y\xf2-D\xc2\
X\xf4\xe4Y\x96\xc6\xd0\x04\xa19,X\x01\xa9\xaf\xfa\
\xe7\xaf\xd0\xf4f\xd6\x911\x12V`\x1d\x17m\x97\x85\
\xf6\xd1t\xd3\x8b#%K\x0b\xa6\x94\xac?%\xcb\xf3\
wj\x93\xce\xe3\xc1\xa2L\xe6\xf4H\x9cY\x9d\xf5\x9d\
o\xd6\xc0\xb9\x99\xa5\xbdo\xbe\xd6GTFE\xd3\x07\
:O\x96\x142\xf8\xbdb\xa2\xf3<\x11|[\x15<\
\xa3\x9d\xbaF\x93\xe69\xab\xea\xde\xd1Z\x1er\x10i\
ZN\xfc\xcan\x9e\xfb\x8c\xd5\x15(\xc1p\xc8YI\
\xef9t\xe5U\xcew\xf1#\xab\xd92\xa7\xf7\xcd/\
\xcb\xc1\xf9\x9e\xb4\x02\x04\xe2\x12\xe6\xf9}-\x05\x7f\xa0\
q\xd7\xd8\xba\xcf\xb6\x98b\x02==\xb0\x89\x17E\x9e\
f\xa8\x1d\xc0\xe0x\xb9\x95rH\xfb\x97\xb32\x06|\
\xa9\xd0\xd4\xe6#\x87\xc2\x90q\xaf\x9d%\xd0\xd1\x84\x00\
[\x07{7T\xbeZ\xd5T\xc6\xb6\xa6u\x9d1v\
\xee\x8bD<P\xd1*\xd02\x01\xeb\xf12I\x1f\x14\
`e\x16')\xb4\x95m\x0e\xc7\x90Q\xc1T\x89\xdc\
\xb8\xb6\x13\xe2\x10\x1fS>\x1d\xd5\x8bj\x83.\xcc-\
5\xf7HO\x15 CB3\x88\xd4s\xa4\xaa2\x09\
\xda:\x09\xfb\xa4\x99\xa5L\xa4\xf93\xc6F\xbd\x0d\x90\
h>\xc56\xa7\x8a\xfb\x19\xa6K\x1f\xbcn\xb3Q\xf0\
\x1c\xd3\x0d\xdb\x91\xf4Rc\x17`\x7f\x14;\xdf\xb4#\
\xdfu#2\x8e\xe1\xe8\xec\xd2D\x0b\x88\xe4\xc5D\x89\
\xb4\xb9\x16\xbc\xd8\x0a\x1b\xc5hj\xba\xee8\x1aWc\
\xe4\xd8\xe6h\xee@\xa8\xd4\xa2'\x81:\xefT\x97`\
$\xed\xfa\xae\xf7\xac\x8d\xaa\x87\xacw\x03\x80\xf8\x80\xb4\
w\xee\xc4u\xdb\x1e\x11\xa0\xdf\x91}\x06\x17L\xc9#\
X\xc7\x13\x17/\xc1R\xc9\x05\x86\xb3\xd7c\x22\xb7\x82\
\x8efx?\x8ba8\xa8\xf1\x05\xc7\xa44\xbd\x01d\
\x8e\x19E\xbeM\xa6a\xb5\xffr\xcc.\x22Q\xa0\xfe\
(1!\x81\x194\x98\xa0\x14\xe9\xe0\xb8\x13\xfb\xda\xfb\
yj\x05\x01\xc1\xf6\x93\xd1\xbaI\x069\xc1\xd4s\xa6\
\xd3\x1b\xe2\xa1\xab\x012C\xe7\x08\xe0aO\xb0g\x92\
\x06\xa8k\xef\xe7x\x84\xde\xf3\xa1\x11\xd2\xf3\xe4\xe8\x02\
In\x88\x06\x1e\xa4\x87\xdd:\x1a \xd7$\x13\xcd\x08\
\x90oz\x13\x1c\x9a\xd3\x16\xaa\xf7\xc8q\xcd\xb0\xd5\x88\
L\x1f9\x11\x08\xab\xff\x10\xf1:\x99\x09q:\x8c\x91\
K&d\x0aR9\xd2\x0bL`\xf13$=\xdb\x0d\
\xbe!\x92:\x05\xbc\xe8[t&['\x9c{\x1d\xfa\
#`\x03\xe8\xfd\x11\xf4^\x9f\xb9\xc1@B\xd3\x9aX\
\xbc\x1f\xc6\x80\x98^\x03\xbf\xdfu\xf4\xa7\xc4\x00\xbb_\
\xdc\x0b{9)\x92\xb2V\x97\x02\x9c\xc2\x95\x92\x0a\xdc\
\x5cq\xfc'\x08\xc20\xc2\xa7\x17\x9e\xef\xab\x8b~\x18\
vQ\x05\xec\x9b&P-\xc6\xa7/W\xfa&&\xdf\
\xb0s>\xef \xd1\xc7\xee\xe0\xab\x06\x09v~\x1c@\
\x9c[L\xd6/\xa8\xbe\xef\xbdH\xfc\xbeF\xfc\xae2\
\x06\xbf\xd7\xdc\xf7~\x9c|\xd0o_\x97\x0f\xd1K?\
k9\xc4\x0cor\xcc\xc2\xfeK\x87\x82\x84\xb7\x82\x82\
\xbcx(\xf4i\xe76x\x04\xdf\x16\x8f\xff\xefNk\
\x1f\xcf}\x01\xfa\x1b\xf5\x17\xdbK\x97Z\xff\xb6\x97\xda\
\x99\xb5^\xdc\xcd\xd4\xdf\x7f\x17w\xff\x01\x5c\xd5\x81\xeb\
\
\x00\x00\x17\xc8\
<\
?xml version=\x221.\
0\x22 encoding=\x22UTF\
-8\x22 standalone=\x22\
no\x22?>\x0a<!-- Creat\
ed with Inkscape\
 (http://www.ink\
scape.org/) -->\x0a\
\x0a<svg\x0a   xmlns:d\
c=\x22http://purl.o\
rg/dc/elements/1\
.1/\x22\x0a   xmlns:cc\
=\x22http://creativ\
ecommons.org/ns#\
\x22\x0a   xmlns:rdf=\x22\
http://www.w3.or\
g/1999/02/22-rdf\
-syntax-ns#\x22\x0a   \
xmlns:svg=\x22http:\
//www.w3.org/200\
0/svg\x22\x0a   xmlns=\
\x22http://www.w3.o\
rg/2000/svg\x22\x0a   \
xmlns:xlink=\x22htt\
p://www.w3.org/1\
999/xlink\x22\x0a   xm\
lns:sodipodi=\x22ht\
tp://sodipodi.so\
urceforge.net/DT\
D/sodipodi-0.dtd\
\x22\x0a   xmlns:inksc\
ape=\x22http://www.\
inkscape.org/nam\
espaces/inkscape\
\x22\x0a   width=\x2234.1\
33335\x22\x0a   height\
=\x2234.133335\x22\x0a   \
id=\x22svg2985\x22\x0a   \
version=\x221.1\x22\x0a  \
 inkscape:versio\
n=\x220.92.1 r15371\
\x22\x0a   sodipodi:do\
cname=\x22semiautom\
aticclassificati\
onplugin_search_\
images.svg\x22\x0a   i\
nkscape:export-x\
dpi=\x2267\x22\x0a   inks\
cape:export-ydpi\
=\x2267\x22>\x0a  <defs\x0a \
    id=\x22defs2987\
\x22>\x0a    <linearGr\
adient\x0a       id\
=\x22linearGradient\
3779\x22>\x0a      <st\
op\x0a         styl\
e=\x22stop-color:#f\
0feff;stop-opaci\
ty:0;\x22\x0a         \
offset=\x220\x22\x0a     \
    id=\x22stop3783\
\x22 />\x0a      <stop\
\x0a         id=\x22st\
op3787\x22\x0a        \
 offset=\x220.49315\
068\x22\x0a         st\
yle=\x22stop-color:\
#bbfaff;stop-opa\
city:0.47058824;\
\x22 />\x0a      <stop\
\x0a         id=\x22st\
op3785\x22\x0a        \
 offset=\x221\x22\x0a    \
     style=\x22stop\
-color:#87f6ff;s\
top-opacity:0.98\
039216;\x22 />\x0a    \
</linearGradient\
>\x0a    <radialGra\
dient\x0a       ink\
scape:collect=\x22a\
lways\x22\x0a       xl\
ink:href=\x22#linea\
rGradient3779\x22\x0a \
      id=\x22radial\
Gradient3775\x22\x0a  \
     cx=\x224.37585\
88\x22\x0a       cy=\x225\
.6555443\x22\x0a      \
 fx=\x224.3758588\x22\x0a\
       fy=\x225.655\
5443\x22\x0a       r=\x22\
14.21688\x22\x0a      \
 gradientTransfo\
rm=\x22matrix(1.020\
2449,0,0,1.01928\
8,14.967938,8.74\
58064)\x22\x0a       g\
radientUnits=\x22us\
erSpaceOnUse\x22 />\
\x0a    <linearGrad\
ient\x0a       grad\
ientUnits=\x22userS\
paceOnUse\x22\x0a     \
  y2=\x222.3636363\x22\
\x0a       x2=\x223.18\
18182\x22\x0a       y1\
=\x2211.454545\x22\x0a   \
    x1=\x22-7.72727\
25\x22\x0a       id=\x22l\
inearGradient602\
9\x22\x0a       xlink:\
href=\x22#linearGra\
dient6023\x22\x0a     \
  inkscape:colle\
ct=\x22always\x22\x0a    \
   gradientTrans\
form=\x22matrix(0.6\
4,0,0,0.61333333\
,30.933333,2.72)\
\x22 />\x0a    <linear\
Gradient\x0a       \
id=\x22linearGradie\
nt6023\x22\x0a       i\
nkscape:collect=\
\x22always\x22>\x0a      \
<stop\x0a         i\
d=\x22stop6025\x22\x0a   \
      offset=\x220\x22\
\x0a         style=\
\x22stop-color:#00f\
fff;stop-opacity\
:1;\x22 />\x0a      <s\
top\x0a         id=\
\x22stop6027\x22\x0a     \
    offset=\x221\x22\x0a \
        style=\x22s\
top-color:#00fff\
f;stop-opacity:0\
;\x22 />\x0a    </line\
arGradient>\x0a  </\
defs>\x0a  <sodipod\
i:namedview\x0a    \
 id=\x22base\x22\x0a     \
pagecolor=\x22#ffff\
ff\x22\x0a     borderc\
olor=\x22#666666\x22\x0a \
    borderopacit\
y=\x221.0\x22\x0a     ink\
scape:pageopacit\
y=\x220.0\x22\x0a     ink\
scape:pageshadow\
=\x222\x22\x0a     inksca\
pe:zoom=\x2211.1978\
02\x22\x0a     inkscap\
e:cx=\x22-19.57587\x22\
\x0a     inkscape:c\
y=\x2219.286496\x22\x0a  \
   inkscape:curr\
ent-layer=\x22layer\
1\x22\x0a     showgrid\
=\x22true\x22\x0a     ink\
scape:grid-bbox=\
\x22true\x22\x0a     inks\
cape:document-un\
its=\x22px\x22\x0a     sh\
owguides=\x22false\x22\
\x0a     inkscape:s\
nap-global=\x22fals\
e\x22\x0a     inkscape\
:window-width=\x221\
366\x22\x0a     inksca\
pe:window-height\
=\x22708\x22\x0a     inks\
cape:window-x=\x220\
\x22\x0a     inkscape:\
window-y=\x220\x22\x0a   \
  inkscape:windo\
w-maximized=\x221\x22>\
\x0a    <inkscape:g\
rid\x0a       type=\
\x22xygrid\x22\x0a       \
id=\x22grid2997\x22\x0a  \
     originx=\x220\x22\
\x0a       originy=\
\x220\x22\x0a       spaci\
ngx=\x221.0666667\x22\x0a\
       spacingy=\
\x221.0666667\x22 />\x0a \
 </sodipodi:name\
dview>\x0a  <metada\
ta\x0a     id=\x22meta\
data2990\x22>\x0a    <\
rdf:RDF>\x0a      <\
cc:Work\x0a        \
 rdf:about=\x22\x22>\x0a \
       <dc:forma\
t>image/svg+xml<\
/dc:format>\x0a    \
    <dc:type\x0a   \
        rdf:reso\
urce=\x22http://pur\
l.org/dc/dcmityp\
e/StillImage\x22 />\
\x0a        <dc:tit\
le />\x0a      </cc\
:Work>\x0a    </rdf\
:RDF>\x0a  </metada\
ta>\x0a  <g\x0a     id\
=\x22layer1\x22\x0a     i\
nkscape:label=\x22L\
ayer 1\x22\x0a     ink\
scape:groupmode=\
\x22layer\x22>\x0a    <pa\
th\x0a       style=\
\x22fill:#b3ff80;st\
roke:#000000;str\
oke-width:0.8581\
5299px;stroke-li\
necap:butt;strok\
e-linejoin:miter\
;stroke-opacity:\
1\x22\x0a       d=\x22M 1\
5.284506,1.68576\
82 32.447565,10.\
267298 23.866035\
,27.430357 6.702\
9754,18.848828 Z\
\x22\x0a       id=\x22pat\
h2997\x22\x0a       in\
kscape:connector\
-curvature=\x220\x22 /\
>\x0a    <path\x0a    \
   style=\x22fill:#\
0066ff;stroke:#f\
fffff;stroke-wid\
th:0;stroke-line\
cap:butt;stroke-\
linejoin:miter;s\
troke-miterlimit\
:4;stroke-dashar\
ray:none;stroke-\
opacity:1\x22\x0a     \
  d=\x22m 22.793344\
,6.1106196 -3.09\
4302,3.4656172 -\
1.732808,3.37278\
92 -0.866406,3.3\
41845 v 5.012768\
 2.506386 L 6.70\
29754,18.797257 \
15.36702,2.08802\
74 20.379789,4.5\
015827 Z\x22\x0a      \
 id=\x22path3009\x22\x0a \
      inkscape:c\
onnector-curvatu\
re=\x220\x22\x0a       so\
dipodi:nodetypes\
=\x22cccccccccc\x22 />\
\x0a    <ellipse\x0a  \
     style=\x22fill\
:url(#radialGrad\
ient3775);fill-o\
pacity:1;fill-ru\
le:evenodd;strok\
e:#000000;stroke\
-width:2.0268409\
3;stroke-miterli\
mit:4;stroke-das\
harray:none;stro\
ke-opacity:1\x22\x0a  \
     id=\x22path299\
3\x22\x0a       cx=\x2219\
.432386\x22\x0a       \
cy=\x2214.510435\x22\x0a \
      rx=\x2213.484\
454\x22\x0a       ry=\x22\
13.484453\x22 />\x0a  \
  <rect\x0a       s\
tyle=\x22fill:#5522\
00;fill-opacity:\
1;fill-rule:even\
odd;stroke:#0000\
00;stroke-width:\
2.13333344;strok\
e-miterlimit:4;s\
troke-dasharray:\
none;stroke-opac\
ity:1\x22\x0a       id\
=\x22rect3767\x22\x0a    \
   width=\x2219.051\
357\x22\x0a       heig\
ht=\x224.4770689\x22\x0a \
      x=\x22-27.257\
868\x22\x0a       y=\x222\
1.278204\x22\x0a      \
 rx=\x221.1560359\x22\x0a\
       ry=\x223.720\
34\x22\x0a       trans\
form=\x22rotate(-39\
.797873)\x22 />\x0a   \
 <g\x0a       inksc\
ape:label=\x22Livel\
lo\x22\x0a       id=\x22l\
ayer3\x22\x0a       tr\
ansform=\x22matrix(\
1.0223342,0,0,0.\
97634836,-1.2045\
502,21.407242)\x22>\
\x0a      <ellipse\x0a\
         id=\x22pat\
h5982\x22\x0a         \
style=\x22fill:url(\
#linearGradient6\
029);fill-opacit\
y:1;fill-rule:ev\
enodd;stroke:#00\
0000;stroke-widt\
h:0.62652481;str\
oke-opacity:1\x22\x0a \
        cx=\x2227.7\
33334\x22\x0a         \
cy=\x226.4000001\x22\x0a \
        rx=\x226.40\
00001\x22\x0a         \
ry=\x226.1333332\x22 /\
>\x0a      <ellipse\
\x0a         id=\x22pa\
th6043\x22\x0a        \
 style=\x22fill:non\
e;stroke:#000000\
;stroke-width:0.\
17939581;stroke-\
miterlimit:4;str\
oke-dasharray:no\
ne;stroke-opacit\
y:1\x22\x0a         cx\
=\x2227.466667\x22\x0a   \
      cy=\x226.4000\
001\x22\x0a         rx\
=\x222.4000001\x22\x0a   \
      ry=\x225.8666\
668\x22 />\x0a      <e\
llipse\x0a         \
style=\x22fill:none\
;stroke:#000000;\
stroke-width:0.2\
674275;stroke-mi\
terlimit:4;strok\
e-dasharray:none\
;stroke-opacity:\
1\x22\x0a         id=\x22\
path6045\x22\x0a      \
   cx=\x2227.733334\
\x22\x0a         cy=\x226\
.4000001\x22\x0a      \
   rx=\x225.3333335\
\x22\x0a         ry=\x225\
.8666668\x22 />\x0a   \
   <ellipse\x0a    \
     style=\x22fill\
:none;stroke:#00\
0000;stroke-widt\
h:0.18541314;str\
oke-miterlimit:4\
;stroke-dasharra\
y:none;stroke-op\
acity:1\x22\x0a       \
  id=\x22path6047\x22\x0a\
         transfo\
rm=\x22matrix(0.005\
94027,0.99998236\
,-1,0,0,0)\x22\x0a    \
     cx=\x226.40011\
31\x22\x0a         cy=\
\x22-27.828695\x22\x0a   \
      rx=\x222.4000\
795\x22\x0a         ry\
=\x226.2666206\x22 />\x0a\
    </g>\x0a  </g>\x0a\
</svg>\x0a\
\x00\x00\x0d%\
<\
?xml version=\x221.\
0\x22 encoding=\x22UTF\
-8\x22 standalone=\x22\
no\x22?>\x0a<!-- Creat\
ed with Inkscape\
 (http://www.ink\
scape.org/) -->\x0a\
\x0a<svg\x0a   xmlns:d\
c=\x22http://purl.o\
rg/dc/elements/1\
.1/\x22\x0a   xmlns:cc\
=\x22http://creativ\
ecommons.org/ns#\
\x22\x0a   xmlns:rdf=\x22\
http://www.w3.or\
g/1999/02/22-rdf\
-syntax-ns#\x22\x0a   \
xmlns:svg=\x22http:\
//www.w3.org/200\
0/svg\x22\x0a   xmlns=\
\x22http://www.w3.o\
rg/2000/svg\x22\x0a   \
xmlns:sodipodi=\x22\
http://sodipodi.\
sourceforge.net/\
DTD/sodipodi-0.d\
td\x22\x0a   xmlns:ink\
scape=\x22http://ww\
w.inkscape.org/n\
amespaces/inksca\
pe\x22\x0a   width=\x2234\
.133335\x22\x0a   heig\
ht=\x2234.133335\x22\x0a \
  id=\x22svg2985\x22\x0a \
  version=\x221.1\x22\x0a\
   inkscape:vers\
ion=\x220.92.1 r153\
71\x22\x0a   sodipodi:\
docname=\x22semiaut\
omaticclassifica\
tionplugin_roi_r\
edo.svg\x22\x0a   inks\
cape:export-xdpi\
=\x2267\x22\x0a   inkscap\
e:export-ydpi=\x226\
7\x22>\x0a  <defs\x0a    \
 id=\x22defs2987\x22 /\
>\x0a  <sodipodi:na\
medview\x0a     id=\
\x22base\x22\x0a     page\
color=\x22#ffffff\x22\x0a\
     bordercolor\
=\x22#666666\x22\x0a     \
borderopacity=\x221\
.0\x22\x0a     inkscap\
e:pageopacity=\x220\
.0\x22\x0a     inkscap\
e:pageshadow=\x222\x22\
\x0a     inkscape:z\
oom=\x2211.197802\x22\x0a\
     inkscape:cx\
=\x223.6302724\x22\x0a   \
  inkscape:cy=\x221\
8.971175\x22\x0a     i\
nkscape:current-\
layer=\x22layer1\x22\x0a \
    showgrid=\x22tr\
ue\x22\x0a     inkscap\
e:grid-bbox=\x22tru\
e\x22\x0a     inkscape\
:document-units=\
\x22px\x22\x0a     showgu\
ides=\x22true\x22\x0a    \
 inkscape:snap-g\
lobal=\x22true\x22\x0a   \
  inkscape:windo\
w-width=\x221366\x22\x0a \
    inkscape:win\
dow-height=\x22708\x22\
\x0a     inkscape:w\
indow-x=\x220\x22\x0a    \
 inkscape:window\
-y=\x220\x22\x0a     inks\
cape:window-maxi\
mized=\x221\x22>\x0a    <\
inkscape:grid\x0a  \
     type=\x22xygri\
d\x22\x0a       id=\x22gr\
id2997\x22\x0a       o\
riginx=\x220\x22\x0a     \
  originy=\x220\x22\x0a  \
     spacingx=\x221\
.0666667\x22\x0a      \
 spacingy=\x221.066\
6667\x22 />\x0a  </sod\
ipodi:namedview>\
\x0a  <metadata\x0a   \
  id=\x22metadata29\
90\x22>\x0a    <rdf:RD\
F>\x0a      <cc:Wor\
k\x0a         rdf:a\
bout=\x22\x22>\x0a       \
 <dc:format>imag\
e/svg+xml</dc:fo\
rmat>\x0a        <d\
c:type\x0a         \
  rdf:resource=\x22\
http://purl.org/\
dc/dcmitype/Stil\
lImage\x22 />\x0a     \
   <dc:title />\x0a\
      </cc:Work>\
\x0a    </rdf:RDF>\x0a\
  </metadata>\x0a  \
<g\x0a     id=\x22laye\
r1\x22\x0a     inkscap\
e:label=\x22Layer 1\
\x22\x0a     inkscape:\
groupmode=\x22layer\
\x22>\x0a    <rect\x0a   \
    style=\x22fill:\
#e9ab16;fill-opa\
city:1;fill-rule\
:evenodd;stroke:\
#18d6ff;stroke-w\
idth:2.17501283;\
stroke-miterlimi\
t:4;stroke-dasha\
rray:none;stroke\
-opacity:1\x22\x0a    \
   id=\x22rect2999\x22\
\x0a       width=\x223\
2\x22\x0a       height\
=\x2232\x22\x0a       x=\x22\
1.0666667\x22\x0a     \
  y=\x221.0666667\x22\x0a\
       rx=\x225.330\
369\x22\x0a       ry=\x22\
3.8048785\x22 />\x0a  \
  <path\x0a       s\
tyle=\x22color:#000\
000;font-style:n\
ormal;font-varia\
nt:normal;font-w\
eight:normal;fon\
t-stretch:normal\
;font-size:mediu\
m;line-height:no\
rmal;font-family\
:Sans;-inkscape-\
font-specificati\
on:Sans;text-ind\
ent:0;text-align\
:start;text-deco\
ration:none;text\
-decoration-line\
:none;letter-spa\
cing:normal;word\
-spacing:normal;\
text-transform:n\
one;writing-mode\
:lr-tb;direction\
:ltr;baseline-sh\
ift:baseline;tex\
t-anchor:start;d\
isplay:inline;ov\
erflow:visible;v\
isibility:visibl\
e;fill:#ffffff;f\
ill-opacity:1;st\
roke:none;stroke\
-width:3.4133334\
2;marker:none;en\
able-background:\
accumulate\x22\x0a    \
   d=\x22M 8,9.6666\
667 C 3.8140107,\
14.876795 4.4328\
907,22.644794 9.\
4,27.066667 14.3\
67109,31.48854 2\
1.947344,30.8101\
28 26.133333,25.\
6 c 4.18599,-5.2\
10128 3.56711,-1\
2.978127 -1.4,-1\
7.4 l 3,-2.86666\
67 H 17.066667 V\
 6.4 l 3.2,8.533\
333 2.666666,-3.\
7 c 2.379302,3.2\
77729 3.171058,8\
.950266 0.533334\
,12.233334 -3.04\
1858,3.786074 -8\
.220717,4.21972 \
-11.8,1.033333 -\
3.5792835,-3.186\
387 -4.0418585,-\
8.913925 -1,-12.\
7 C 11.2,12.3 11\
.2,6.9666667 8,9\
.6666667 Z\x22\x0a    \
   id=\x22path2988\x22\
\x0a       inkscape\
:connector-curva\
ture=\x220\x22\x0a       \
sodipodi:nodetyp\
es=\x22cssccccccssc\
c\x22 />\x0a  </g>\x0a</s\
vg>\x0a\
\x00\x00\x04G\
<\
?xml version=\x221.\
0\x22 encoding=\x22UTF\
-8\x22 standalone=\x22\
no\x22?>\x0a<svg\x0a   xm\
lns=\x22http://www.\
w3.org/2000/svg\x22\
\x0a   width=\x2234.13\
3335\x22\x0a   height=\
\x2234.133335\x22\x0a   v\
iewBox=\x220 0 34.1\
33335 34.133335\x22\
\x0a   version=\x221.1\
\x22>\x0a  <g>\x0a    <re\
ct\x0a       style=\
\x22fill:#49646b;fi\
ll-opacity:1;str\
oke:#e6e6e6;stro\
ke-width:2.4;str\
oke-linecap:squa\
re;stroke-miterl\
imit:4;stroke-da\
sharray:none;str\
oke-opacity:1\x22\x0a \
      width=\x2232\x22\
\x0a       height=\x22\
32\x22\x0a       x=\x221.\
0666667\x22\x0a       \
y=\x221.0666667\x22\x0a  \
     ry=\x226.09523\
82\x22 />\x0a    <rect\
\x0a       x=\x224.5\x22 \
y=\x2213\x22 width=\x2218\
\x22 height=\x2216\x22\x0a  \
     style=\x22fill\
:none;stroke:#ec\
ecec;stroke-widt\
h:1.2;stroke-das\
harray:2.4,1.6;s\
troke-opacity:0.\
8;\x22 />\x0a    <circ\
le cx=\x229\x22  cy=\x222\
0\x22 r=\x222.2\x22 style\
=\x22fill:#ececec;\x22\
 />\x0a    <circle \
cx=\x2214\x22 cy=\x2224\x22 \
r=\x222.2\x22 style=\x22f\
ill:#ececec;\x22 />\
\x0a    <circle cx=\
\x228\x22  cy=\x2225\x22 r=\x22\
2.2\x22 style=\x22fill\
:#ececec;\x22 />\x0a  \
  <circle cx=\x2215\
\x22 cy=\x2218\x22 r=\x222.2\
\x22 style=\x22fill:#e\
cecec;\x22 />\x0a    <\
circle cx=\x2225\x22 c\
y=\x228\x22 r=\x222.8\x22 st\
yle=\x22fill:#e8622\
a;\x22 />\x0a    <path\
 d=\x22M 22.2,5.2 L\
 27.8,10.8 M 27.\
8,5.2 L 22.2,10.\
8\x22\x0a          sty\
le=\x22stroke:#ffff\
ff;stroke-width:\
1.9;stroke-linec\
ap:round;fill:no\
ne;\x22 />\x0a  </g>\x0a<\
/svg>\x0a\
\x00\x00\x0c/\
<\
?xml version=\x221.\
0\x22 encoding=\x22UTF\
-8\x22 standalone=\x22\
no\x22?>\x0a<svg\x0a   xm\
lns:dc=\x22http://p\
url.org/dc/eleme\
nts/1.1/\x22\x0a   xml\
ns:cc=\x22http://cr\
eativecommons.or\
g/ns#\x22\x0a   xmlns:\
rdf=\x22http://www.\
w3.org/1999/02/2\
2-rdf-syntax-ns#\
\x22\x0a   xmlns:svg=\x22\
http://www.w3.or\
g/2000/svg\x22\x0a   x\
mlns=\x22http://www\
.w3.org/2000/svg\
\x22\x0a   xmlns:sodip\
odi=\x22http://sodi\
podi.sourceforge\
.net/DTD/sodipod\
i-0.dtd\x22\x0a   xmln\
s:inkscape=\x22http\
://www.inkscape.\
org/namespaces/i\
nkscape\x22\x0a   widt\
h=\x2234.133335\x22\x0a  \
 height=\x2234.1333\
35\x22\x0a   id=\x22svg29\
85\x22\x0a   version=\x22\
1.1\x22\x0a   inkscape\
:version=\x221.0.2 \
(e86c870879, 202\
1-01-15)\x22\x0a   sod\
ipodi:docname=\x22s\
emiautomaticclas\
sificationplugin\
_export.svg\x22\x0a   \
inkscape:export-\
xdpi=\x2267\x22\x0a   ink\
scape:export-ydp\
i=\x2267\x22>\x0a  <defs\x0a\
     id=\x22defs298\
7\x22>\x0a    <linearG\
radient\x0a       i\
d=\x22linearGradien\
t5971\x22>\x0a      <s\
top\x0a         sty\
le=\x22stop-color:#\
c10000;stop-opac\
ity:1;\x22\x0a        \
 offset=\x220\x22\x0a    \
     id=\x22stop597\
3\x22 />\x0a      <sto\
p\x0a         style\
=\x22stop-color:#80\
0000;stop-opacit\
y:0;\x22\x0a         o\
ffset=\x221\x22\x0a      \
   id=\x22stop5975\x22\
 />\x0a    </linear\
Gradient>\x0a  </de\
fs>\x0a  <sodipodi:\
namedview\x0a     i\
d=\x22base\x22\x0a     pa\
gecolor=\x22#ffffff\
\x22\x0a     bordercol\
or=\x22#666666\x22\x0a   \
  borderopacity=\
\x221.0\x22\x0a     inksc\
ape:pageopacity=\
\x220.0\x22\x0a     inksc\
ape:pageshadow=\x22\
2\x22\x0a     inkscape\
:zoom=\x225.598901\x22\
\x0a     inkscape:c\
x=\x22-5.4706447\x22\x0a \
    inkscape:cy=\
\x229.6358298\x22\x0a    \
 inkscape:curren\
t-layer=\x22layer1\x22\
\x0a     showgrid=\x22\
false\x22\x0a     inks\
cape:grid-bbox=\x22\
true\x22\x0a     inksc\
ape:document-uni\
ts=\x22px\x22\x0a     sho\
wguides=\x22true\x22\x0a \
    inkscape:win\
dow-width=\x221366\x22\
\x0a     inkscape:w\
indow-height=\x2270\
6\x22\x0a     inkscape\
:window-x=\x220\x22\x0a  \
   inkscape:wind\
ow-y=\x220\x22\x0a     in\
kscape:window-ma\
ximized=\x221\x22\x0a    \
 inkscape:snap-g\
lobal=\x22true\x22\x0a   \
  inkscape:docum\
ent-rotation=\x220\x22\
>\x0a    <inkscape:\
grid\x0a       type\
=\x22xygrid\x22\x0a      \
 id=\x22grid3765\x22\x0a \
      originx=\x220\
\x22\x0a       originy\
=\x220\x22\x0a       spac\
ingx=\x221.0666667\x22\
\x0a       spacingy\
=\x221.0666667\x22 />\x0a\
  </sodipodi:nam\
edview>\x0a  <metad\
ata\x0a     id=\x22met\
adata2990\x22>\x0a    \
<rdf:RDF>\x0a      \
<cc:Work\x0a       \
  rdf:about=\x22\x22>\x0a\
        <dc:form\
at>image/svg+xml\
</dc:format>\x0a   \
     <dc:type\x0a  \
         rdf:res\
ource=\x22http://pu\
rl.org/dc/dcmity\
pe/StillImage\x22 /\
>\x0a        <dc:ti\
tle />\x0a      </c\
c:Work>\x0a    </rd\
f:RDF>\x0a  </metad\
ata>\x0a  <g\x0a     i\
d=\x22layer1\x22\x0a     \
inkscape:label=\x22\
Layer 1\x22\x0a     in\
kscape:groupmode\
=\x22layer\x22>\x0a    <r\
ect\x0a       style\
=\x22fill:#789ba2;f\
ill-opacity:1;fi\
ll-rule:evenodd;\
stroke:#e6e6e6;s\
troke-width:2.4;\
stroke-linecap:s\
quare;stroke-lin\
ejoin:miter;stro\
ke-miterlimit:4;\
stroke-dasharray\
:none;stroke-das\
hoffset:0;stroke\
-opacity:1\x22\x0a    \
   id=\x22rect3010\x22\
\x0a       width=\x223\
2\x22\x0a       height\
=\x2232\x22\x0a       x=\x22\
1.4634253\x22\x0a     \
  y=\x220.54066598\x22\
\x0a       ry=\x226.09\
52382\x22 />\x0a    <p\
ath\x0a       style\
=\x22fill:#b41100;f\
ill-opacity:1;fi\
ll-rule:evenodd;\
stroke:#e6e6e6;s\
troke-width:2;st\
roke-miterlimit:\
4;stroke-dasharr\
ay:none;stroke-o\
pacity:1\x22\x0a      \
 d=\x22m 20.889284,\
31.20061 c 0.942\
103,0 1.695748,-\
0.753647 1.69574\
8,-1.695747 V 17\
.174771 h 6.4380\
9 c 1.839455,0 -\
10.117,-13.79591\
15 -10.117,-13.7\
959115 l -0.9197\
27,-0.919728 -0.\
919728,0.919728 \
c 0,0 -11.956456\
2,13.7959115 -10\
.1170002,13.7959\
115 h 6.4380912 \
v 12.330092 c 0,\
0.9421 0.753645,\
1.695747 1.69574\
8,1.695747 z\x22\x0a  \
     id=\x22rect534\
8-6\x22\x0a       inks\
cape:connector-c\
urvature=\x220\x22 />\x0a\
  </g>\x0a</svg>\x0a\
\x00\x00\x089\
\x00\
\x00Ylx\xda\xe5\x5cm\xaf\xa36\x16\xfe~\x7f\x05\
\xcbh\xd5\x8e:666`\xb8I*\xed\x8e\xaa\xad\
\xb4\xfbe\xdbU?V\x04|s\xd9!\x10\x01\xb9I\
\xe6\xd7\xeco\xd9_\xb66o\x01B\xb6\xd3\x01\xda\xb9\
uF\xa3\x19\xce9\xc6\xf6s\x9es\xfc\x82a\xf5\xed\
y\x1fk/<\xcb\xa34Y\xeb\x18\x22]\xe3I\x90\
\x86Q\xb2[\xeb\xff\xfa\xf1;\xc0t-/\xfc$\xf4\
\xe34\xe1k=I\xf5o7\x0f\xab?\x01\xa0\xfd5\
\xe3~\xc1C\xed\x14\x15\xcf\xda\xf7\xc9\x87<\xf0\x0f\x5c\
\xfb\xfa\xb9(\x0e\x9ea\x9cN'\x18\xd5B\x98f;\
\xe3\xad\x06\xc0\xe6\xe1a\x95\xbf\xec\x1e4M\x13\xf5&\
\xb9\x17\x06k\xbd.p8fqi\x18\x06\x06\x8f\xf9\
\x9e'En`\x88\x0d\xfdj\x1e\x5c\xcd\x03Y{\xf4\
\xc2\x83t\xbfO\x93\xbc,\x99\xe4o:\xc6Y\xf8\xd4\
Z\xcb\xd6\x9cHi\x84]\xd75\x90i\x98&\x10\x16\
 \xbf$\x85\x7f\x06\xfd\xa2\xa2\x8dcEM\x84\x90!\
tW\xcbO\xb3\xf2r\x01\xe8A\xfcm\xcd\x1b\x01\xcc\
\xd3c\x16\xf0'Q\x8e\xc3\x84\x17\xc6\xfb\x1f\xdf\xb7J\
\x80`X\x84\x9d\xdb4x\xf6j\xed\x81\x9c\xf8{\x9e\
\x1f\xfc\x80\xe7F#/\xcb\x9f\xa2\xb0x^\xeb\x84B\
L\xc4\xcf*\x85\xcf<\xda=\x17Ci\x14\xaeu\xd1\
z\xd3e\xd5u\x87\x1c\xb82\xa8o\xec\xb5\x1a\x04]\
\x13b-\xc3\x16q*\x9b\xa6\x0b^\x98\x06\xb2M\xe2\
\x96|\x1f\xf9\xc7\x22\xdd\x0b\xaf\x05A\xec\xe7y\xf4\x14\
\x05\xe2\x22M\x0e\xf1q\x17%?\x07Y\x9a\xe7?\xf7\
U\xb0\xc1\xb1\xad\x94\x9f\x0fiV\x80sx\x10h\xda\
\xce\xa8\xf2\xd2(7B\xbb\x0a\xf9S.\xad\xaa\xae\xc9\
+\xd17G\xd7\x8cR\xdb\xb6T63|\x89\xf8\xe9\
j\xbb\xf5\xf3\x0a>M;\xf8;A\xb58\xcd\xd6\xfa\
\x9b\xa7\xf2W+\xb6i\x16\xf2\xacQ\xd9\xe5\xaf\xa7J\
\x85;\xa2\xe2R\x05W}\xef\xa6\xbd\xf2\xae\xad\x1e\x8d\
\xeb\xf3g?LOk\xdd\x1c*?\xa6\xe9~\xad[\
\xd0r\x99\x8b\xf0P\x1b\x9c\xd7:\xb0LhSb\xb3\
\x9b\xb2\x81\xa8\x0f`\x0c\x09\xb3mz\xa3<f\x99\x88\
>\x10\xfb\x17.:U\xfe\xd3\xdc?\x7fNO\xbbL\
\x82SdG>,)5`\xbbM\xcf\xe3jA\x86\
\xa3\x8ckpL\xa2B\xc4\xce\xe1\xdc\xbd\xeb1\x0ay\
>^0O\xfc\x03\xd8\xc5\xe9\xd6\x8f\xc7\x0dNQ\x22\
@\x025\xcd1i}0\xb4h8\xef v\xc7B\
\xb4\x1d\xddQ]\xee\xab\xf6\xfe9\xdaG\x1f\xb9\x00\x06\
\x97\xb4\x13\xd4\xea\xc1R\x15\xd3\xb4\xe2\x22\xe3\xf7|\x91\
2\xbd\x11J<\xa5\xc0t]\xa7\x15\xa6Y$\xc2\xa2\
\xd3\x9cFt\xe9\x8ad\xb4\x8bd}.\xf9U\xb2\xcf\
\x19\xea.]]M{\xe3\x96\xf7\xa5|\xcf\x0b?\xf4\
\x0b\xff\x1a\x04\x8dD\xb4\x0d5=\x13\x89\xd3\xfb\xe7\xfb\
\xef6uE\xab \xf0~J\xb3\x0fM\xbd\x9a&\x0d\
\xfcmz\x14H\xeb\x9bV\xbc\x0a\x03O\xa4:\x91\x02\
6\xd1^P[f\xc9oDj[\x19WE\xcfX\
\x82u\xbdiu\xdb\x8cW9st\xe0\x08\x83}$\
\x0b\x19?\x14Q\x1c\x7f/+\xa9{\xdc\xb9iT\xc4\
\xfc*\x5c\x19u\xeb\xeb\xbe\x19\x9d\xce\xad\x8c\xa6\xf7\xe5\
\xd5\xee\x8aJ/(ZG\xc7\xfe\x96\x0b\x86\xfe]*\
5|\x1b\x1d\xe9\xf1\xb0OC^\x17o\xd1\xe4A\xd1\
\xba\xac\xb8\xc4B\xff$Z\xef\xbd\xf1\x91\x19\x98\xc1\xa3\
\xbc\x00u\x9a\xf0pu\x99\x1dc\x91\xee^x\x92\x86\
\xe1c^d\xe9\x07\xee\xd5\x89\xa9\xbe\xac\x82\xc1C\x90\
\x12\x97J\xdf7r\x81\x10\xcfb\xc1\xd6\xc2\xa3\x8d,\
\xf4E\x9a\xc92\xff\xe2%b\x98o\xa4m\x9d=\xa2\
\xca\xe6Z\x8c\xb8\x00\x03\x06\xae\xaa:\xf6,H\xc8u\
0\xd1:\xc3\x0c\x85n\xa9\xa1\xadF\x92\x16\xc1\x01i\
\xcb\xcctC\xe5\xac\x17\x07YIi\x9b\xca\x9f\xdd:\
\xf8U\x03\xe9.\x01$&\xd0\xe9[\xfe\xe1q\xc4\xc0\
Z\x02I\x06\x19\x92?s&$\x11b\xe2\xcf\x17\x8d\
\xa4\xb3\x04\x8e&\x81\xb6:\x10\x0a2.\xc2F\xcc`\
o\xa6\xa9\x00\x94\xee2|$\x04RuF\x9a\x89\x08\
\xa2\x1er\x90\xcd\xca\xc1/~l\xa1\x13\xd1\xbb5W\
p\xaa\xc3\xe6\xa4\xa0b\xd3\x1b4\x99\x82H\xe1)\x0d\
\x22s\x82\xa7\xce<\x06M\x1ex\x91\xdaS\x97\xe9\x8b\
\xe4\xd1\x91c\xee\x99\xcb\x17OC:\x19\xc7~\x043\
h\x95&\x0a\xe17\xef\x00\xa2\xd6\xdc\xb9F\xd0\x9c\x13\
A\x157\xba\xe8T\x0e\x9a\xf6p\x04)W#\x0e\x99\
3\x9a_\xc5N\x97\xb3\x04\x92\x82\x93\xa6R\xdb\x85\x93\
7\x0cGad\xd0Vht\xaewh&g\xc7\xf1\
\xd8&\xd5M\x94\xa1%\x05\xe6\xd4u\xb2\x89\xe1@\xa8\
Th30u\xb5\x87\xed\xc1N\x83\xad\xd0,\x87\xb2\
Y\xd1S+\x17\x222}\xab\xda\x1e\xec5P\xa5\xc6\
\x12{\xfa\x90<\x96\xfeL\xd5V\xcc\x0e\x987\x8e\xb1\
ZKf9\x10\xdb\x80\xe0%\xb8\xa8\x1c\x94r\x1b\x0c\
\xb8h\x09,\xe7\x9e\x1f\xbe\x8e\x9d\x9c\xe9\xe7\x1cT\x9e\
d\xd7\x9b9\xc0\xb5gEQ\xad\xc53\xa5\x93\x17|\
\x1d\xbe)\xbb\x8b\x03\xecYAT\x8b\x832\x94\xd9\xac\
\xf8\xa9\xb3\xd6k7\xc0&?Y\xe9#\xa8\xde\xde\x97\
#\x86\x12gV\x0c\x95[\xf4U\xa7\xe5\x00\xb2g\x1e\
S\xe6\x9bi\xf7a{={\xb2\x93\xf7\xc2\x00q\x86\
\x93\xc3_=cl\xdf\x7f\xc8\xfc$\x97g\xfd\xd7z\
\x1e\xf81\xff\x1a\xe0w\xf8\xed\x1f\x86\xc0\xe5\xc4\x92\xce\
\x9b\x09\x18T\xe7\xfc\xf6\x22g<g>\xa9\xf8Z\x98\
\xb8\xc8\xf9\xed\x99\xf7-\xbetF.rrG\xb5\x93\
\xb3\x8c-\x01\xa3r/\xb7L_m\x8f\xe2\xa8\xdc\xab\
-\xf6\x12(\xaa\xf4b\x0b]\x06B\xe5\x8e\x86\xd2\x19\
V\x8d\xe3dTl\x94\xae\xf6\x81\x968{\x82\x95{\
_M\xac\xc0\x17\x01R\xb9\x07^\xcdrp\x094\xd5\
Y\x13\xce{\x94B\xb9\x07\x0c\xe6\x22\x0f\x5c\x95{L\
3\xfd<\xd9\xf8)\x00\x85\x1e5\xc8\xc9\xce\x22\xa7\x1a\
\x15;]V>\xb8f\xf3\x1eo\x9cq8y\x1d\x93\
n\xb0\xc8\xa1\x1e\x95`dK\x9d\xf6\x9e\xfb\xc1W\x8d\
L\x0fI\xf4\x7f\x90DTn\x86\xf4\x91\xa4\x90!\xd7\
r]\xc6F\x90\x14\xa3a\xb9\x7f\x82\xac\xcf\x85\xd4t\
\xdd\xdbW\xf3\x11$\x0e\x22\xb6{\x0b%\x83\x0eE\x0e\
a\xbd\xd7\x8a 3]\x9b \xab\xbf\xa2\x86\xc45-\
\x97Z=,\x99\x90\x22\xe2Zf\x0fS\x0b:\xaeE\
\xdc\xceG\x02\xda\x0f\x17\xb5\xcfl@\xc0\x13\xd1o\xf9\
\x8d,`C\x07\xdb\x882\xe7\x13\xec/\xa5=u\x99\
c\xdb\xd6\xd5g\x07\xbfx\x1e\xf3Y\x075\x19\x09\xb7\
\xfe\xc0\x82\xd96\xa1\xa2\xc3\x87s\xa3\x89\xa3\x84\x8b\xda\
\xbd\xed\xb1(\xba\xb2\x7f\xa7Q\xe2\x95\xee\xba\xef\x08\xe1\
\x87\x7fh\x00C\xa7\xfc\x99\xef\xc4b\xa5\xfc\x22\x1e\xd1\
\xfe\xa6Qs8\xbeH\xb7\xc9\xa6\x13a{\xdb\xf9 \
MDC\x8a4\x03\xc11{\xf1\x8bc\xc6%}\xdb\
N\x17\xfc\xdc\x12\xf5\xbc\x8f\xbd\xf2s}\xe2\x86\x19\xcf\
y\xf6\xc2\xf5! iR\x80\xf2\xff\x02\x96l\xef\xc7\
\x8f\xa5\xe4T\x92\xc1\xdb\xa6qX\x09\xf2\xe8#\xf7\xb0\
Y\xef\xe5aW\x00#{_\x7f\xf0\xccC\x7f\xae\xcc\
\x9e\xfc}\x14_\xbc\x5c8\x08\x88\xfa\xa2\xa7G\xd0\xb4\
\x1cT\xf79\xf0\xa0\xfd\xfc\x9e\xf7\xd5\x0f\xc2P\xfb\x8b\
\xa8\xe5\xab\xc7\x98\x17\xd2\x97\xf5G\xc5<$j8\xa5\
Y\xd8\x134\xc9\xabt\xd9 y\xd5\x0e\xed\x86D\x93\
\xa7\xcc\x0am\xfa\xe9y\xaa\x97FD\x042\xcb\xed\xef\
\x80\xb8\x22*\xa9K\xfa\xc1&\xb1'\x0c\xbb\xf2\xe0\xd7\
\xfd'\x92\x18\x22\x82\xa9\x89\xcdw\x08\xba\xb6\x08\x0a\x1b\
\xe1\xb7\xfafU\x88\x9e&\xd7\xcf\x91\xb5_P\xcbR\
\xe9(\x89\xb6~\xd5\x96\xd5\xc9\x02\x84\x99\x18t\x8f\x84\
\x8f\xb7\xf9N\xab\xfb<\xb8\xebu\xd7t0\xb5\x06>\
\xc7\xd0\xb4&{\xfd\x97=:\xc5\x8b\x1bse\x94(\
\xfdJt\xef\x22H-\xc8l\xc2le\x10\x1ce\x9c\
H\xb2\x9b\xff\xfe\xa7\x85\xd6\x90\xbc_\x22\xfdtE\x9f\
\x9d\x80\x16\xcb+\xed\xcb\xb5\xe6\xe0\xb1&\xa1\xd8\xc1\xac\
7PZ\x90\x22\xd3\xb2\xec\xbb\xe9\xe2\xb7O\x18\x00\xf7\
\x09\x7f\xdb\xf0;M\xff\xdd\x19\x7f\xcf\x0b\x1b\xfc\xd9\xd1\
~\xa7\xf3\x04C\xcb\xc6\xddI\xc8\x80\xb9\x9f\xdb\xd7_\
\x22\xd2 \xdc\x80=\x1ep+c\xb7yX\xc9\xef\x5c\
n\x1e\xfe\x07\xee\x92\xd2\xac\
\x00\x00\x06k\
\x00\
\x00\x16\x14x\xda\xedW[\xaf\xdaF\x10~?\xbfb\
\xeb\xbc$*^\xef\xfdB\x80Hm\x14)R\xfb\xd2\
\xa6\xeacd\xec\x05\xdc\x18\x1b\xd9\xe6\x00\xf9\xf5\x9d5\
\xd8\x98s8\x0dQ\x92*\xaa\x8a\x12\x1d\xed\xcc\xec\xee\
\xec\x5c\xbe\xf9<y\xb5_\xe7\xe8\xdeUuV\x16\xd3\
\x80b\x12 W$e\x9a\x15\xcbi\xf0\xc7\xbb7\xa1\
\x09P\xdd\xc4E\x1a\xe7e\xe1\xa6AQ\x06\xaffw\
\x93\x1f\xc2\x10\xfd\x5c\xb9\xb8q)\xdae\xcd\x0a\xbd-\
>\xd4I\xbcq\xe8\xf9\xaai6\xe3(\xda\xedv8\
;\x09qY-\xa3\x17(\x0cgww\x93\xfa~y\
\x87\x10\x82{\x8bz\x9c&\xd3\xe0\xb4a\xb3\xad\xf2\xd6\
0M\x22\x97\xbb\xb5+\x9a:\xa2\x98F\xc1\xd9<9\
\x9b'\xfe\xf6\xec\xde%\xe5z]\x16u\xbb\xb3\xa8\x9f\
\x0d\x8c\xabt\xd1[{ov\xbc5\xa2\xd6\xda\x88\xb0\
\x88\xb1\x10,\xc2\xfaP4\xf1>\xbc\xdc\x0a>^\xdb\
\xca\x08!\x11\xe8\xce\x96\xb7Y\x8dk\x08\xe8\x06\xfe\xf7\
\xe6\x9d\x00\xd7\xe5\xb6J\xdc\x02\xf69\x5c\xb8&z\xfd\
\xeeu\xaf\x0c\x09N\x9btpL\x17\xcf\x8b[/\x82\
\x5c\xc4kWo\xe2\xc4\xd5Q'o\xf7\xef\xb2\xb4Y\
M\x03\xae\xb0 \xc6\xd8V\xb6r\xd9r\xd5<\x10f\
\xe94\x00\xdf\x995\xb2]\x0fJ\x83\x1e\x0dN\xc7\x8e\
{\x0d\xc1\x96a\x8a**\xb9>\xdat\x0f\x18\xa7e\
\xe2=\x82#\xdd:\x8b\xb7M\xb9\x86\x9c%I\x1e\xd7\
u\xb6\xc8\x12X\x94\xc5&\xdf.\xb3\xe2}\xbdqI\
S\xc5\xf9\xfb4\xf3\xf5\x968\xdc\x85\xb0\xbf\xd1\xed7\
e\xd5\x84\xfbt\x03\x81T\xfa\xaa\xf20T\xdegn\
\xf7S\xb9\x07\x17\x11A\x9c\xc1\xbf`\x06\xf2I\xea\x16\
\xb5\xd7\x1f\x9f\xebW\xf0^\x1d\xa0\xa8\xd5\xf6\xde{\xd7\
S\x7f\xc6\xd9v\x1e\xd7\xc7\x80\x22\xb4\x89\x97P|y\
YM\x83g\x8b\xf6wR\xcc\xcb*uU\xa7R\xed\
\xefBUB\x82\xb2\xe6pl\xb7\xd3\xd9\xdd3\xfc\xa9\
\xbd\x9e\x5c\xd7\xd7\xab8-w\xd3\x80=T~,\xcb\
\xf54\x90XZc\x09\xb1\x0f\xd5\x09D\x224\x1cK\
\xa2\x18\x15\x8f\xb4p\xa1\xc2\x84hc\x19}\xa4\xdcV\
\x154d\x98\xc7\x07\x07\xafj\xfftF\xf5\xaa\xdc-\
+\x1f\x9d\xa6\xda\xba\x87;\xbd&\x9c\xcf}\x16\xae\xa9\
\xa1B\xb6\xbe\xd5\xc3m\x915\xd0N\x9b\xfd\xf0\xd4m\
\x96\xba\xfa\xfa\xc6]V@\x10\xc2SaS\xde\xc7\xf8\
\xa1EW\xe6\x9a\x98',|\x81<\xa1:<\xadZ\
\xc7\xfbl\x9d}t\xf0\xeeG\xe1\xaa\x8bx\x13.\xf3\
r\x1e\xe7'\xefg\xad\xc5\xe4\x22,\xc7M\x085\x07\
\xdf\xd2\xfb\x83\x97\x05\x9d\xd0\xc7\xd3\x0b\xb8V\xb2\x17\x96\
U\x06\xbd2\xf0\xb7\x13\x1d\x86\x22\x0f\x00\x80\xdf\xfb\xb6\
\xc0\xda\xf2\xd3\x0fu\x87\xa1\xeeT\xf7\xd1\xe3\xc2o\xe5\
k\xd7\xc4i\xdc\xc4\xe7.\xe8$\xccZ\xd2\xbd\x0c\xb0\
t\xfc\xdb\xeb7\xb3\xd3E\x93$\x19\xffYV\x1f\xba\
{\x11\xf2\x06\xf1\xbc\xdcB*\x82Y/\x9e\xa4\xc9\x18\
\xd0\x0fpa\x96\xad\xa1\xb6=p\xfe\x08h7\x89\xce\
\x8a\x0bc\x1f\xac\xf3\xa1\xc7c+w\x84\xd1\xab\xb3$\
M\xd6\x99\xdf\x14\xfd\xdedy\xfe\xd6_rz\xf1\xe0\
\xd0\xac\xc9\xddY8\x89N\xde\x9f\xde\x16\x0d\x1e7\x89\
\xba\xd7\xb7\xab\xe59*\x17M\xd1':\x8f\xe7\x0e\x8a\
\xe0\x17\xafD\xf4qw\x94\xdb\xcd\xbaL\xddi{\x17\
\xcdM\xdc\xac\xfa\x945\x87\x1c\xf4\x0b\xf0~\x5c\xc0\x10\
~Y7U\xf9\xc1\x8d\x9f1\x97\xc2\xa89-\x8f\x9d\
0f\x98H\xa3\x0c\xb4x'\xcf\xb3\xc2\xc1]\xe3\xf9\
\xb6i\x86\xb2\xbf\xca\xac\x18Ch\x5c\xd5I\xdbE\x0e\
E\xdd\x8cE'Kc@\x9b\xaa\x8a\x0f\xc3\xab\xc3\x13\
B\x8di_W\xbe*\x10\x17X3C\x05\x1f\x85\x1c\
s\xab\x8d\x90\x02\x85\x14sB(\x93#\x8e\x09\x13B\
\x11\xaa\x10\xc7\x8cH\xc9\xd8\xc8bm\x0d1Z\x83!\
\xc3\x86R+\xedH`\xc5\x04\xb5L\xc2f\x86\x851\
L\xe8\x11\x9c\x03RA5\x0a%\xd6T\xc0\xe1#\x86\
\xb5\xb0\x8a2\x14ZL\x15\xb50\x80\xfc-\xd6\x02\xc0\
\xa1\xd0`+\x09c\xda\xc0\x81\x92\x09./\x9a\xcb\x87\
X\x10~n\x8d3\xd8\x95\x05\x84\xac)\xab\x10`\xef\
>n\xb6\x95\xf3\xed\xd5\xd5\xc7\xa4\x02\xe5\xb5\xe4<#\
\xf0\xa6T\xbc\xf4\x8bs\x88\x8e\xcbj\x9b\xc3\x8c\xbaw\
E\x99\xa6}\x02I\xfb\xbbL \xc1Z[)\xa92\
_#-\xfe\xa1\xde]\xe8T\xde\x0bO\x98\xa9\xb12\
Jp\xa3zE\x07\x95\x0as 1\x8a\x9ec\xb3\xf7\
\xf8\x89\xa5\x11\xbd\x04\x10Dr\xac\x09\x87R\xeb\x85\xd5\
\xbe\xa5\x03\x90\x0a\xf0\xff|a\xd5\xce2+\x15cV\
\xd9^\x0c\xe3\xbe\xa8}\x8fC\xed\xc4M\x95\xed\x9f\xd3\
\x11\x19\x01\xeb1\x8ah!\x89\x19\xc1\x95\xc4\x12\xae\x98\
\x02\x05y\xf18U\xd7(\x01\xfa'Zp5\x89O\
;B\x89\x90\xccH\xef\x88\x91\x86p\xa3/\x1d\xa9\x8e\
@J\xa5T\xe6SQ\x00S\x01\xd5\xac\x89\xb8\x88\xab\
4\xd8\x08\x22\x89\xb8\x92\x06M\x19\x13\xb7d\xae\xcb3\
L\x8b\x01\xd6_\xd6f\x1cC\xad}im2\x18\x18\
\xd6~Qm~\xba\x8f\x16\x8b\xf6\xee/\xf4UY@\
\x1d\xa2\xbff\x1bAx\xed\xedm\xa41\x95\x02PN\
^\xa4\x9b`j\xb5 zX\x17\x9ccpV[z\
K'A\xbd\x01 \x1ac>\xddHZ\x11.,\xd4\
,V\xc2J\xca-?\x96o\x9f\x82\x9b\xe6\xccba\
c\x9a~7s\xe6W?g8\x87/\x163\x0a5\
&\x1c\xde\xa5,\x82\x18\xfa\xfe\xd40|\x04\xd0Xe\
\xb9\x849\xa30\xcc\x0c>\x82\x89a)\x95\xdeHp\
\xc6\x05\x1bQ\x82\x05|\xb1\x08\x8e\x18\xc4Y\x08b\xc5\
\xc8\x80\x15\xb1\xcc *1@\x15\xb4\xde\x88R,\xa1\
;\x05\x02j\xac4\x873F\x14\xc6\x93\x80\x96\xb7\xed\
\xc42\xccB\x96G\xd4\x0f \x8fYWgL\xc8?\
\x7f\xca\xdc\x94\x1a\x02\xf95\xee{\xa2\x00\x12\xe2`\x99\
\xb6Ps\xc2C\xa6T\xaa\xa7\x00\xbc\xa3\x00T\x88\x8e\
\x02\xa8\x8e\x02P\xfb\x98\x01\x88k\x04@t\x04@\xd2\
\x8e\x00\xd0\x9e\x00H\xd3\x11\x00\xd1\x13\x00\x00\xed#\x01\
\x18\x00\xefEv\xe4\xf7\xca\x01\xf8\xd7\xe6\x00\xe1S\xb3\
\xc4\xdeF\x02\x98\xc7\x14c\xe5\x05zAC\x08\xa3\xf9\
7\xe3\x01\xfa?\xc7\x03\x0c\xb0c.\x000\x86\xb1\xa5\
\xbeu\x98V\xf4\xb3\x89\x80\xbd\xca\x03B\xf5?\x13\xf8\
\xa6L \xd477\xd3U*@\xdbf\x92\x83\xef{\
O\x05\xa0\x08`\xce\x18\xf3\xafR\x81I\xb4\x9c\xddM\
\xfc\xc7\xf7\xec\xeeoU\x91+\xcd\
\x00\x00\x14\xa8\
\x00\
\x02\x08\xb4x\xda\xed]Y\x93\xe2H\x92~\xaf_\xa1\
\xa5_\xbamSA\xdcGVf\xcdC\xb7\x8d\xcd\x98\
\xed\xbc\xec\x1c\xfb8F\x822\x8b-@\xacP^\xfd\
\xeb7BB\xdc\xd4Vm\xe2\xf8\x14\xe9\x94u\xa7P\
\x08\x90\xfc\x0b\xbf=<n\xfe\xf02\x9ddOE\xb5\
\x18\x97\xb3\xdb\x9e`\xbc\x97\x15\xb3a9\x1a\xcf\x1en\
{\x7f\xff\xdb\x1fs\xdf\xcb\x16\xf5`6\x1aL\xcaY\
q\xdb\x9b\x95\xbd?|\xfap\xf3oy\x9e\xfdZ\x15\
\x83\xba\x18e\xcf\xe3\xfas\xf6\xe7\xd9\x97\xc5p0/\
\xb2\x9f?\xd7\xf5\xfc\xba\xdf\x7f~~f\xe3\xe5IV\
V\x0f\xfd_\xb2<\xff\xf4\xe1\xc3\xcd\xe2\xe9\xe1C\x96\
e\xf1wg\x8b\xeb\xd1\xf0\xb6\xb7\xfc\xc0\xfc\xb1\x9a4\
\x17\x8e\x86\xfdbRL\x8bY\xbd\xe8\x0b&\xfa\xbd\xf5\
\xe5\xc3\xf5\xe5\xc3\xf4\xeb\xe3\xa7bXN\xa7\xe5l\xd1\
|r\xb6\xf8i\xe3\xe2jt\xbf\xba:\xdd\xcd\xb3j\
.\x12!\x84>\x97})\xf3xE\xbex\x9d\xd5\x83\
\x97|\xfb\xa3\xf1\x1e\x0f}Tr\xce\xfbql}\xe5\
\xb7]u\xbd\x88\x04\x9d\xc7\xffV\x97w'\xd8\xa2|\
\xac\x86\xc5}\xfc\x5c\xc1fE\xdd\xff\xedo\xbf\xad\x06\
s\xceF\xf5h\xe3k:zn\xfd\xea\x16\x91g\x83\
i\xb1\x98\x0f\x86\xc5\xa2\xdf\x9do>\xff<\x1e\xd5\x9f\
o{J3\xa1\xe2\xcb4'?\x17\xe3\x87\xcf\xf5\xee\
\xd9\xf1\xe8\xb6\x17\xef^\x06\xdf\xbe\xdf\x98\x1c\xa2\xbd`\
\xf9\xc5\xd7\xab\x11\xce\x82d\x22\xab\x84Q\xae\xbd\xa6{\
\x84\xebQ9L\xf7\x14\xbf\xb2\x98\x8e\x07\x8fu9\x8d\
\xa8\x0d\x87\x93\xc1b1\xbe\x1f\x0f\xe3\x9br6\x9f<\
>\x8cg\xff\x9c\x0f\x07\xff\xac\xcbr\xc2:\xda\xad~\
\xa8x\x99\x97U\x9d\xbf\x8c\xe6\x91\x82\xd6\x1d\x1c|\xed\
\x06?\xc5\xd1\x9bQq\xbfHW\xb5\x8f\x93\xde\xc5\xe7\
q\xbd\xac\xdf\x8c\xae\xee.\xdd\xda\xe8i\x5c<\xaf\xaf\
\xbd\x1b,Z\x92e\xd9|\xf0\x10\xa7\xd7\xa4\xacn{\
?\xdd7\xaf\xe5\xc0]Y\x8d\x8a\xaa\x1b\xb2\xcdkk\
\xa8\x8c\x10\x8c\xeb\xd7\x96\xa1\x96\xdf\xdd\xddo\xfa\xd6\xd5\
8?<\xbe\xf8<\x18\x95\xcf\xb7=\xb9;\xf8{Y\
N\xe3i\xe6B\xd0\x86\x9b\xdd\xe1\xe1\xcbm/\x17:\
0\xee\x9cQ{\xa3\xf1\x07\xadb\xdcX!\xc4\xde\xe0\
cUE\x96\xcb'\x83\xd7\x22>U\xf3\xa7\xbbh\xf1\
\xb9|~\xa8\x12u\xea\xea\xb1\xd8\xfdd\x1a\xc9\xef\xee\
\xca\x97\xc3\xc3q\x06<&f\xce\x1fg\xe3:2\xcc\
\xfce\xf3[\x1f\xc7\xa3bq\xf8\x83\xcf\xe3Y$B\
\xbe\x9c\xbaB\xadh\xbc{E7\x8f\x1d\xf7G\xae\x88\
\xb7\xc6\x8f\x0c\xbd\x1e\x1f\x9a\x0e^\xc6\xd3\xf1\xefE|\
\xee=r-f\x83y\xfe0)\xef\x06\x93\xe5\xdd\x7f\
j\xae\xb8\xd9\x22K\xfb\xa1,\xab_\x13\xd3\xbe\xbc\xa6\
s\xbd\xeed\xa2g:\xa1\x9c5\xab\x93e5\x8e\xbc\
\xb0q\xbf\xdd\xa9\xd7\xcdS\x89\xc5\xa3\x84~i&X\
3\xfd\xdc\xee\xd8\xeb\xe6\xd8r\xde\xf7\xf7'~s~\
Z\xd4\x83\xd1\xa0\x1e\xac\xb9\xa0;#C\xe0\xdd\x93E\
iy\xfd\x9f\xbf\xfd\xf1\xd3\xf2\x87n\x86\xc3\xeb\xff*\
\xab/\xdd\xeffY\xba`pW>F(z\x9fV\
\xa7oF\xc3\xeb(\xdf\x22\xdf\x7f\x1aO\xe3\xdcN\xa2\
\xf1\xdf\xa3<\xbb\xe9\xaf\x07\xb6.N\xc4Z\x7fi\xfb\
\xb5U\xd1\x0a\xca\x83\xdab4\x9c\x8e\xd3\x87\xfa\x7f\xad\
\xc7\x93\xc9\x9f\xd3\x8f,\x9fx\xe3K\xc7\xf5\xa4X\x9f\
\xbc\xe9/\xef~\xf9l\xfd\x8d\x87\xbb\xe9wO\xdf\xbc\
{XSe\x8b)V@O\x06wE\x9c\x04\xff\x91\
\x063\xb1\xcf\x1d\xe5\xe3|Z\x8e\x8a\xe5\xc7W\xd4,\
\x86\xf5\x0a\xb2\xfau\x12\xc7\xef\xe3\xdd_/%\xcd\xc7\
\xf4&_\xca\x89k\xd1\xbe\xad\x1e'Q\xde=\x15\xb3\
r4\xfa\xb8\xa8\xab\xf2Kq\xfd\x13\xe7\xdas\xbe|\
\xdbr\xcb\xf5\xea\xedd<+\xe2m\x5c/\xfe\xe7q\
P\x15\x9bg\xff\xbb\x1c\xcf\xae#\xdd\x8a\xaa;\xdb\xbc\
\x99\xc4\x19__\xeb\xee\xdch\x10EQU\x0d^\xaf\
gQ\xfdo\x9e-\xef\xef\x17E\xbd\xfe\xa5\xeeV9\
S\xcb\xd7\xd6DO\x8f\xabB\x10\xab\x93\x075Rv\
T+\xa5\xd7\x16W\xc4\xf9\x1d\x98v*pe\x8b\x5c\
\xd8\xd5@\xb5uY\x15\xafSLE\xcdd\x83_\xcd\
\x8a\x0e\xd4%\x13*+\xd6\x9f\xa8\xab\xc1l\x91\xe6e\
\xe4\x82A]\x8d_~\xe6\xcczg\xaex\xfa\xc7\xa2\
ZT\xcaIu%\xba'\xbd\xca#\xa3)\xa3\xbc\x15\
\xbf\xf4v ]\x83\x94^\xbb\xb4\x12+6\xb9\x99\x0f\
\xea\xcf\xebI\xbf\xe6\xd38q\xd2\xd4\x8e\x22r8\xec\
\xad/X\x8b\xedr\x16\x11\xae\xcb*\x8f\x02\xfciP\
?V\xc5\xe6\xe3\xb7\x0f\x98\xbe<r\xb2\xdd8\x1d\xcf\
\xfe%\x8b\xcf\x93\xfd#\xeb\x08\xad6\x867g\xe4\x06\
\xf2\xbb\x0f\xd2\xce6\xb9\xfc\xbc\xd6\xbb\xd3\xee\xee\xb1\xae\
O5\xe9\xd6D\xdb`\xe3s\x90\xcd\xef\x92mE\xb0\
\xab\xd5Q\xf6\xa7\x8c\xff\xf0\xe4\xfb~\xea(\xe7d\xce\
w\xe9\xb3\xd2;W\xd23\x9f\xfd\x9a)&\xdb\xc3\xbd\
\x83\xff/\xcd\x04\x8b\xd3\x99K\xe3\xe7/\xdfO4\x18\
Rx\xbdC\x88if:Yx\xa5\x0c\x93\xd902\
\x5c\xae\x99lhs\xec\xf8\x0d\xb3H8\xa3\x851\xff\
R$\xc9\xfd.Q\xa2\xdc\x5c\xce\x8e\xf7K\x94\xb0K\
\x14)\xd8\xbb\x9f){\xec#-\xcd\x14\xb5K\x14%\
\xdf15\xec\x9e0\xb1\xef\x94\x1a\x8d\xe2\xcd\xe5\x1e=\
\xd6\xaaW1\xddR`\x98u\x16\x86\x8a\xf6\xde\x91\xe3\
#\xb4i\xbc\x91\x15=~\x18]\xdcRG\x1c\xa7\x8e\
\xf0\x9d\xe1\xf6n\xa9\xa3\x8e\x9bmB\xae\xcc\xb6\xe6p\
\xef\xe0\x82\xcc\xb6\x96\x18\xfa\xf8Tq-\x1f\xbd\x91\x91\
~\x5c\xd2\x84\xaf\xc8\x98\xee\xb1\x7f(\xd2\xdc\xf4\x1f\x0e\
G\x01\xa4\xb5\xbd\x83!\x19{\x1f\x84\x1f\xfc\x1f\x11\x82\
`\xa4\x91~\x19%p&H\xaf\xa2v\xca\x93\x11#\
\x95q\xee\xca0\xef\xb9\xf3\xce\xfd\xb2v\xfb7\xa3@\
MLC\xc7\xab%\x97zSv\xbd\xdc\xf6\xacaN\
\x1a\xab7uX\x17(\x89\xbf&\x95\x97\x5c\x98\x8d\xc1\
.j\xcat\xd4]\xc1\x9a\x1d|\x9bp\x8c\xe7r\x1f\
\x92&\xaa\xbd\xc2a4^\xcc'\xd1\x93\x1c\xcf\x12u\
?\x96OEu?)\x9f\xaf\x9f\xc6\x8b\xf1\xdd\xa4\xf8\
\xd8\xfc\x1dO\x12\x81\xbbS\x9b$;\x1e\xc5\x8a\xa0\xff\
^T\xe5Wq\xe7\x90\xfe\xf0\xd7bX\xe2\xe3tP\
})\xaa\xf6\x03\xc5l\x10\x9f+\xbf\x1b\x0c\xbf\xa4`\
\xdelt=\x18\x0e\x1f\xa7\x8f\x93A\xbd\x19g\xfcv\
,=3:H}b(\xb7d\x18\x81yj0\x1d\
3\xc2)\xae\xc2\x0e\x98.\xca7\xa7\xf5\xc9\xd1\x0c\x84\
&\x02\x9a\x81\x05+\xf8\xe9\xd1\xd4\xb9'<\x01\xf1T\
L8\xad\xfc\xd9\xb8\x93\x14'\x06\x9ap\xdci\x09O\
@<m\xf4\x18\x82\xdd\xa2?\xa0\x1d\x14rEh\x9e\
\x1dM'\x98r\xd2K\x0b\xa0:\xc9\x18\x02\x05TD\
xl\x14\xb8g\xe2OI\xec\x89\x80& \x7f\x12w\
\x22D\x11\x9cf\x22X}z<\x03\x19\xb7(x\x82\
\xeaOA\x90\x9e\xdf\xbe\x05\x8a\xd9\x92\xb3\x82a\xdeB\
\x89[M\xde\x0aF,\xc1I\xe6\xbc\xb6\xea\xf4\xda\x93\
D-\x06\x9c\x86Y\xee\xa5\x12\x10\xda\x93\xe4-,\xa2\
\xce9\xb3]\x9e\xd3\x0a\xdc\xe0\xb93\x87\x11\xf5Zk\
c]8\x84\xa8\x8c^\xab\xe2\xe2(\x87\x92\xbc\xc5\x80\
\xd31\x1d\xb8\x95\xea\xd4pF\xfdI\x80\xc2\xa6\xca\x84\
1*\xec\xf9+\x96Ie\xacw'\xe7O\x92\xb7(\
xz\xe6\xb41F\x9e\x9eA}n\x08Q@D%\
\xe3\xde[#\xfd\x998T\x92\xcb\x82\x82'\x1c\x87Z\
\xf2Z@\x115\xa9\x86T\xbb\xe0\xcfd\x14\x85\x5c\x91\
\xcc\xc5@\xd4s\xc6\xd3\x82\x5c\x01\xa1E\x03eZ@\
1\xe5L\x85\xe0\xd4v\xca\x13\x92M\xa5\x22DQ\x10\
\x05dSr_P\xe2\x0b^2#\xb8R\xfe\xf4\xaa\
\x94\x12.8\x88\x82\xaaRA\x16/\x8a\xc5\x0b\x15\xd5\
\xb5\xe4\x93\xa2\xd8\xbbPbWG\x0f\xc6\x11\xa2\xe7\x8f\
2\xf8\x04\x8d\xd1<\x9c^\x91\x0a\xb2vQ\x10\x8d\x0a\
6\x9e\xb5\x16B\x91Z\x8a3\xc0Vsrf\x94\x92\
rw\x0d\xa1dZ\x09mN.wI\x8bb\xa0\x19\
\xad\x22-\xd4V\x81\xc2\xa9\xb4(\xad\x0a\x05\x05T\xb1\
 \x04\xdf\xad\xfcS\xccz\xab\xbc=\xbd\x0e%\x9b\x08\
\x01N\x9bj\xff\xa4\x01\xf1D-\xe9OHD}\xc2\
Gq\x17\xce\xc4\xa1\xb44\x14\x07O8\x16\xb5$s\
ae\xaed2ZD{\xab\xcf\xa0l\xa2\x94\x1b\xa5\
\x80.\x06\xa2\x8ei#\x84\x87I\x8dr\x82\xf4\xfcE\
c`L*\x15\x01\x8a\x02(\x18\x8f\x12\x87\xe2\x84\x16\
\xbe\xda3\xe3\x8dyQ2\x8c0\x10\x85T\xa3\x82\xdc\
\x17\x14\xd3\x08*\x9cksEb\x17\x03P(\xb1\xab\
\xa9\xb2\x13)\xc2\xe0\x99\xe3V\x80dE\x09P\x04@\
]\xc4F\x98\xed\xa5\x9f'L\x8b\x92\xd8\x85u_B\
\x08\xdepu&L\x03-\x91@BT\xa5&\x1a^\
\x81\xacJ#c\x17\xb8\x93\x86\x12<(\xbb\xdfzA\
;\x1e\xb8\x00Y\xf5B5F(\x98B\xd5u.\xd7\
\xbd\x10\xa7b\xa0\x0a\xe6\xc5D\xb7\x94\xf8\x14\x85O\x01\
\xdb0\xe4\x8e\x02\x82\x185\xd8`\x9e)\xd5\xd4\xe3\xac\
\x91\x80tL\xa3\xcdK\xd1\x06\x8c\xfe7PFog\
 \x91:\x85D5\xe7,B\xe4DD\xf6L\xc5\xf5\
\xc9D\xa2\x18\xd2%5\x1e[\x9aH$~a\xc3H\
^H\x11\x94\xde\x03\xd5H\xad\xc5!O&\xed\xde-\
\x85P\x071uBH\xbb\x15~\xdai&G\x1b\xbb\
\xa0\xe0\xe9X\xd06hsb<S79\xaa\x0e\x84\
\xcd\x98\x8a\x08\x1d\xb7:|{\xb7\xaa7qh\xd4\xa4\
\xb4\x06\x06\x03\xd0\xc0\xac\xf1\xf2`\xa1\xca\xdbX\xd4S\
\x94\x17\xdc3u\xd1/\xb5V\x9d\x87G%\x155 \
\x01\x0a\xc6\xa36\xa7\x0e\x1b\xb0\x90\x06\xe6\x9d\xd5\xbb\xd5\
\x81P\x86\xd12\xb7F\x01\xc1\xf3C\xea\x05S\x11\xd1\
 \x01\x14i\xa0\x86\xf5\xe0Q\x86\x08\x81S\xce\x9f\x87\
OSK9\x0a\xdbc \x0a\xc7\xa6\xc9\x85\xa1(\x03\
B\x94\x01T\xf2\x0a\xb2\x90p,$\xa0P\xa0%'\
\x06~AL\xe0\xde(\xbb\xb7\x08QF\xa7\x94\x1b\x00\
\xc1\xcbI\x97b\xc4\x8el`*p+ \x82\x81\x82\
\xd2j(\xe1@\x19u\xac\x12\xc6\x82\x84\x03i-\x22\
\x8a*\x15Lp\xe1\x83\x80\x096\x90\xec\xc5P\xa7P\
\xf6\xd1\xaa\x92\x97\xf2k\x08\xacj\x1d\xb3.(#\x01\
\xac^\x0a!\xe10*\x5c\x0e<\xd5\xa9P\x8a\x0de\
\x99\xa9a!\xfa2N\x00X\xbeTs\x8f\x03)\x90\
3\xd3\x95\xf3\x92?\x03\xbc\x92\xc2y\xce\xfd\xee\xc2D\
(\x85\xda\xda\xbe\x92jV0@\x85rhVE\xda\
\x14\xc7\xbf\xa4\xea\xcf\xae\xa2\x97\x98\xf5\xb2\xf6\xe5JU\
\xbd\xe4\xa4^\xd8\xc6\x5cJ\xd1\x22b\xd852\x11\x84\
\xa8:\x9d\xd6g\xda\xb7\xb4)\x1b$\x85\x8a\x81)\xd8\
.1m\xe5 \xe5Q1\xf6\x89\x81\x92\xbd\xadKC\
\x8c\x8a\x81)\xdc\xfe\x5c\x9e\xfc\x19x\xf1+Y\x88\x8e\
\xaa\xf7\xe2L\xac*)\x9a\x8f\x86)\x1c\xab\xa6\xe0/\
\xf93(\xfe\x8ca\x5cr\x11\x0c\xc8\xb6\xb4\x94 \xc7\
\x01\x15T\xa9\x0a\xaaP\xc2\xb1\x95\xc0\xc2I\x96\xf62\
E\xb2~\xa1\xa4o\x1b\xf8%\x95\x8a\x12z\x80\xea\xb8\
\xd2\xb4b&F\xc5\x01\xd52\xe9\x8cP\x02h\x8fZ\
\x0a\xfd\xe2dh\xa0\xdb\x82\x06J\xbd\xc1\xf2\xabfQ\
\xd2\xc6\xd7NM\x8b\xd7\xcc\x05\xef\xf4\xe1\x8c\xaa\xf4\xde\
8o\x0e\xe1*\xbc\xf3R\x84\xafv\xbd\x22\xc5zY\
\xe9\xd4U\x9a\x9c\xc2\xfa\x08\xfd\xcc\xe0\xc2\xfa\xb4\xde\x0d\
\x07P\xb8\xf0\x83\xa2\x12Q\x1cG\x15*\x9d\xda\xa4\xc8\
\x09R\x0cH\xa1\xdc\xd46CN\x98\x22tf\x06\x93\
\xbcm\x86\x9c\x5c\x19\x0cL\xe1b\x84\xad\x8bJ6\xd2\
E\xe5h\xda\x0c9\xb1\xeaEeS\x97=v(\xee\
\x80\xe1\xce8f\x14\xe7\x16&CN\x90b@\x0a\xaa\
SS\x82\x9c\xca\xce0L%\xa8HR\x8a\xfaR\x82\
\x06\x03Q \xd9\xdbF|\xa9\x8a\x05#\xee\x00\x95I\
m\xd3\xe3\xa4O10\xf5\xccy\x1d\xbc\x07\xcb\x8e\x13\
\xac\x18;\xcd\xc0%\xdc\xba\xec8\xe1\x8a\xb3+\x14\x14\
\xc3\xb6\xf9q*\xd0\xbf\xa4<\xea*=N1}\xe0\
.JF)\xb9\xd7\x18K0\x91\x125\x01 =N\
\x80b\x00\x9a\xfas[\xe5-Hz\x9c\xa2\xf9\x18\x1d\
\x94$\xd3Jh\xe3!\xd2\xe3\xb4\x86\x06\x03Q\xcd\x82\
N\xed`a\xb2\xe3\x14\x1e\x04\x15\xbc\x92\xc9(v\x95\
9\x93\xe0]\xae\x1f'F\xc5\x00\xd52\x11\xac\x84\xab\
\xe0\xa6 !lC,a\x8c\x8a\xa2\xf6L\xac\xdad\
\xc7)9\x8e\x01)\x1c\xa3\xa6\xdc8\xd9\xbd\x18\xae\x8c\
g\x8e[\x01\x93\x19\xa7\x84\x1b\x06\xa2\xa0\xea\xb4\xd9R\
\x88\xa4/\x86\x99\x04\x15EJ\x01_\xf2f0\x10\x85\
\x91\xbdm\xb0\x97d/F\xcc\xc11m\x84\xf00\x89\
q\xca\xc9\xe0\xb4V\x0fV\xf0\x83\xcbPO\x92\x18\xa7\
\x08>\xf0VQ\xca9\xbb\x8b\xaa\x89\xa8Ja\x02`\
^\x9cp\x85\xed\xae\xae\x04\x0f\xca\x9e\x8b[\xdb\xac8\
azIA\xdfUV\x9c\x1a\xb2\x5c\xd0F\x08\xa9\xb3\
:\x15%\xa1 \x0a\xb7\x07\x82\xa2\xfd\xa9\x91v\x00\x03\
\xdaS3\x05|59\xa9(\x90Z&\x95\xb1\x1ef\
\xb3(2|aA\xd5\x11\x06\xe3\x8dT\xe7\xe1\xd3\xa6\
\xbb\x03ePQ \x05\xe3\xd3T\xbfB\xfd\x1dP\xc2\
IP6\xd2r?cZ\xe4\x86\x83*\xd8>\xa9m\
4\x89\x98\x15zQ\x945\xc2J-\xcf\xc3\xacM\x09\
\x8b\x22'\x15\x05S0Vm\xfa;\x10\xa8(\x91\x07\
H\xf9\xdb\x94<P\xf2\x0dE\xaf\x02\xc5\x08-5\xc3\
\xc2\x8a>@\xee>.rN\xb1|\x14Pa\xf7\x1f\
\xcf\x1d\x05\x7f\x91\xcaY\x007 O\xff'\xb7\x06\x12\
\xd6\xc0\xbc\xb3z\xb7@\x14z\x07rI\xb5\xdch+\
\xde\xa4\x89\xba\xd5\x00XK)\x06A\xae\x0d\x02\xb3\xc2\
\xee+\x9f\xd8\x95P\x05]J\xe3\x85\x14A\xe9\xf3X\
\xc1K\x83\xc9DC\x98,&\xd8ngN\xbb`\xad\
:\x8f\x08n-\xa6\x86m\x09V\x04X\x81\x0c\xe1u\
\xb5\xa8'S\xf8\x92\x8a\xd0V\xa5\x85\x9ar\xe7\xc0\x0c\
\xab\xb4\xf1Z\xf9=\x86\x15\xca\xe9#u\xc0N*/\
\xb98\xb8{\x94\x16\x22\x0a\x00s\x14X\x92\xbf\x18p\
~\xb5\xac\xfb-p\xe6\x9e\x02\x86\xb0\x9d\xce|\x88\xe0\
\xec\x05\x0c=3z\xbb\xf9\xfaI\xf0\x94\xe4\xa4b\xc0\
\xe9\xd2*\x1b\xe9\xa5==\x7fZ2\x8c0$\xae3\
\xccr/\x8f\xf4\xf8}\x03\xa2)>H\xae)\x06\xa2\
25\x0c\xb5\x0a@\x85\xa6\x1c9\xa9Q\x0c\xb9\xabS\
\xaf\x07}z\xb9K\xe1^,D]\xda\xd7\x82K\x08\
.\xb5T\xf1\x00\x1c\xc17\xd6\x0bi\xdc\x99|QI\
2\x17\x03N@_\x94D.\xf0\xfa\xe2h\xffh\xee\
\xcf\xe3\x8b\x86\xdc\x11\x83\x22\xe0\x09\xe8\x8cz\xca\x96\x02\
\x176\x08\xc9\xb5w\xf2\x5c\xd1\x22\xf2D\x11\xe0\x04\x8d\
\x16\x91\x89\x0b\xdcN'B\xe3\xec\xb9l\xa2f\x99\x0c\
\x05\x00\x11 \x05\x0d\x17Q\xb4\x088\xd9m\xa3|\xd5\
{U\x0cP\x5c*i\xd9)\x0a\xa0p<J]\x1c\
Pb\x0b\xa0Y\x17Z\xc1\x86\x81(l\xd6\x85\x02F\
\x18\xd6.T@\xd7\x92]\x84b\xeaBI]M\x9d\
\xb5\x91\x22\x0c\x90yQ2u1\x10\x05\xcd\x8br\xaa\
\xea\x04^5,\x83\x08\xda\x9d'\xac\xab\x15\xe9Q\x0c\
<!\x13/\x8e\x96\x94\x9ecI\xa9=W\xc4\x88\xea\
:Q\x00\x85sG-m\x05\x8f$u\x81,\xa3\xa6\
P\x97\x14)\x0a\xa4P\xeeKW\xabK>\x0c\x86\xec\
\x85\x0b\xee\x8a\xd4\xa3\x81 =?\xa4>\xed\x1a\xee\xb9\
\x07*\xd7%\xf1\x8b\xb2\xcf)\xdc\xce\xe1\xedro\xb2\
\x93`\x1b\x7fr\xef\xad\x91\xfel\xa86\xbb\xd7\xd2:\
o\xd8EM\xdaZ\xed\x82?\xd7\x86{\x92j\xc9\x90\
 \x05\x95\xbe\xa9\x95+YJ\x18J\x15\x88S\xdbN\
\x1b\x94e\x83]\xab\xe6\x9c3v/\x0f\x0e\xb5\xd3\xf4\
r\xbbS\xe2S\x0cP\xa16%nw;%+\x09\
4\x9e\xc4R\xaf\xc0`\xc5Y0m\xf7\xc4\xa4P\x12\
\xac6\xd5\xcaz\xbf\x97\x98\xd1\xcc\x84\xc0\xad\x87\xda\x1b\
\x88\x02\x0f\xc0-\x1a\x9c\xb4\xd1\x1c\xdaS\xa8Jp\xa5\
\x14\xd0\xde\x14T\x01zYq\x07\xa5\xa2\x9bJiT\
HP9S!8\xb5]\xa5\x02i\xfb\xb6\x12\xd8\x10\
\xaf\xa2\x18\xbfP\xbc\xda\xf6o\xa5\xe5\xc38\xa8\x82\x85\
\x1e\xfc\xb2w+y5\x90\xb0\xe6\x9cE\x90\x9cpf\
7\xfd\x16\x01\x97\xc6\xabS\x03+\x15\xed\xb9\x87\x88\xaa\
d\xda\xf1\xc0\x05L\xa2\xc6\x12\xb7\xa2\x98\xc1_-%\
|s\xaa\x86\x16Z\xe0\xa0\x0a\xa9ZE\xb3\xa1\x17\x19\
\xc2\x18&\x13\x14\xb7\xb6\xe9\x1aK\x860\x8e\xd7\x0a\x13\
\x08n\xf35\x8e\x12\xab(\xa0\xba\x88\x8f0\xdb\xc5d\
'\xcd\xd9H\xb2\x98`-a\xc9\x84Rv;\xec\x90\
\x80\xb5L*c\xbd\x83I\xdc\xd0\x0a\x8c\xcb\xaao\x09\
\xcd\x16A\x04\xe9\xe5T\xa15\x11~*\x17\xbd\xac\xe2\
\x16\x99B\xc1\x81\xdc\xd5\x8b*n\xb1\x8d\x05L\x8cz\
A\x85\x85m\xcaFS\xfc\x01\x05T\xb8\xf8C\x9b\xb3\
1\xc4\xac\x97\x14/l36\xb4;\xe6e\x85\xf6\x97\
uK\x96x\x15\xc3\xab\x01\xcb\xc3\xb5\x19\x1bK&0\
\x8a\xaf\x0a\xaaYS\xca\x86\x9a\x06\x5c\xd6\xaa\xd5\x14-\
\x94\x14X\xc2\xc0\x14\xb0\x14\x22\xa5\xe18)V\x8c(\
\x04X\xc2\xa6\xcd\xc3Q\x81\x0b\x0e\xaa@\xc5h\xab,\
\x1cu\x87EY<\x05\x85k\x9b\x84\x13d\x05_\xd8\
\x22\xf3\xa4X\x9dIN\x0e\x01\x0b\xc9\xad\x8a\x05!\xf8\
N\xca\xdcD\xef&\xe9\xd6\x93s\xab\xa280\x02\x9c\
V\xa6\xfeJ\xda@dV5\x99I\xb0\x88:&\xbd\
\xf7nw\xe5\xaa`\xc2Y#\xc3\xe9\x8d_*@\xc3\
AT1\xeb\xad\xf2\x16\xc4\xf25\xd4\xf8\x17\x16T\x93\
V\x92\x07+\xcf$y\x9b\x1d\xdd\xc8\xe8E\xc1\x14\xb6\
\xaf\x1d\xa7~Y\x18&\x12`\x074\xea\x13\x8b\x82(\
p\x034IQ_\x0c\xe9\x0b\xe6\x9a\xda\x5cqR\xa8\
(\x0a\x15\xb0\xa7\x1d\xb5\xca\x02\x87T\x09\xaf\x9d\xff\xe6\
h\xef[:\xf0\x84\xa6\x9b3\xc9]\x0cD\x1d\x13\xda\
\xab\x83U\xbfok\xaa\xe4sCE\xbf\xd0\xa0j&\
\xbdU{[\x19Gx\xb4\x0d\xda\x03t\xca\xe2\xc9C\
%P\xcf\xcf\xa9\xd62\xef\xb93\x10\xc2WP\xb1\x03\
\x92\xf8\xe5LE\xe8\x02\x8c\xf8M>*e\xc5\x11\x04\
\xb0\x93\x8c\x0b\x1d\xcdX\x00XC\xd7\xd3\x83\x80E\x00\
\xd60\xad\x1c\x0f\xf6\xe4\xc06\x89\xf1\x9cV\xbe\xa1\xe4\
\xc5=\xb3\xe9\xe5\x01\x16\x1d\x07ZG\x8e\x91v\x03\x83\
\xb4YuL\x0d(q\x22Jp\xd9\xf1\xa6\x01\xa5\xa2\
\xa8\x12\x0a\xac\x90)\xf2\xd0\xf8\xac\xe4\xdc dj\xe0\
6\xc0H\xf6\xaf$\x19\x8c\x01*(\xaf\xa6\x05R\xb4\
N\x15)\x03\x07e15\xed'\x89YQ4+\x5c\
\x1f\xf6\xe4\xafJ\xaai\xb9(3xU\x9e\xef\xc8`\
B\x89.\x01E\x83\xdb\xfc\xaa\xa4ZQ\x14Par\
\xe6]\x82\x95R\xac8)V\xc5\xb4\xf1Rx\xa0l\
\x9c\xa3P\x04\x0a\xac@I\xd6u>\x8e\xfa?\x80\xdb\
L^\x0b\xa9\xf6w$\xe2*(gN\xbd\x17}\xc8\
\x1d\x15\x02\xe3@\xea\x99\xb72\x1cqX\xdf\x00ib\
VIA\x08h\xf9\x1b\xd9\xd1\x04\xfb\x1d5\xa3o\xe2\
R\x95\xdb@\xa2\x17\x03\xd3\xe8\xd5H\xa7\x9dS\x10|\
\x1a\xc8WE\xe2T\xcd\xact\xe6H \xf8\x0d\xa8Z\
\xb2}\x91\xf8T1\x1e\xbc2\x00\xfa4\x05\x80)\xf8\
p*Lo\xfa\x0f\xcb\x83\x87\x0f\x1b\xf4~PVl\
.u\xa9\xab\xc1lq_V\xd3\xdb\xdetPW\xe3\
\x97\x9f9\xf3\xca\x06m\x83\xb8J\xfb\x8b\xf18\x05\x9c\
RW\x9c)\xc3\x8dQ<\x5c\xa5+\xb8\x96F\xb8\xab\
<\xfa;MB\xc0]E_\xa9=\xfae\xf5\xe5K\
\x04[\x00<O\xff6\xe8\xabd\x18\xed=ho5\
#\xe7\x83\xfa\xf3\xc6d(G\xe3y\xfc/R`T\
\xd4\xaf\xf3b\x11g\xc6ps2\xcd\xbe,\x22$\xc5\
\xf5\xb0\x9cEp\xea\xb2\xca\x87\x8f\xd5\xd3\xa0~\xac\xe2\
-\xf0\x9di\x97\xbe\x5c\x86`\xb7&\x5c<\xff\x97\x8c\
_\xf1\xec\x1f\x99\xd2i?\x89\xedm\x84\xbf\xfdi\xda\
\xd9\x22\x97_\xa15\xe4\xb4YSn\x83\x9b\xcfA\xbb\
\xedlMC\xbb\x15\xd5\xaeVG\xd9\x9f2~\x094\
\xfc~\x12)\xe7d\xce\xf7'\xd8\x9acd\xf4M\xb2\
_3\xc5d{\xb8w\xf0\x06\xc2\x09\x16g7\x97\xc6\
\xcf_\xbe\x9fr0\xf4\xf0\x9a\xe7[\xa1\x9480\xcd\
\x0cSj9g\x0c\x93\xd902`\xbe\x14%\xee\xd8\
\xf1\xdb&\x94pF\x0bc\xfe\xb5\x08\xe3w'\xca4\
\x13\x9c-'\xca\xbb\xa6L\xd8\xa7\x8c\x14\x8c\xe6\x0c\x8f\
\xc2\x85\xefQ\xc6\xd2\x9c\xd1i\xf5\x91\xdb\xa5\x8c\x92\xef\
\x9b$\xdb\xfb\x05\xb6\x02\xc6\xbe_\x92\xb4\xcaY\x1e \
\xcaZ=\xab\xd4\xf8.\x91a\x98uvH\xb4\x83\x8f\
\x1d_\x96\xb2n\xe9#ru\x9c>\xc2w6\xde\xbb\
\xa5\x8f\xda\xb7\x817\xe8#W\xe6]s\xb8wp\x89\
\x14\xd1[+\x19vf\x8ck\x19\xea=sT\xf8\xaa\
\xc4\xe9\x9e\xfdG\xa3\xcf2\xd8\xd0\xfc\xb9\xe9/\x9e\xe2\
\x9f\xff\x05\x9cr\x9b,\
\x00\x00\x15i\
\x00\
\x02\x17\xe5x\xda\xed]Y\x8f\xe3Hr~\x9f_!\
k``\x07n\xa6\xf2>\xd4U\xbd\x0f;Xx\x01\
\xef\x8b\xbd\xb6\x1f\x17,\x89\xaa\x96[\x12\xcb\x14\xeb\x9a\
_\xe3\xdf\xe2_\xb6\x99\xa4\xee\xa3\xd13\xc5P\xd4\xa8\
C\x83\x9e\x92\x92\xa4D\xc6\x97qGF\xde\xfc\xf1e\
>\xeb=\x15\xd5rZ.n\xfb\x82\xf1~\xafX\x8c\
\xca\xf1tq\x7f\xdb\xff\xcf\xbf\xfd9\xf3\xfd\xde\xb2\xce\
\x17\xe3|V.\x8a\xdb\xfe\xa2\xec\xff\xf1\xd3\x0f7\xff\
\x94e\xbd?UE^\x17\xe3\xde\xf3\xb4\xfe\xdc\xfb\xcb\
\xe2\xcbr\x94?\x14\xbd?|\xae\xeb\x87\xe1`\xf0\xfc\
\xfc\xcc\xa6\xabAVV\xf7\x83\x9fzY\xf6\xe9\x87\x1f\
n\x96O\xf7?\xf4z\xbd\xf8\xbb\x8b\xe5p<\xba\xed\
\xaf.xx\xacf\xcd\x89\xe3\xd1\xa0\x98\x15\xf3bQ\
/\x07\x82\x89A\x7f{\xfah{\xfa(\xfd\xfa\xf4\xa9\
\x18\x95\xf3y\xb9X6W.\x96?\xee\x9c\x5c\x8d'\
\x9b\xb3\xd3\xdd<\xab\xe6$\x11B\x18p9\x902\x8b\
gd\xcb\xd7E\x9d\xbfd\xfb\x97\xc6{<u\xa9\xe4\
\x9c\x0f\xe2\xb1\xed\x99\xdfv\xd6p\x19\x09\xfa\x10\xffm\
N_\x0f\xb0e\xf9X\x8d\x8aI\xbc\xae`\x8b\xa2\x1e\
\xfc\xfc\xb7\x9f7\x073\xce\xc6\xf5x\xe7k\xd6\xf4\xdc\
\xfb\xd5=\x22/\xf2y\xb1|\xc8G\xc5r\xb0\x1eo\
\xae\x7f\x9e\x8e\xeb\xcf\xb7}\xa5\x99P\xf1e\x9a\xc1\xcf\
\xc5\xf4\xfes}8:\x1d\xdf\xf6\xe3\xdd\xcb\xe0\xdb\xcf\
;\x93C\xb4'\xac\xbex\xb89\xc2Y\x90L\xf4*\
a\x94k\xcfY?\xc2p\x5c\x8e\xd2=\xc5\xaf,\xe6\
\xd3\xfc\xb1.\xe7\x11\xb5\xd1h\x96/\x97\xd3\xc9t\x14\
?\x94\x8b\x87\xd9\xe3\xfdt\xf1\xf7/\xf3\x22_,\xff\
^\x97\xe5\x8c\xad\xc9\xb7\xf9\xad\xe2\xe5\xa1\xac\xea\xece\
\xfc\x10\x89h\xdd\xc9\x83\xaf\xeb\x83\x9f\xe2\xd1\x9bq1\
Y\xa6\xb3\xda'J\x9f\xe2#\xb9~o\xd0\x1c\xdd\xdc\
`\xba\xbb\xf1\xd3\xb4x\xde\x9e{\x97/[\xaa\xf5z\
\x0f\xf9}\x9ca\xb3\xb2\xba\xed\xff8i^\xab\x03w\
e5.\xaa\xf5!\xdb\xbc\xf6\x0e\x95\x11\x85i\xfd\xda\
\xf2\xd4\xea\xbb\xd7\xf7\x9b\xbeus\x9c\x9f>\xbe\xfc\x9c\
\x8f\xcb\xe7\xdb\xbe<<\xf8KY\xce\x1b\x92\xfb\xe0\x8c\
\x91G\xc7G/\xb7\xfdL\xf3\xc0t\x10\xc6\x1c\x1dM\
wd\x22\xe0\xd2\x1f_\xf9XU\x91\xeb\xb2Y\xfeZ\
\xc4\xa7j\xfe\x88\xd5I\xcb\xcf\xe5\xf3}\x95\xa8SW\
\x8f\xc5\xe1\x95\xe9HvwW\xbe\x9c>\x1c'\xc1c\
\xe2\xe7\xecq1\xad#\xcf<\xbc\xec~\xeb\xe3t\x5c\
,O_\xf8<]D\x22d\xab\xd9+\xd4\x86\xc6\x87\
g\xac\xa7\xb2\xe3\xfe\xcc\x19\xf1\xd6\xf8\x99C\xaf\xe7\x0f\
\xcd\xf3\x97\xe9|\xfaK\x11\x9f[\x1c\x9e\xb2\x5c\xe4\x0f\
\xd9\xfd\xac\xbc\xcbg\xab\xbb\xff\xd4\x9cq\xb3G\x96\xf6\
\xa2^\xaf~M|\xfb\xf2\x9a\xc6\xfa\xeb\xc1D\xcf4\
\xa0\x9c5\x9b\xc1\xb2\x9aFv\xd8\xb9\xdf\xf5\xd0\xeb\xee\
P\xe2\xf2(\xa4_\x9a\x09\xd6L?wx\xecu\xf7\
\xd8j\xde\x0f\x8e'~3>/\xea|\x9c\xd7\xf9\x96\
\x0b\xd6#2\x04\xbe~\xb2(0\x87\xff\xfe\xf3\x9f?\
\xad~\xe8f4\x1a\xfewY}Y\xffn\xaf\x97N\
\xc8\xef\xca\xc7\x08E\xff\xd3f\xf8f<\x1aF\x11\x17\
Y\xff\xd3t\x1e\xe7v\x92\x8e\xff\x12E\xda\xcd`{\
`\xef\xe4D\xac\xed\x97\xb6_[\x15\xad\xac<\xa90\
\xc6\xa3\xf94]4\xf8\x8fz:\x9b\xfd%\xfd\xc8\xea\
\x89w\xbetZ\xcf\x8a\xed\xe0\xcd`u\xf7\xabg\x1b\
\xec<\xdc\xcd`\xfd\xf4\xcd\xa7\xfb-U\xf6\x98b\x03\
\xf4,\xbf+\xe2$\xf8\xb7t\xb0'\x8e\xb9\xa3||\
\x98\x97\xe3bu\xf9\x86\x9a\xc5\xa8\xde@V\xbf\xce\xe2\
\xf1I\xbc\xfb\xe1J\xd2|L\x1f\xb2\x95\x9c\x18\x8a\xf6\
c\xf58\x8b\xf2\xee\xa9X\x94\xe3\xf1\xc7e]\x95_\
\x8a\xe1\x8f\x9ck\xcf\xf9\xeac\xcb-\xc3\xcd\xc7\xd9t\
Q\xc4\xdb\x18.\xff\xf71\xaf\x8a\xdd\xd1\xff)\xa7\x8b\
a\xa4[Q\xadG\x9b\x0f\xb38\xe3\xeb\xa1^\x8f\x8d\
\xf3(\x8a\xaa*\x7f\x1d.\xa2\x05\xb0;ZN&\xcb\
\xa2\xde\xfe\xd2\xfaV9S\xab\xd7\xdeDO\x8f\xabB\
\x10\x9b\xc1\x93J\xa9wV1\xa5\xd7\x1eW\xc4\xf9\x1d\
\xa5\x9cS\x81+[d\xc2n\x0eT{\xa7U\xf1<\
\xc5TTN6\xf8\xcd\xacX\x83\xbabBe\xc5\xf6\
\x8a\xba\x8a\x8a(\xcd\xcb\xc8\x05y]M_\xfe\xc0\x99\
\xf5\xce|\xe0\xe9\xbf(y\x8dRN\xaa\x0f\x92\xe9\x96\
\xbb\xe2\xa0\xd2\x9a{\xab\xf4O\xfd\x03H\xb7 \xa5\xd7\
!\xad\xc4\x86Mn\x1e\xf2\xfa\xf3v\xd2o\xf94N\
\x9c4\xb5\xa3\x88\x1c\x8d\xfa\xdb\x13\xb6b\xbb\x5cD\x84\
\xeb\xb2\xca\xa2\x00\x7f\xca\xeb\xc7\xaa\xd8}\xfc\xf6\x01\xd3\
\x97GN\xb6;\xc3q\xf4\xaf\xbd\xf8<\xbd\xff\xea\xad\
\x09\xadv\x0e\xef\xce\xc8\x1d\xe4\x0f\x1f\xa4\x9dmru\
\xbd\xd6\x87\xd3\xee\xee\xb1\xae\xbb\x9at[\xa2\xed\xb0\xf1\
%\xc8\xe6\x0f\xc9\xb6!\xd8\x87\xcd\xbb\xde\xbf\xf6\xf8\xef\
\x9e|\xbf\x9e:\xca9\x99\xf1C\xfal\xf4\xce\x07\xe9\
\x99\xef\xfd\xa9\xa7\x98l\xdf\x1e\xbd\xf9\xad4\x13,N\
g.\x8d\x7fx\xf9\xf5D\x83!\x85\xd7\x07\x84\x98\xf7\
\xccZ\x16~P\x86\xc9\xde(2\x5c\xa6\x99lhs\
\xee\xfd\x1bf\x91pFG\xab\xef]\x91$\xf3\x87D\
\x11Q\x9c\xb6\xb3\xe3\xfb%J8$\x8a\x14\xec\xbb\x9f\
)G\xec#-\xcd\x14uH\x14%\xbfcj\xd8#\
ab\xbfSj4\x8a7\x93G\xf4\xd8\xaa^\xd5\xda\
\xa7.\xd2fma\xa8h\xef\x9dy\x7f\x866\x8d7\
\xb2\xa1\xc7\xefF\x17\xb7\xd4\x11\xe7\xa9#\xfc\xdap\xfb\
n\xa9\xa3\xce\x9bmBn\xcc\xb6\xe6\xed\xd1\x9b+2\
\xdbZb\xe8\xf3S\xc5\xad\xfd\xbc7M\x95\xdf/i\
\xc2Wd\xcc\xfa\xb1\x7fW\xa4\xb9\x19\xdc\x9f\x8e\x02H\
k\xfb'C2v\x12\x84\xcf\xbf\x1a!0\xc1\xaa\xc0\
\x83n\xa2\x04\x82\x09\xad\x95q\xe6C\xa6\x04\xf3\xdc\xf8\
`>X\xc6]0V\xaa\x9f\xb6^\xffn\x10\xa8\x09\
ihf\xa5\xe4R\xef\x8a\xae\x97\xdb\xbe5\xccIc\
\xf5\xae\x0a[\xc7Ix<\xa4\xbc\xe4\xc2\xec\x1c\x5c\x07\
M\x99\x8e\xaa+Xs\x00o\x13\x8d\xf1\x5c\x1e#\xd2\
\x04\xb570\x8c\xa7\xcb\x87Yt$\xa7\x8bD\xdc\x8f\
\xe5SQMf\xe5\xf3\xf0i\xba\x9c\xde\xcd\x8a\x8f\xcd\
\xdf\xe9,\xd1w=\xb4K\xb1\xf3A\xac\x88\xf9/E\
U~\x15v\x0e\xe9\x0e\x7f-\x84%>\xce\xf3\xeaK\
Q\xb5\x17\x14\x8b<>Wv\x97\x8f\xbe\xa4X\xdeb\
<\xccG\xa3\xc7\xf9\xe3,\xafw\xc3\x8c\xdf\x8e\xa5g\
F\x07\xa9;\x86rO\x84\x11\x98]\x83\xe9\x98\x11N\
q\x15\x0e\xc0tQ\xbc9\xad;G3\x10\x9a\x08h\
\x06\x16\xac\xe0\xdd\xa3\xa93Ox\x02\xe2\xa9\x98pZ\
\xf9\x8bq')N\x0c4\xe1\xb8\xd3\x12\x9e\x80xF\
\xcb\xd7\x06\xbbG\x7f@;(d\x8a\xd0\xbc8\x9aN\
0\xe5\xa4\x97\x16@u\x921\x04\x0a\xa8\x88\xf0\xd8(\
p/\xc4\x9f\x92\xd8\x13\x01M@\xfe$\xeeD\x88\x22\
8\xcdD\xb0\xba{<\x03\x19\xb7(x\x82\xeaOA\
\x90^\xde\xbe\x05\x8a\xd9\x92\xb3\x82a\xdeB\x89[M\
\xde\x0aF,\xc1I\xe6\xbc\xb6\xaa{\xedI\xa2\x16\x03\
N\xc3,\xf7R\x09\x08\xedI\xf2\x16\x16Q\xe7\x9c\xd9\
\xaf\xcei\x05n\xf0\xdc\x99\xd3\x88z\xad\xb5\xb1.\x9c\
BTF\xafUqq\x96CI\xdeb\xc0\xe9\x98\x0e\
\xdcJ\xd55\x9cQ\x7f\x12\xa0\xb0\xa92a\x8c\x0aG\
\xfe\x8aeR\x19\xeb]\xe7\xfcI\xf2\x16\x05O\xcf\x9c\
6\xc6\xc8\xee\x19\xd4g\x86\x10\x05DT2\xee\xbd5\
\xd2_\x88C%\xb9,(x\xc2q\xa8%\xaf\x05\x14\
Q\x93JH\xb5\x0b\xfeBFQ\xc8\x14\xc9\x5c\x0cD\
=g<\xad\xc7\x15\x10Z4P\xa6\x05\x14S\xceT\
\x08N\xed\xa7<!\xd9T*B\x14\x05Q@6%\
\xf7\x05%\xbe\xe0%3\x82+\xe5\xbbW\xa5\x94p\xc1\
A\x14T\x95\x0a\xb2xQ,^\xa8\xa8\xae%\x9f\x14\
\xc5\xde\x85\x12\xbb:z0\x8e\x10\xbd|\x94\xc1'h\
\x8c\xe6\xa1{E*\xc8\xdaEA4*\xd88j-\
\x84\x22\xb5\x14g\x80\xad\xe6\xe4\xcc(%\xe5\xe1\x1aB\
\xc9\xb4\x12\xdat.wI\x8bb\xa0\x19\xad\x22-\xd4\
^\x81BWZ\x94V\x85\x82\x02\xaaX\x10\x82\x1fV\
\xfe)f\xbdU\xdev\xafC\xc9&B\x80\xd3\xa6\xda\
?i@<QK\xfa\x13\x12Q\x9f\xf0Q\xdc\x85\x0b\
q(-\x0d\xc5\xc1\x13\x8eE-\xc9\x5cX\x99+\x99\
\x8c\x16\xd1\xd1\xea3(\x9b(\xe5F)\xa0\x8b\x81\xa8\
c\xda\x08\xe1aR\xa3\x9c \xbd|\xd1\x18\x18\x93J\
E\x80\xa2\x00\x0a\xc6\xa3\xc4\xa18\xa1\x85\xaf\xf6\xccx\
c^\x94\x0c#\x0cD!\xd5\xa8 \xf7\x05\xc54\x82\
\x0a\xe7\xdaL\x91\xd8\xc5\x00\x14J\xecj\xaa\xecD\x8a\
0x\xe6\xb8\x15 YQ\x02\x14\x01P\x17\xb1\x11f\
\x7f\xe9g\x87iQ\x12\xbb\xb0\xeeK\x08\xc1\x1b\xae.\
\x84i\xa0%\x12H\x88\xaa\xd4D\xc3+\x90Uid\
\xec\x02w\xd2P\x82\x07e\x8f[/h\xc7\x03\x17 \
\xab^\xa8\xc6\x08\x05S\xa8\xba\xce\xd5\xba\x17\xe2T\x0c\
T\xc1\xbc\x98\xe8\x96\x12\x9f\xa2\xf0)`\x1b\x86\xccQ\
@\x10\xa3\x06\x1b\xcc3\xa5\x9az\x9c5\x12\x90\x8ei\
\xb4y)\xda\x80\xd1\xff\x06\xca\xe8]\x1bH\xa4N!\
Q\xcd8\x8b\x109\x11\x91\xbdPq}2\x91(\x86\
tM\x8d\xc7V&\x12\x89_\xd80\x92\x17R\x04\xa5\
\x8f@5Rkq\xca\x93\x11\x8c+)\x84:\x89\xa9\
\x13B\xda\xbd\xf0\xd3A39\xda\xd8\x05\x05O\xc7\x82\
\xb6A\x9b\x8e\xf1L\xdd\xe4\xa8:\x106c*\x22t\
\xdc\xea\xf0\xed\xdd\xaa\xde\xc4\xa1Q\x93\xd2\x1a\x18\x0c@\
\x03\xb3\xc6\xcb\x93\x85*ocQOQ^p\xcf\xd4\
E\xbf\xd4Zu\x19\x1e\x95T\xd4\x80\x04(\x18\x8f\xda\
\x8c:l\xc0B\x1a\x98wV\x1fV\x07B\x19F\xab\
\xdc\x1a\x05\x04/\x0f\xa9\x17LED\x83\x04P\xa4\x81\
\x1a\xd6\x83G\x19\x22\x04N9\x7f\x19>M-\xe5(\
l\x8f\x81(\x1c\x9b&\x17\x86\xa2\x0c\x08Q\x06P\xc9\
+\xc8B\xc2\xb1\x90\x80B\x81\x96\x9c\x18\xf8\x051\x81\
{\xa3\xec\xd1\x22D\x19\x9dRn\x00\x04/']\x8a\
\x11;\xb2\x81\xa9\xc0\xad\x80\x08\x06\x0aJ\xab\xa1\x84\x03\
e\xd4\xb1J\x18\x0b\x12\x0e\xa4\xb5\x88(\xaaT0\xc1\
\x85\x0f\x02&\xd8@\xb2\x17C\x9dB\xd9G\x9bJ^\
\xca\xaf!\xb0\xaau\xcc\xba\xa0\x8c\x04\xb0z)\x84\x84\
\xc3\xa8p9\xf0T\xa7B)6\x94e\xa6\x86\x85\xe8\
\xcb8\x01`\xf9R\xcd=\x0e\xa4@\xce\xcc\xba\x9c\x97\
\xfc\x19\xe0\x95\x14\xces\xee\x0f\x17&B)\xd4\xd6\xf6\
\x95T\xb3\x82\x01*\x94C\xb3)\xd2\xa68\xfe5U\
\x7f\xae+z\x89Y\xafk_\xaeT\xd5KN\xea\x95\
m\xcc\xa5\x14-\x22\x86]#\x13A\x88\xaa\xd3i}\
\xa1}K\x9b\xb2AR\xa8\x18\x98\x82\xed\x12\xd3V\x0e\
R\x1e\x15c\x9f\x18(\xd9\xdb\xba4\xc4\xa8\x18\x98\xc2\
\xed\xcf\xe5\xc9\x9f\x81\x17\xbf\x92\x85\xe8\xa8z/.\xc4\
\xaa\x92\xa2\xf9h\x98\xc2\xb1j\x0a\xfe\x92?\x83\xe2\xcf\
\x18\xc6%\x17\xc1\x80lKK\x09r\x1cPA\x95\xaa\
\xa0\x0a%\x1c[\x09,\x9cdi/S$\xeb\x17J\
\xfa\xb6\x81_R\xa9(\xa1\x07\xa8\x8e+M+fb\
T\x1cP-\x93\xce\x08%\x80\xf6\xa8\xa5\xd0/N\x86\
\x06\xba-h\xa0\xd4\x1b,\xbfj\x16%m|\x1d\xd4\
\xb4x\xcd\x5c\xf0N\x9f\xce\xa8J\xef\x8d\xf3\xe6\x14\xae\
\xc2;/E\xf8j\xd7+R\xac\xd7\x95N\xdd\xa4\xc9\
)\xac\x8f\xd0\xcf\x0c.\xacO\xeb\xddp\x00\x85\x0b?\
(*\x11\xc5qT\xa1\xd2\xa9M\x8a\x9c \xc5\x80\x14\
\xcaMm3\xe4\x84)Bgf0\xc9\xdbf\xc8\xc9\
\x95\xc1\xc0\x14.F\xd8\xba\xa8d#]U\x8e\xa6\xcd\
\x90\x13\xab^U6u\xd5c\x87\xe2\x0e\x18\xee\x8cc\
Fqna2\xe4\x04)\x06\xa4\xa0:5%\xc8\xa9\
\xec\x0c\xc3T\x82\x8a$\xa5\xa8/%h0\x10\x05\x92\
\xbdm\xc4\x97\xaaX0\xe2\x0eP\x99\xd46=N\xfa\
\x14\x03S\xcf\x9c\xd7\xc1{\xb0\xec8\xc1\x8a\xb1\xd3\x0c\
\x5c\xc2m\x9d\x1d'\x5cqv\x85\x82b\xd86?N\
\x05\xfa\xd7\x94G\xdd\xa4\xc7)\xa6\x0f\xdcE\xc9(%\
\x8f\x1ac\x09&R\xa2&\x00\xa4\xc7\x09P\x0c@S\
\x7fn\xab\xbc\x05I\x8fS4\x1f\xa3\x83\x92dZ\x09\
m<Dz\x9c\xd6\xd0` \xaaY\xd0\xa9\x1d,L\
v\x9c\xc2\x83\xa0\x82W2\x19\xc5\xae2\x17\x12\xbc\xab\
\xf5\xe3\xc4\xa8\x18\xa0Z&\x82\x95p\x15\xdc\x14$\x84\
m\x88%\x8cQQ\xd4^\x88U\x9b\xec8%\xc71\
 \x85c\xd4\x94\x1b'\xbb\x17\xc3\x95\xf1\xccq+`\
2\xe3\x94p\xc3@\x14T\x9d6[\x0a\x91\xf4\xc50\
\x93\xa0\xa2H)\xe0K\xde\x0c\x06\xa20\xb2\xb7\x0d\xf6\
\x92\xec\xc5\x8898\xa6\x8d\x10\x1e&1N9\x19\x9c\
\xd6\xea\xc1\x0a~r\x19j'\x89q\x8a\xe0\x03o\x15\
\xa5\x9c\xb3\x87\xa8\x9a\x88\xaa\x14&\x00\xe6\xc5\x09W\xd8\
\xee\xeaJ\xf0\xa0\xec\xa5\xb8\xb5\xcd\x8a\x13\xa6\xd7\x14\xf4\
\xddd\xc5\xa9!\xcb\x15m\x84\x90:\xabSQ\x12\x0a\
\xa2p{ (\xda\x9f\x1ai\x070\xa0=5S\xc0\
W\x93\x93\x8a\x02\xa9eR\x19\xeba6\x8b\x22\xc3\x17\
\x16T\x1da0\xdeHu\x19>m\xba;P\x06\x15\
\x05R0>M\xf5+\xd4\xdf\x01%\x9c\x04e#\xad\
\xf63\xa6En8\xa8\x82\xed\x93\xdaF\x93\x88Y\xa1\
\x17EY#\xac\xd4\xf22\xcc\xda\x94\xb0(rRQ\
0\x05c\xd5\xa6\xbf\x03\x81\x8a\x12y\x80\x94\xbfM\xc9\
\x03%\xdfP\xf4*P\x8c\xd0R3,\xac\xe8\x03\xe4\
\xee\xe3\x22\xe3\x14\xcbG\x01\x15v\xff\xf1\xccQ\xf0\x17\
\xa9\x9c\x05p\x03\xf2\xf4\x7frk a\x0d\xcc;\xab\
\x0f\x0bD\xa1w \x97T\xcb\x8d\xb6\xe2M\x9a\xa8[\
\x0d\x80\xb5\x94b\x10\xe4\xda 0+\xec\xbe\xf2\x89]\
\x09U\xd0\xa54^H\x11\x94\xbe\x8c\x15\xbc2\x98L\
4\x84\xc9b\x82\xedv\xe6\xb4\x0b\xd6\xaa\xcb\x88\xe0\xd6\
bj\xd8\x96`E\x80\x15\xc8\x10\xdeV\x8bz2\x85\
\xaf\xa9\x08mSZ\xa8)w\x0e\xcc\xb0J\x1b\xaf\x95\
?bX\xa1\x9c>S\x07\xec\xa4\xf2\x92\x8b\x93\xbbG\
i!\xa2\x000g\x81%\xf9\x8b\x01\xe7W\xcb\xba\xdf\
\x02g\xe6)`\x08\xdb\xe9\xcc\x87\x08\xceQ\xc0\xd03\
\xa3\xf7\x9b\xafw\x82\xa7$'\x15\x03N\x97V\xd9H\
/m\xf7\xfci\xc90\xc2\x90\xb8\xce0\xcb\xbd<\xd3\
\xe3\xf7\x0d\x88\xa6\xf8 \xb9\xa6\x18\x88\xca\xd40\xd4*\
\x00\x15\x9ar\xe4\xa4F1\xe4\xaeN\xbd\x1et\xf7r\
\x97\xc2\xbdX\x88\xba\xb4\xaf\x05\x97\x10\x5cj\xa9\xe2\x01\
8\x82o\xac\x17\xd2\xb8\x0b\xf9\xa2\x92d.\x06\x9c\x80\
\xbe(\x89\x5c\xe0\xf5\xc5\xd1\xfe\xd1\xdc_\xc6\x17\x0d\x99\
#\x06E\xc0\x13\xd0\x19\xf5\x94-\x05.l\x10\x92k\
\xef\xe4\xa5\xa2E\xe4\x89\x22\xc0\x09\x1a-\x22\x13\x17\xb8\
\x9dN\x84\xc6\xd9K\xd9D\xcd2\x19\x0a\x00\x22@\x0a\
\x1a.\xa2h\x11p\xb2\xdbF\xf9\xaa\x8f\xaa\x18\xa0\xb8\
T\xd2\xb2S\x14@\xe1x\x94\xba8\xa0\xc4\x16@\xb3\
.\xb4\x82\x0d\x03Q\xd8\xac\x0b\x05\x8c0\xac]\xa8\x80\
\xae%\xbb\x08\xc5\xd4\x85\x92\xba\x9a:k#E\x18 \
\xf3\xa2d\xeab \x0a\x9a\x17\xe5T\xd5\x09\xbcjX\
\x06\x11\xb4\xbbLXW+\xd2\xa3\x18xB&^\x1c\
-)\xbd\xc4\x92R{\xa9\x88\x11\xd5u\xa2\x00\x0a\xe7\
\x8eZ\xda\x0a\x1eI\xea\x02YFM\xa1.)R\x14\
H\xa1\xdc\x97u\xad.\xf90\x18\xb2\x17.\xb8+R\
\x8f\x06\x82\xf4\xf2\x90\xfa\xb4k\xb8\xe7\x1e\xa8\x5c\x97\xc4\
/\xca>\xa7p;\x87\xb7\xcb\xbd\xc9N\x82m\xfc\xc9\
\xbd\xb7F\xfa\x8b\xa1\xda\xec^K\xeb\xbca\x175i\
k\xb5\x0b\xfeR\x1b\xeeI\xaa%C\x82\x14T\xfa\xa6\
V\xaed)a(U Nm;mP\x96\x0dv\
\xad\x9as\xce\xd8\xa3<8\xd4N\xd3\xab\xedN\x89O\
1@\x85\xda\x94\xb8\xdd\xed\x94\xac$\xd0x\x12K\xbd\
\x02\x83\x15\x17\xc1\xb4\xdd\x13\x93BI\xb0\xdaT+\xeb\
\xfdQbF3\x13\x02\xb7\x1ejo \x0a<\x00\xb7\
hp\xd2Fs\xe8H\xa1*\xc1\x95R@{SP\
\x05\xe8u\xc5\x1d\x94\x8an*\xa5Q!A\xe5L\x85\
\xe0\xd4~\x95\x0a\xa4\xed\xdbJ`C\xbc\x8ab\xfcB\
\xf1j\xdb\xbf\x95\x96\x0f\xe3\xa0\x0a\x16z\xf0\xab\xde\xad\
\xe4\xd5@\xc2\x9aq\x16Ar\xc2\x99\xc3\xf4[\x04\x5c\
\x1a\xaf\xba\x06V*\xdas\x0f\x11U\xc9\xb4\xe3\x81\x0b\
\x98D\x8d%nE1\x83\xbfZJ\xf8\xe6T\x0d-\
\xb4\xc0A\x15R\xb5\x8afC/2\x841L&(\
nm\xd35\x96\x0ca\x1c\xaf\x15&\x10\xdc\xe6k\x1c\
%VQ@u\x11\x1fa\xf6\x8b\xc9:\xcd\xd9H\xb2\
\x98`-a\xc9\x84Rv?\xec\x90\x80\xb5L*c\
\xbd\x83I\xdc\xd0\x0a\x8c\xeb\xaao\x09\xcd\x16A\x04\xe9\
\xf5T\xa15\x11~*\x17\xbd\xae\xe2\x16\x99B\xc1\x81\
\xdc\xd5\xab*n\xb1\x8d\x05L\x8czE\x85\x85m\xca\
FS\xfc\x01\x05T\xb8\xf8C\x9b\xb31\xc4\xac\xd7\x14\
/l36\xb4;\xe6u\x85\xf6WuK\x96x\x15\
\xc3\xab\x01\xcb\xc3\xb5\x19\x1bK&0\x8a\xaf\x0a\xaaY\
S\xca\x86\x9a\x06\x5c\xd7\xaa\xd5\x14-\x94\x14X\xc2\xc0\
\x14\xb0\x14\x22\xa5\xe18)V\x8c(\x04X\xc2\xa6\xcd\
\xc3Q\x81\x0b\x0e\xaa@\xc5h\x9b,\x1cu\x87EY\
<\x05\x85k\x9b\x84\x13d\x05_\xd9\x22\xf3\xa4X\x9d\
IN\x0e\x01\x0b\xc9\xad\x8a\x05!\xf8A\xca\xdcD\xef\
&\xe9\xd6\xce\xb9UQ\x1c\x18\x01N+S\x7f%m\
 2\xab\x9a\xcc$XD\x1d\x93\xde{w\xb8rU\
0\xe1\xac\x91\xa1{\xe3\x97\x0a\xd0p\x10U\xccz\xab\
\xbc\x05\xb1|\x0d5\xfe\x85\x05\xd5\xa4\x95\xe4\xc1\xca\x0b\
I\xdefG72zQ0\x85\xedk\xc7\xa9_\x16\
\x86\x89\x04\xd8\x01\x8d\xfa\xc4\xa2 \x0a\xdc\x00MR\xd4\
\x17C\xfa\x82\xb9\xa66S\x9c\x14*\x8aB\x05\xeci\
G\xad\xb2\xc0!U\xc2k\xe7\xbf9\xda\xfb\x96\x0e<\
\xa1\xe9\xe6Lr\x17\x03Q\xc7\x84\xf6\xead\xd5\xef\xdb\
\x9a*\xf9\xccP\xd1/4\xa8\x9aIo\xd5\xd1V\xc6\
\x11\x1em\x83\xf6\x00\x9d\xb2x\xf2P\x09\xd4\xcbs\xaa\
\xb5\xcc{\xee\x0c\x84\xf0\x15T\xec\x80$~9S\x11\
\xba\x00#~\x93\x8fJYq\x04\x01\xec$\xe3BG\
3\x16\x00\xd6\xb0\xee\xe9A\xc0\x22\x00k\x98V\x8e\x07\
\xdb9\xb0Mb<\xa3\x95o(yq\xcflzy\
\x80E\xc7\x81\xd6\x91c\xa4\xdd\xc0 mV\x1dS\x03\
J\x9c\x88\x12\x5cv\xbci@\xa9(\xaa\x84\x02+d\
\x8a<4>+97\x08\x99\x1a\xb8\x0d0\x92\xfd+\
I\x06c\x80\x0a\xca\xabi\x81\x14\xadSE\xca\xc0A\
YLM\xfbIbV\x14\xcd\x0a\xd7\x87=\xf9\xab\x92\
jZ\xae\xca\x0c\xde\x94\xe7;2\x98P\xa2K@\xd1\
\xe06\xbf*\xa9V\x14\x05T\x98\x9c\xf9:\xc1J)\
V\x9c\x14\xabb\xdax)<P6\xceQ(\x02\x05\
V\xa0$\xeb6\x1fG\xfd\x1f\xc0m&\xaf\x85T\xc7\
;\x12q\x15\x943]\xefE\x1f2G\x85\xc08\x90\
z\xe6\xad\x0cg\x1c\xd67@\x9a\x98UR\x10\x02Z\
\xfeFv4\xc1\xfe\x8a\x9a\xd17q\xa9\xcal \xd1\
\x8b\x81i\xf4j\xa4\xd3\xce)\x08>\x0d\xe4\xab\x22q\
\xaafV:s&\x10\xfc\x06T-\xd9\xbeH|\xaa\
\x18\x0f^\x19\x00}\x9a\x02\xc0\x14|\xe8\x0a\xd3\x9b\xc1\
\xfd\xea\xcd.\xb4+\x9a\xb6$\xe1|4\x9aL\xce\x93\
\xa4x*\x16\xe5x\xbc!\xc9\xa4y\x9d!\xc9\xb7?\
\xe8\xe6\xa76X\xaf'\x82\xf1;~\xd3j\xe2D\x17\
\xac\xc98l\x0f\xac\xa7\xdb\xf1\x918?\xa5`*\xbd\
\xb6f\xe0\xeb\xa93\xabx\xeaV~TM\xeb\x1a-\
\xd3Km)\xf8\x15\xc2\xe5\xf9X\xbf3\xc2\xed$O\
~#\xe9\x0c\xb3\xb0T\xb3\xd6\xf3wG\xb5\x9db\xba\
\xdfH\xb7\x10]\x0c\xbb\xdb\xcc\xea\xfb\x99r;\xb9\x9d\
n&\x1d\xbf\xf6\xc9\xf6v6=5\xdd\xba#\xdb;\
T\x09o\xe7\xd0SJAH\xe6;\xa2\xdad<\xb1\
\xfc=N6\xdf1wvH\xb3|\x92\x87wI\xb3\
,@0h\x87\x94{\x9f<\xca\xdf\xae\x0aNq\xa9\
g\xa6\x19\xbcvV\xd5;\xe1\xe1nx\xf5{\xa1\x5c\
\xd4\xa8;nc\x87,\xdb5\x01\x93A\xf2\xfe\x08\xc8\
\x15\x04\xdb\x1e\x0f^#\xed\xc4NT\xb1\x1b\xa6\xfd^\
\xe8\xb6\x9b\xe0\xec\x90e\xbb&\x9f\xd6\xc6\xbcC\x96}\
;\xf1N\x1a\xc4\x8e\xf1\xfd\xda\xcek$\x9e\xd8k\x22\
\xd1\x91Y\xfc\x9dP\xaeQ\xb5 \xba\xb6k\x0a\xde\x8d\
\xc6\xcaL\xde\xa3G\xd6y\x98\xee\x98\x9eWJ\xba,\
\x00)\x8d\x8e\x09\xe8}\x9e\xbfG\xa5\xa1\xdf>\xf5N\
\x9az\xbb\xf3\xf1\x1a)\xd78go\x9fz\x87l{\
\xfddk\xd4\xc5N\x9a\xb6K\x9e\xed\x8ezI\xda\xbd\
WU\x91\xc18g\x1d\x0b\xbc\xc9\x84\xbfC'\xc3B\
\x90\xeeW\xc6\xd9\xeb\xe2eC\xb2\x97\xf9l\xb8\x8c\xb7\
\x1c\xc9\xf6P\x15\xcb\xa2z*\xfa\x87\xe4,\x17u\xd6\
\xbc\x8f\x0fZ\xcd\xf3\xd9\xc7f\xe4\xb9\xb9\xcd\xbd\xa1\xe5\
\xf4\x97b\x98b\x8aM\x96Z\x84\x87\x97\x8f)\xff\x9c\
\xb5O4\xe4\xff\xdc\x9e6\xc9\xe7\xd3\xd9\xebp\x99/\
\x96Y\xfc\xc5\xe9\xe4\xe3\xac\xa8#}\xb3t#\xd3\xc5\
\xfd\x90\xc7\x0b\x9f\xcbj\xbc7\xb0\x0e3\x9eBu\x85\
\xe1.\x0e-\x80\xa25\xe0\xac\x93\xbbD\x14\x9c\x19\xee\
\xecN\x93\xa9\xb6TO:\xa5\x8d\xdc\x03.\xd1J\x0b\
e\xfb\x9fn\xeax7\x8b\x9dB\x80r<}\x88\xff\
\x86U\x99\xa8\x94\x1e\xf4\xa0\x8a\xa0\xb9 ^|\xd08\
\xe7\xf8\xd7\xcf\xfc\xfe\x01\x02\x89\xb8Z\xb6+\xdd\x5c\xd0\
\x07\xc4M+d\xce\x91\xf7\x1cI>\xfd\xff\xff\xdd\x0c\
\x9a\xbb\xfc\x14\xff\xc6'M\x13\xa4I\xd1\xdf\x0c\x96O\
\xf1\xcf?\x00\x17\xb6\xc9&\
\x00\x00\x0c9\
<\
?xml version=\x221.\
0\x22 encoding=\x22UTF\
-8\x22 standalone=\x22\
no\x22?>\x0a<svg\x0a   xm\
lns:dc=\x22http://p\
url.org/dc/eleme\
nts/1.1/\x22\x0a   xml\
ns:cc=\x22http://cr\
eativecommons.or\
g/ns#\x22\x0a   xmlns:\
rdf=\x22http://www.\
w3.org/1999/02/2\
2-rdf-syntax-ns#\
\x22\x0a   xmlns:svg=\x22\
http://www.w3.or\
g/2000/svg\x22\x0a   x\
mlns=\x22http://www\
.w3.org/2000/svg\
\x22\x0a   xmlns:sodip\
odi=\x22http://sodi\
podi.sourceforge\
.net/DTD/sodipod\
i-0.dtd\x22\x0a   xmln\
s:inkscape=\x22http\
://www.inkscape.\
org/namespaces/i\
nkscape\x22\x0a   widt\
h=\x2234.133335\x22\x0a  \
 height=\x2234.1333\
35\x22\x0a   id=\x22svg29\
85\x22\x0a   version=\x22\
1.1\x22\x0a   inkscape\
:version=\x221.0.2 \
(e86c870879, 202\
1-01-15)\x22\x0a   sod\
ipodi:docname=\x22s\
emiautomaticclas\
sificationplugin\
_add.svg\x22\x0a   ink\
scape:export-xdp\
i=\x2267\x22\x0a   inksca\
pe:export-ydpi=\x22\
67\x22>\x0a  <defs\x0a   \
  id=\x22defs2987\x22 \
/>\x0a  <sodipodi:n\
amedview\x0a     id\
=\x22base\x22\x0a     pag\
ecolor=\x22#ffffff\x22\
\x0a     bordercolo\
r=\x22#666666\x22\x0a    \
 borderopacity=\x22\
1.0\x22\x0a     inksca\
pe:pageopacity=\x22\
0.0\x22\x0a     inksca\
pe:pageshadow=\x222\
\x22\x0a     inkscape:\
zoom=\x2211.197802\x22\
\x0a     inkscape:c\
x=\x228.0392834\x22\x0a  \
   inkscape:cy=\x22\
13.155674\x22\x0a     \
inkscape:current\
-layer=\x22layer1\x22\x0a\
     showgrid=\x22f\
alse\x22\x0a     inksc\
ape:grid-bbox=\x22t\
rue\x22\x0a     inksca\
pe:document-unit\
s=\x22px\x22\x0a     show\
guides=\x22true\x22\x0a  \
   inkscape:wind\
ow-width=\x221366\x22\x0a\
     inkscape:wi\
ndow-height=\x22706\
\x22\x0a     inkscape:\
window-x=\x220\x22\x0a   \
  inkscape:windo\
w-y=\x220\x22\x0a     ink\
scape:window-max\
imized=\x221\x22\x0a     \
inkscape:snap-gl\
obal=\x22true\x22\x0a    \
 inkscape:docume\
nt-rotation=\x220\x22>\
\x0a    <inkscape:g\
rid\x0a       type=\
\x22xygrid\x22\x0a       \
id=\x22grid3765\x22\x0a  \
     originx=\x220\x22\
\x0a       originy=\
\x220\x22\x0a       spaci\
ngx=\x221.0666667\x22\x0a\
       spacingy=\
\x221.0666667\x22 />\x0a \
 </sodipodi:name\
dview>\x0a  <metada\
ta\x0a     id=\x22meta\
data2990\x22>\x0a    <\
rdf:RDF>\x0a      <\
cc:Work\x0a        \
 rdf:about=\x22\x22>\x0a \
       <dc:forma\
t>image/svg+xml<\
/dc:format>\x0a    \
    <dc:type\x0a   \
        rdf:reso\
urce=\x22http://pur\
l.org/dc/dcmityp\
e/StillImage\x22 />\
\x0a        <dc:tit\
le />\x0a      </cc\
:Work>\x0a    </rdf\
:RDF>\x0a  </metada\
ta>\x0a  <g\x0a     id\
=\x22layer1\x22\x0a     i\
nkscape:label=\x22L\
ayer 1\x22\x0a     ink\
scape:groupmode=\
\x22layer\x22>\x0a    <re\
ct\x0a       style=\
\x22fill:#49646b;fi\
ll-opacity:1;fil\
l-rule:evenodd;s\
troke:#e6e6e6;st\
roke-width:2.4;s\
troke-linecap:sq\
uare;stroke-line\
join:miter;strok\
e-miterlimit:4;s\
troke-dasharray:\
none;stroke-dash\
offset:0;stroke-\
opacity:1\x22\x0a     \
  id=\x22rect3010\x22\x0a\
       width=\x2232\
\x22\x0a       height=\
\x2232\x22\x0a       x=\x221\
.2796222\x22\x0a      \
 y=\x221.2244012\x22\x0a \
      ry=\x226.0952\
382\x22 />\x0a    <g\x0a \
      id=\x22g836\x22\x0a\
       style=\x22st\
roke:#e7e7ff;str\
oke-opacity:1\x22>\x0a\
      <path\x0a    \
     style=\x22fill\
:#ececec;fill-op\
acity:1;stroke:#\
e7e7ff;stroke-wi\
dth:5.1913;strok\
e-linecap:butt;s\
troke-linejoin:m\
iter;stroke-mite\
rlimit:4;stroke-\
dasharray:none;s\
troke-opacity:1\x22\
\x0a         d=\x22M 6\
.0796226,17.0189\
44 H 28.479622\x22\x0a\
         id=\x22pat\
h3782\x22\x0a         \
inkscape:connect\
or-curvature=\x220\x22\
\x0a         sodipo\
di:nodetypes=\x22cc\
\x22 />\x0a      <path\
\x0a         style=\
\x22fill:#ececec;fi\
ll-opacity:1;str\
oke:#e7e7ff;stro\
ke-width:5.1913;\
stroke-linecap:b\
utt;stroke-linej\
oin:miter;stroke\
-miterlimit:4;st\
roke-dasharray:n\
one;stroke-opaci\
ty:1\x22\x0a         d\
=\x22M 17.066667,5.\
9885968 V 28.388\
595\x22\x0a         id\
=\x22path3782-7\x22\x0a  \
       inkscape:\
connector-curvat\
ure=\x220\x22\x0a        \
 sodipodi:nodety\
pes=\x22cc\x22\x0a       \
  inkscape:trans\
form-center-x=\x220\
.25762161\x22\x0a     \
    inkscape:tra\
nsform-center-y=\
\x22-0.53190861\x22 />\
\x0a    </g>\x0a  </g>\
\x0a</svg>\x0a\
\x00\x00\x06\xef\
\x00\
\x00 \xf9x\xda\xddYY\x93\x9bF\x10~\xf7\xaf\xa0\
\xb4/NE\xc0\x5c\xcc\x81W\xeb\x17\x97\x93T%/\
\x89\xe3<\xba\x10\x8c$b\xc4(\x80V\x92\x7f}z\
@\x1cZ\xb1>e\xc7\x11\xaa-Aw\xcf\xf5u\xf7\
\xd7\x8d\xf6\xf6\xf9~\x9d9\xf7\xba(S\x93\xcf&\xd8\
C\x13G\xe7\xb1I\xd2|9\x9b\xfc\xf9\xea\xa5+'\
NYEy\x12e&\xd7\xb3In&\xcf\xef\x9e\xdc\
\x96\xf7\xcb'\x8e\xe3\xc0\xe0\xbc\x0c\x93x6YU\xd5\
&\xf4\xfd\xcd\xb6\xc8<S,\xfd$\xf6u\xa6\xd7:\
\xafJ\x1f{\xd8\x9f\xf4\xe6qo\x1e\x17:\xaa\xd2{\
\x1d\x9b\xf5\xda\xe4e=2/o\x06\xc6E\xb2\xe8\xac\
w\xbb\x9d\xb7\xa3\xb5\x11VJ\xf9\x88\xf8\x84\xb8`\xe1\
\x96\x87\xbc\x8a\xf6\xee\xe9P\xd8\xe3\xd8P\x82\x10\xf2A\
\xd7[~\x9cUX\x02*\x1b\xf8\xeb\xcc[\x81W\x9a\
m\x11\xeb\x05\x8c\xd3^\xae+\xff\xc5\xab\x17\x9d\xd2E\
^R%\x83i\xd2\xfcm\x19G\x1b}\xb2j+l\
\x10\x88\xd6\xba\xdcD\xb1.\xfdV^\x8f\xdf\xa5I\xb5\
\x9aM(\xf30\x85+\xa8\x85+\x9d.W\xd5Ci\
\x9a\xcc&\xb0{\xa2d\xf3<\xf00n\x0c\x8e\x13\x87\
C\xdf{\xc4y\xaa%\x8f\xa5@R\xa8\xa9C\x10\xc1\
.\xc2.\x0e~\xa8\x07\xb5g\x0a\x13\x13\xdbM\xc2\x1a\
z\x9dF\xdb\xca\xac\xc1\x8dq\x9cEe\x99.\xd2\x18\
\x1eL\xbe\xc9\xb6\xcb4\x7f\xa3\xf7\x1bSTo\xca\x8d\
\x8e\xab\x22\xca\xded\xe9\xbc\x88\x8a\x83\xd7b\xdbm\xa4\
1t\xf7\xc9\x06\x10\xe6bTyh\x95w\xa0\xbdM\
\xf4\xa2\xb4V\xcdq\xed\x13\x9c\xb7\xd1\x816Ks\x1d\
\x15?\x15Q\x92B\x146v\x8d\xe5\xa9&P\x02\x1f\
\xc7\xc0\xa8\xb22\x9b\xd6\x16\x0e\x5c\x1d2{J\x10\xba\
\xb1\xc9L\x11\xde\xc4\x18\x22\x03=\xabE\x06\x9c\x94V\
\x87\x10?\x9b\xf4c\xccbQjp\x08\x1a\xc8jw\
\xc0\x08X\x8bN\x1c\xff\xe3W\x93\xe8|54\xb6\x1a\
\x1e_-\xe8V\xbb\xf5O\x8f]#\xe8[\xd0\xea\xbb\
\xce\xb5\xd6\xaf\xc9}\xaaw=\xb2\xf3\xa8\xd4\xc7\xe97\
\xd1R\xd7[\x9bMn\x16\xf5uT\xccM\x91\xe8\xa2\
U\xf1\xfa:Q\x1dw\xdfp\xccq\xee\xd6\xbbv\xd6\
N\x8f\xc6\xf5\xe5*J\xccn6!\x0f\x95\xef\x8cY\
\xcf&\xccS\x8c\x13N\xf9Cu\xbc\x871\xcc\xe3D\
r\x82\xcf\x94\x87Z)1b\x92\x9e)\xb7E\x01@\
\xb9Yt\xd0p\xa8\xfa\xab\x9d\xa1\x5c\x99\xdd\xb2\xb0\xe0\
T\xc5V?\x1ci5\xee|n\xf6\xe3j\xc8\x9e\xad\
eFw\x9b\xa7\x15\xb0\xcff?\x9cu\x9b&\xba\x1c\
\x1f\xb8Ks\xc0\xc0=\xf2\x00\xa6\x9c?b\xd1\x92\x82\
@\x8fY\xec\xfb\x00}\xa8:<\xaeZG\xfbt\x9d\
\xbe\xd3I\x1fp\x9dI\x99G\x1bw\x99\x99y\x94}\
\xe0\xd8\x85\xa9j\x86\xb0\xeb\x1c\x83\xf3\x04\xba6\x92\xab\
\x83e\xc9\xfd\xc1\xca&\xc3\x04\xb6\x02*x\xd0\x09M\
\x91\x02\xd7\xec\x87I\xd7\x88\x0eC\x91\xe5T\xa8k\xfb\
:\x06\xeb\x08\x15\x0fu\x87\xa1\xaeI\x9d[\xff<7\
j\xf9ZWQ\x12UQ\x9f(\xad\x84(\xd5\x9d\x0c\
\xcaS\xf8\xfb\x8b\x97]\xca\xc7q\xf8\x97)\xde\xf6\xd9\
j\x0d\xa2\xb9\xd9\x82\xbb:\x1a\xb2\xe4\x16\x87PP\x80\
W\xef\xd25\x84\xbf\xadE?B\x01\x81\x94\xed\x14'\
\xc6\x16\xac~\xd2f\xdaB7\x95i\xb4<'\xf1:\
\xb5\x83\xfc?\xaa4\xcb~\xb1\x8b\x0c\xa8\xe98iZ\
ez\xc0W\xfeq\xf7-\xa5\x0c\x0ew\xeb\xb7\xa7\xaf\
\x9f\x96=*'\x89\xd39:\x8b\xe6\x1a\x02\xe5W\xab\
t\xf0y\x06\x99\xedfm\x12}\x1c\xde\xa1\x09U\xe4\
\xc9)].`\xf7\xe1\x8d\x90j\x1e\x91g\xf6a@\
\xcb\xf5c\xb1\xcd\xa0\x80\xdc\xeb\xdc$\x090ia\xde\
\xea\xf0Fs\xfb9>6\x19\x15\x12\x8f\xb5\x02\xcb\x95\
\xb0\x91\xb0\xfcg\x1b\x15z(\xfd\xdb\xa4y\x08\xc8\xe9\
\xa2\x95\xd6\x0f\x19\xe4E\x15v\xe3\x93\x08\xf8\xaa(\xa2\
C\x98C\xdb4\x946\x84\x1d\xa2V\xd6m\xf6$\xc2\
\xed9)\xc2}\xec\xb6\xb5\x9ft\x92\xae\xf0\xf7\xa2:\
\xb2\x89b\x82+\xd9\x09kJ\x95\x5c2\xd1Q\x1cD\
\x07H\xb9\x87T@\xa8$}\x8d\xd8D\xd5j\x0c\xde\
\xc1!\xa0&i\xa4\x10:\x85\x0e{\x8a\x04\x82?\x84\
o\xbe\xad\xaaK\x81w\x0e\x94\xcd8\x07\x0e,8g\
\x82LI\xe0)\x9b\xb8\xca!\x1e\x22\x922\x8a\xa7\xd0\
}q\x02\x17u\x98\x87\x02\xce%gS\x17j\x85\x80\
\x8b;\xd4\xa3\x12\x05\x02\xd3\xce\x8e\xb422\x0d\xbc\x00\
\x9aL%{\x09,\xc5\xec\x05s\x09J\xe4\x14\xe2E\
J\xa9\x9c\xc0cH*\xcc\xc1@\x0e\x0b_\xe3J\x8b\
)C\xb4\xa7\x9a\xbe\xc0\x98\x1c`\xaaL\xe1B\xa9\xb9\
\x8f\xaam\xa1-]}\x9a7\x16\x04\xfc\xf1\xddx\x03\
\xb0B\x0c\xd8\x8fN\x89\xf0H\x8dN\xeb\x0c2\x00\xb9\
u\x06\x1dq\x06\x198\xad\x95\x9d9\x83\xb6\xce\x08\x1e\
qF\xf0~g\xb8\xf4+\xb9C\xab\x05\xf9~\xdc\x01\
}\x8f\x22\x12\xce;%\xca\x13\xb6\x95$#\xfe\xe8\x93\
\x03\x8f\xf8\xe3=\xeePg\xee\xf8\xcc\xdcp\xa9\xcb/\
\xe7\x90\x9b9\xc3\xd0\xa5\x7fi1\x00\x96\x13\xe2b\xae\
\x806\x13+\xa1\x18\x99R\xe8pI \x99\x13\x03y\
!\xa2\x02H\x03\x04\xb72\xa0X0\x0b\xb7\x08(g\
r \xc2\xe0\xc7@0\xe1\xbcv0\xd0\xb6\xbd\xb0\xb3\
r\x84\x87h $L\x04\xbb\xc5\x88\x10\x06\x13\xb9\x18\
[o\x12\x22`\x1c\xf5\x84\x0a\x14\xc6\xf41q\x06\x0a\
\x980\xc0\xb8v\xb4\x82=\x12\xd9\xc9`c\xad(v\
P=9\xb5\xed\x11c\x0a<:2y\xc0\x86\xe2\x9f\
a\xb7\xce\xbd\x83\x89G)B\x8a4\x93@\xa7N\x10\
\xc4\x0eT%B9\xac\xdb\x9d\xeex`\xdeK\xde\x9d\
U\xc5\x802\xf99\xc1\xb2<i 1\x12}m\x85\
\xf7\xd2\xbc\xb4=\x15\xf8)\xaa\x8at\xff\x14\xb6\x16(\
*\x02\xe01d?\x1e\xc7\x04\x88\x8dC\x5c\xc3\xe9\x02\
\x9bG\x80\x22\xf2\x18l\x97\xc0\xcbq\xd7 \x0dC\xf2\
=,\x81\xda\xd7\xba\x93\x80\xab\xdf\xdf\xbf-K\xd4\xc1\
\xf9\x9b\xe3Bt\x06vu6\xa5\x81G\x1a\xa2x\xed\
p\xe5\xd1\xfe7\x85\xd3\xb4\x85\x1e\x97\x0f\xc5\x1f\xf0\xc3\
\x00\x94\xae\x9b\x86\xf6\xce6\xa0\xf0\xb2\x13\xc7\xc3\xb7\xe2\
\xff)\x88\xeaH\x8a\xd3\x0e6H\x80\x1e\xd9q\x0c\xe5\
\xf7\x87!\x94+\xc5\x11\xdd\xec?\x1d\xc5G\xb0Y\x03\
\x0c\xd4c\xf5[\xd5\x94\xb3\x86\xc0HM[\xb5\xbb,\
\xff\x8d\xde\x8e`F\x85 .\xfa\x04\xd4.\x16XX\
\x04\xec\xb2\xa0`\xd5\xe4\x1a\x9e\x0a\xe0\x92\x16\x14d\x8b\
0\xa9\xc1z\xec~\x0c\x17\xc9\xae\x05\x15\xda\xb4\x0a\xe2\
B\xa8\xb8\xf2:p\xa1\x97\x0d\x16W]\x05,\x1dY\
\x5c\x08\x95\xebH\x22\xd1\xb0-\xbf\x14*\xf4:RH\
\xb6]\xce\x85`\xe1\xdf\x1c\x96\xaf\x5c\x9c\x03\xe9\xf1\xe6\
7\x94/(\xce.\xb9:Xh\xdb\xd1}\x09,\xf8\
\xda`a\xf2\x02\xad\xdc\x7f\xc0-_\x1b\x16r\x89$\
b\xd7\x06\x0b\x15\x97H\xa2\xcf\xe9Zn\xfde\xf3/\
\x0a\xf8\xba\xb5\xffI\xb9{\xf2/\x19\xdfT\x8b\
\x00\x00\x12\xab\
<\
?xml version=\x221.\
0\x22 encoding=\x22UTF\
-8\x22 standalone=\x22\
no\x22?>\x0a<svg\x0a   xm\
lns:dc=\x22http://p\
url.org/dc/eleme\
nts/1.1/\x22\x0a   xml\
ns:cc=\x22http://cr\
eativecommons.or\
g/ns#\x22\x0a   xmlns:\
rdf=\x22http://www.\
w3.org/1999/02/2\
2-rdf-syntax-ns#\
\x22\x0a   xmlns:svg=\x22\
http://www.w3.or\
g/2000/svg\x22\x0a   x\
mlns=\x22http://www\
.w3.org/2000/svg\
\x22\x0a   xmlns:sodip\
odi=\x22http://sodi\
podi.sourceforge\
.net/DTD/sodipod\
i-0.dtd\x22\x0a   xmln\
s:inkscape=\x22http\
://www.inkscape.\
org/namespaces/i\
nkscape\x22\x0a   widt\
h=\x2234.133335\x22\x0a  \
 height=\x2234.1333\
35\x22\x0a   id=\x22svg29\
85\x22\x0a   version=\x22\
1.1\x22\x0a   inkscape\
:version=\x221.0.2 \
(e86c870879, 202\
1-01-15)\x22\x0a   sod\
ipodi:docname=\x22s\
emiautomaticclas\
sificationplugin\
_add_bandset_too\
l.svg\x22\x0a   inksca\
pe:export-xdpi=\x22\
67\x22\x0a   inkscape:\
export-ydpi=\x2267\x22\
\x0a   viewBox=\x220 0\
 32 32\x22>\x0a  <defs\
\x0a     id=\x22defs29\
87\x22 />\x0a  <sodipo\
di:namedview\x0a   \
  id=\x22base\x22\x0a    \
 pagecolor=\x22#fff\
fff\x22\x0a     border\
color=\x22#666666\x22\x0a\
     borderopaci\
ty=\x221.0\x22\x0a     in\
kscape:pageopaci\
ty=\x220.0\x22\x0a     in\
kscape:pageshado\
w=\x222\x22\x0a     inksc\
ape:zoom=\x225.5989\
01\x22\x0a     inkscap\
e:cx=\x2215.054586\x22\
\x0a     inkscape:c\
y=\x2227.616756\x22\x0a  \
   inkscape:curr\
ent-layer=\x22g3717\
\x22\x0a     showgrid=\
\x22true\x22\x0a     inks\
cape:grid-bbox=\x22\
true\x22\x0a     inksc\
ape:document-uni\
ts=\x22px\x22\x0a     sho\
wguides=\x22false\x22\x0a\
     inkscape:wi\
ndow-width=\x221366\
\x22\x0a     inkscape:\
window-height=\x227\
06\x22\x0a     inkscap\
e:window-x=\x220\x22\x0a \
    inkscape:win\
dow-y=\x220\x22\x0a     i\
nkscape:window-m\
aximized=\x221\x22\x0a   \
  inkscape:docum\
ent-rotation=\x220\x22\
>\x0a    <inkscape:\
grid\x0a       type\
=\x22xygrid\x22\x0a      \
 id=\x22grid3765\x22\x0a \
      originx=\x220\
\x22\x0a       originy\
=\x220\x22\x0a       spac\
ingx=\x221\x22\x0a       \
spacingy=\x221\x22 />\x0a\
  </sodipodi:nam\
edview>\x0a  <metad\
ata\x0a     id=\x22met\
adata2990\x22>\x0a    \
<rdf:RDF>\x0a      \
<cc:Work\x0a       \
  rdf:about=\x22\x22>\x0a\
        <dc:form\
at>image/svg+xml\
</dc:format>\x0a   \
     <dc:type\x0a  \
         rdf:res\
ource=\x22http://pu\
rl.org/dc/dcmity\
pe/StillImage\x22 /\
>\x0a        <dc:ti\
tle />\x0a      </c\
c:Work>\x0a    </rd\
f:RDF>\x0a  </metad\
ata>\x0a  <g\x0a     i\
d=\x22layer1\x22\x0a     \
inkscape:label=\x22\
Layer 1\x22\x0a     in\
kscape:groupmode\
=\x22layer\x22>\x0a    <r\
ect\x0a       style\
=\x22fill:#0055d4;f\
ill-opacity:1;fi\
ll-rule:evenodd;\
stroke:#000000;s\
troke-width:2.04\
722357;stroke-mi\
terlimit:4;strok\
e-dasharray:none\
;stroke-opacity:\
1\x22\x0a       id=\x22re\
ct2993\x22\x0a       w\
idth=\x2219.984657\x22\
\x0a       height=\x22\
16.764494\x22\x0a     \
  x=\x2248.94952\x22\x0a \
      y=\x2242.6104\
51\x22\x0a       rx=\x222\
.3818941\x22\x0a      \
 ry=\x222.5364795\x22\x0a\
       transform\
=\x22matrix(1,0,-0.\
84367848,0.53684\
879,0,0)\x22\x0a      \
 inkscape:export\
-xdpi=\x2267\x22\x0a     \
  inkscape:expor\
t-ydpi=\x2267\x22 />\x0a \
   <rect\x0a       \
transform=\x22matri\
x(1,0,-0.7893729\
3,0.61391398,0,0\
)\x22\x0a       ry=\x222.\
7109787\x22\x0a       \
rx=\x222.3818941\x22\x0a \
      y=\x2226.0622\
83\x22\x0a       x=\x2233\
.732044\x22\x0a       \
height=\x2217.91782\
\x22\x0a       width=\x22\
19.984657\x22\x0a     \
  id=\x22rect3767\x22\x0a\
       style=\x22fi\
ll:#00aa00;fill-\
opacity:1;fill-r\
ule:evenodd;stro\
ke:#000000;strok\
e-width:1.914421\
2;stroke-miterli\
mit:4;stroke-das\
harray:none;stro\
ke-opacity:1\x22 />\
\x0a    <rect\x0a     \
  style=\x22fill:#f\
f0000;fill-opaci\
ty:1;fill-rule:e\
venodd;stroke:#0\
00000;stroke-wid\
th:1.82343543;st\
roke-miterlimit:\
4;stroke-dasharr\
ay:none;stroke-o\
pacity:1\x22\x0a      \
 id=\x22rect3769\x22\x0a \
      width=\x2219.\
984657\x22\x0a       h\
eight=\x2219.210629\
\x22\x0a       x=\x2221.8\
63091\x22\x0a       y=\
\x2211.821928\x22\x0a    \
   rx=\x222.3818941\
\x22\x0a       ry=\x222.9\
065814\x22\x0a       t\
ransform=\x22matrix\
(1,0,-0.73625089\
,0.67670868,0,0)\
\x22 />\x0a    <rect\x0a \
      transform=\
\x22matrix(1,0,-0.7\
1071152,0.703483\
58,0,0)\x22\x0a       \
ry=\x223.0110292\x22\x0a \
      rx=\x222.3818\
941\x22\x0a       y=\x22-\
3.7876298e-15\x22\x0a \
      x=\x2213\x22\x0a   \
    height=\x2219.9\
00961\x22\x0a       wi\
dth=\x2219.984657\x22\x0a\
       id=\x22rect3\
771\x22\x0a       styl\
e=\x22fill:#cccccc;\
fill-opacity:1;f\
ill-rule:evenodd\
;stroke:#000000;\
stroke-width:1.7\
8839839;stroke-m\
iterlimit:4;stro\
ke-dasharray:non\
e;stroke-opacity\
:1\x22\x0a       inksc\
ape:export-xdpi=\
\x2267\x22\x0a       inks\
cape:export-ydpi\
=\x2267\x22 />\x0a    <g\x0a\
       id=\x22g3707\
\x22>\x0a      <g\x0a    \
     id=\x22g3712\x22>\
\x0a        <g\x0a    \
       id=\x22g3717\
\x22>\x0a          <re\
ct\x0a             \
ry=\x223.8095238\x22\x0a \
            y=\x221\
2.125\x22\x0a         \
    x=\x2211.875\x22\x0a \
            heig\
ht=\x2220\x22\x0a        \
     width=\x2220\x22\x0a\
             id=\
\x22rect3010\x22\x0a     \
        style=\x22o\
pacity:1;fill:#4\
9646b;fill-opaci\
ty:1;fill-rule:e\
venodd;stroke:#f\
fffff;stroke-wid\
th:1.5;stroke-li\
necap:square;str\
oke-linejoin:mit\
er;stroke-miterl\
imit:4;stroke-da\
sharray:none;str\
oke-dashoffset:0\
;stroke-opacity:\
1\x22 />\x0a          \
<path\x0a          \
   sodipodi:node\
types=\x22cc\x22\x0a     \
        inkscape\
:connector-curva\
ture=\x220\x22\x0a       \
      id=\x22path37\
82\x22\x0a            \
 d=\x22M 14.874999,\
22.125 H 28.875\x22\
\x0a             st\
yle=\x22fill:none;s\
troke:#ffffff;st\
roke-width:4.234\
46178;stroke-lin\
ecap:butt;stroke\
-linejoin:miter;\
stroke-miterlimi\
t:4;stroke-dasha\
rray:none;stroke\
-opacity:1\x22 />\x0a \
         <path\x0a \
            sodi\
podi:nodetypes=\x22\
cc\x22\x0a            \
 inkscape:connec\
tor-curvature=\x220\
\x22\x0a             i\
d=\x22path3045\x22\x0a   \
          d=\x22m 2\
1.875,15.125 v 1\
4\x22\x0a             \
style=\x22fill:#fff\
fff;stroke:#ffff\
ff;stroke-width:\
5;stroke-linecap\
:butt;stroke-lin\
ejoin:miter;stro\
ke-miterlimit:4;\
stroke-dasharray\
:none;stroke-opa\
city:1\x22 />\x0a     \
   </g>\x0a      </\
g>\x0a    </g>\x0a  </\
g>\x0a</svg>\x0a\
\x00\x00\x14\xeb\
<\
?xml version=\x221.\
0\x22 encoding=\x22UTF\
-8\x22 standalone=\x22\
no\x22?>\x0a<!-- Creat\
ed with Inkscape\
 (http://www.ink\
scape.org/) -->\x0a\
\x0a<svg\x0a   xmlns:d\
c=\x22http://purl.o\
rg/dc/elements/1\
.1/\x22\x0a   xmlns:cc\
=\x22http://creativ\
ecommons.org/ns#\
\x22\x0a   xmlns:rdf=\x22\
http://www.w3.or\
g/1999/02/22-rdf\
-syntax-ns#\x22\x0a   \
xmlns:svg=\x22http:\
//www.w3.org/200\
0/svg\x22\x0a   xmlns=\
\x22http://www.w3.o\
rg/2000/svg\x22\x0a   \
xmlns:xlink=\x22htt\
p://www.w3.org/1\
999/xlink\x22\x0a   xm\
lns:sodipodi=\x22ht\
tp://sodipodi.so\
urceforge.net/DT\
D/sodipodi-0.dtd\
\x22\x0a   xmlns:inksc\
ape=\x22http://www.\
inkscape.org/nam\
espaces/inkscape\
\x22\x0a   width=\x2234.1\
33335\x22\x0a   height\
=\x2234.133335\x22\x0a   \
id=\x22svg2985\x22\x0a   \
version=\x221.1\x22\x0a  \
 inkscape:versio\
n=\x220.92.1 r15371\
\x22\x0a   sodipodi:do\
cname=\x22semiautom\
aticclassificati\
onplugin_zoom_to\
_Image.svg\x22\x0a   i\
nkscape:export-x\
dpi=\x2267\x22\x0a   inks\
cape:export-ydpi\
=\x2267\x22>\x0a  <defs\x0a \
    id=\x22defs2987\
\x22>\x0a    <linearGr\
adient\x0a       id\
=\x22linearGradient\
3779\x22>\x0a      <st\
op\x0a         styl\
e=\x22stop-color:#f\
0feff;stop-opaci\
ty:0;\x22\x0a         \
offset=\x220\x22\x0a     \
    id=\x22stop3783\
\x22 />\x0a      <stop\
\x0a         id=\x22st\
op3787\x22\x0a        \
 offset=\x220.49315\
068\x22\x0a         st\
yle=\x22stop-color:\
#bbfaff;stop-opa\
city:0.47058824;\
\x22 />\x0a      <stop\
\x0a         id=\x22st\
op3785\x22\x0a        \
 offset=\x221\x22\x0a    \
     style=\x22stop\
-color:#87f6ff;s\
top-opacity:0.98\
039216;\x22 />\x0a    \
</linearGradient\
>\x0a    <radialGra\
dient\x0a       ink\
scape:collect=\x22a\
lways\x22\x0a       xl\
ink:href=\x22#linea\
rGradient3779\x22\x0a \
      id=\x22radial\
Gradient3775\x22\x0a  \
     cx=\x224.37585\
88\x22\x0a       cy=\x225\
.6555443\x22\x0a      \
 fx=\x224.3758588\x22\x0a\
       fy=\x225.655\
5443\x22\x0a       r=\x22\
14.21688\x22\x0a      \
 gradientTransfo\
rm=\x22matrix(1.020\
2449,0,0,1.01928\
8,14.967938,8.74\
58064)\x22\x0a       g\
radientUnits=\x22us\
erSpaceOnUse\x22 />\
\x0a  </defs>\x0a  <so\
dipodi:namedview\
\x0a     id=\x22base\x22\x0a\
     pagecolor=\x22\
#ffffff\x22\x0a     bo\
rdercolor=\x22#6666\
66\x22\x0a     bordero\
pacity=\x221.0\x22\x0a   \
  inkscape:pageo\
pacity=\x220.0\x22\x0a   \
  inkscape:pages\
hadow=\x222\x22\x0a     i\
nkscape:zoom=\x222.\
7994505\x22\x0a     in\
kscape:cx=\x22-54.7\
33297\x22\x0a     inks\
cape:cy=\x2260.6617\
03\x22\x0a     inkscap\
e:current-layer=\
\x22layer1\x22\x0a     sh\
owgrid=\x22true\x22\x0a  \
   inkscape:grid\
-bbox=\x22true\x22\x0a   \
  inkscape:docum\
ent-units=\x22px\x22\x0a \
    showguides=\x22\
false\x22\x0a     inks\
cape:snap-global\
=\x22false\x22\x0a     in\
kscape:window-wi\
dth=\x221366\x22\x0a     \
inkscape:window-\
height=\x22708\x22\x0a   \
  inkscape:windo\
w-x=\x220\x22\x0a     ink\
scape:window-y=\x22\
0\x22\x0a     inkscape\
:window-maximize\
d=\x221\x22>\x0a    <inks\
cape:grid\x0a      \
 type=\x22xygrid\x22\x0a \
      id=\x22grid29\
97\x22\x0a       origi\
nx=\x220\x22\x0a       or\
iginy=\x220\x22\x0a      \
 spacingx=\x221.066\
6667\x22\x0a       spa\
cingy=\x221.0666667\
\x22 />\x0a  </sodipod\
i:namedview>\x0a  <\
metadata\x0a     id\
=\x22metadata2990\x22>\
\x0a    <rdf:RDF>\x0a \
     <cc:Work\x0a  \
       rdf:about\
=\x22\x22>\x0a        <dc\
:format>image/sv\
g+xml</dc:format\
>\x0a        <dc:ty\
pe\x0a           rd\
f:resource=\x22http\
://purl.org/dc/d\
cmitype/StillIma\
ge\x22 />\x0a        <\
dc:title />\x0a    \
  </cc:Work>\x0a   \
 </rdf:RDF>\x0a  </\
metadata>\x0a  <g\x0a \
    id=\x22layer1\x22\x0a\
     inkscape:la\
bel=\x22Layer 1\x22\x0a  \
   inkscape:grou\
pmode=\x22layer\x22>\x0a \
   <g\x0a       ink\
scape:label=\x22Lay\
er 1\x22\x0a       id=\
\x22layer1-1\x22\x0a     \
  transform=\x22mat\
rix(0.6363634,0,\
0,0.54245135,8.7\
146687,4.9552572\
)\x22>\x0a      <rect\x0a\
         inkscap\
e:export-ydpi=\x226\
7\x22\x0a         inks\
cape:export-xdpi\
=\x2267\x22\x0a         t\
ransform=\x22matrix\
(1,0,-0.84367848\
,0.53684879,0,0)\
\x22\x0a         ry=\x222\
.7055781\x22\x0a      \
   rx=\x222.5406871\
\x22\x0a         y=\x2245\
.451149\x22\x0a       \
  x=\x2252.212822\x22\x0a\
         height=\
\x2217.882128\x22\x0a    \
     width=\x2221.3\
16967\x22\x0a         \
id=\x22rect2993\x22\x0a  \
       style=\x22fi\
ll:#0055d4;fill-\
opacity:1;fill-r\
ule:evenodd;stro\
ke:#000000;strok\
e-width:2.183705\
09;stroke-miterl\
imit:4;stroke-da\
sharray:none;str\
oke-opacity:1\x22 /\
>\x0a      <rect\x0a  \
       style=\x22fi\
ll:#00aa00;fill-\
opacity:1;fill-r\
ule:evenodd;stro\
ke:#000000;strok\
e-width:2.042049\
17;stroke-miterl\
imit:4;stroke-da\
sharray:none;str\
oke-opacity:1\x22\x0a \
        id=\x22rect\
3767-5\x22\x0a        \
 width=\x2221.31696\
7\x22\x0a         heig\
ht=\x2219.112341\x22\x0a \
        x=\x2235.98\
0846\x22\x0a         y\
=\x2227.799768\x22\x0a   \
      rx=\x222.5406\
871\x22\x0a         ry\
=\x222.8917108\x22\x0a   \
      transform=\
\x22matrix(1,0,-0.7\
8937293,0.613913\
98,0,0)\x22 />\x0a    \
  <rect\x0a        \
 transform=\x22matr\
ix(1,0,-0.736250\
89,0.67670868,0,\
0)\x22\x0a         ry=\
\x223.1003535\x22\x0a    \
     rx=\x222.54068\
71\x22\x0a         y=\x22\
12.610057\x22\x0a     \
    x=\x2223.320629\
\x22\x0a         heigh\
t=\x2220.491337\x22\x0a  \
       width=\x2221\
.316967\x22\x0a       \
  id=\x22rect3769\x22\x0a\
         style=\x22\
fill:#ff0000;fil\
l-opacity:1;fill\
-rule:evenodd;st\
roke:#000000;str\
oke-width:1.9449\
9779;stroke-mite\
rlimit:4;stroke-\
dasharray:none;s\
troke-opacity:1\x22\
 />\x0a      <rect\x0a\
         inkscap\
e:export-ydpi=\x226\
7\x22\x0a         inks\
cape:export-xdpi\
=\x2267\x22\x0a         s\
tyle=\x22fill:#cccc\
cc;fill-opacity:\
1;fill-rule:even\
odd;stroke:#0000\
00;stroke-width:\
1.90762496;strok\
e-miterlimit:4;s\
troke-dasharray:\
none;stroke-opac\
ity:1\x22\x0a         \
id=\x22rect3771\x22\x0a  \
       width=\x2221\
.316967\x22\x0a       \
  height=\x2221.227\
692\x22\x0a         x=\
\x2213.866667\x22\x0a    \
     y=\x22-4.04013\
84e-15\x22\x0a        \
 rx=\x222.5406871\x22\x0a\
         ry=\x223.2\
117646\x22\x0a        \
 transform=\x22matr\
ix(1,0,-0.710711\
52,0.70348358,0,\
0)\x22 />\x0a    </g>\x0a\
    <ellipse\x0a   \
    style=\x22fill:\
url(#radialGradi\
ent3775);fill-op\
acity:1;fill-rul\
e:evenodd;stroke\
:#000000;stroke-\
width:2.02684093\
;stroke-miterlim\
it:4;stroke-dash\
array:none;strok\
e-opacity:1\x22\x0a   \
    id=\x22path2993\
\x22\x0a       cx=\x2219.\
432386\x22\x0a       c\
y=\x2214.510435\x22\x0a  \
     rx=\x2213.4844\
54\x22\x0a       ry=\x221\
3.484453\x22 />\x0a   \
 <rect\x0a       st\
yle=\x22fill:#55220\
0;fill-opacity:1\
;fill-rule:eveno\
dd;stroke:#00000\
0;stroke-width:2\
.13333344;stroke\
-miterlimit:4;st\
roke-dasharray:n\
one;stroke-opaci\
ty:1\x22\x0a       id=\
\x22rect3767\x22\x0a     \
  width=\x2219.0513\
57\x22\x0a       heigh\
t=\x224.4770689\x22\x0a  \
     x=\x22-27.2578\
68\x22\x0a       y=\x2221\
.278204\x22\x0a       \
rx=\x221.1560359\x22\x0a \
      ry=\x223.7203\
4\x22\x0a       transf\
orm=\x22rotate(-39.\
797873)\x22 />\x0a  </\
g>\x0a</svg>\x0a\
\x00\x00\x0ak\
<\
?xml version=\x221.\
0\x22 encoding=\x22UTF\
-8\x22 standalone=\x22\
no\x22?>\x0a<svg\x0a   xm\
lns:dc=\x22http://p\
url.org/dc/eleme\
nts/1.1/\x22\x0a   xml\
ns:cc=\x22http://cr\
eativecommons.or\
g/ns#\x22\x0a   xmlns:\
rdf=\x22http://www.\
w3.org/1999/02/2\
2-rdf-syntax-ns#\
\x22\x0a   xmlns:svg=\x22\
http://www.w3.or\
g/2000/svg\x22\x0a   x\
mlns=\x22http://www\
.w3.org/2000/svg\
\x22\x0a   xmlns:sodip\
odi=\x22http://sodi\
podi.sourceforge\
.net/DTD/sodipod\
i-0.dtd\x22\x0a   xmln\
s:inkscape=\x22http\
://www.inkscape.\
org/namespaces/i\
nkscape\x22\x0a   widt\
h=\x2234.133335\x22\x0a  \
 height=\x2234.1333\
35\x22\x0a   id=\x22svg29\
85\x22\x0a   version=\x22\
1.1\x22\x0a   inkscape\
:version=\x221.0.2 \
(e86c870879, 202\
1-01-15)\x22\x0a   sod\
ipodi:docname=\x22s\
emiautomaticclas\
sificationplugin\
_download_login.\
svg\x22\x0a   inkscape\
:export-xdpi=\x2267\
\x22\x0a   inkscape:ex\
port-ydpi=\x2267\x22\x0a \
  viewBox=\x220 0 3\
2 32\x22>\x0a  <defs\x0a \
    id=\x22defs2987\
\x22 />\x0a  <sodipodi\
:namedview\x0a     \
id=\x22base\x22\x0a     p\
agecolor=\x22#fffff\
f\x22\x0a     borderco\
lor=\x22#666666\x22\x0a  \
   borderopacity\
=\x221.0\x22\x0a     inks\
cape:pageopacity\
=\x220.0\x22\x0a     inks\
cape:pageshadow=\
\x222\x22\x0a     inkscap\
e:zoom=\x223.959020\
9\x22\x0a     inkscape\
:cx=\x228.4033843\x22\x0a\
     inkscape:cy\
=\x2235.377668\x22\x0a   \
  inkscape:curre\
nt-layer=\x22layer1\
\x22\x0a     showgrid=\
\x22true\x22\x0a     inks\
cape:grid-bbox=\x22\
true\x22\x0a     inksc\
ape:document-uni\
ts=\x22px\x22\x0a     sho\
wguides=\x22false\x22\x0a\
     inkscape:sn\
ap-global=\x22false\
\x22\x0a     inkscape:\
window-width=\x2213\
66\x22\x0a     inkscap\
e:window-height=\
\x22706\x22\x0a     inksc\
ape:window-x=\x220\x22\
\x0a     inkscape:w\
indow-y=\x220\x22\x0a    \
 inkscape:window\
-maximized=\x221\x22\x0a \
    inkscape:doc\
ument-rotation=\x22\
0\x22>\x0a    <inkscap\
e:grid\x0a       ty\
pe=\x22xygrid\x22\x0a    \
   id=\x22grid2997\x22\
\x0a       originx=\
\x220\x22\x0a       origi\
ny=\x220\x22\x0a       sp\
acingx=\x221\x22\x0a     \
  spacingy=\x221\x22 /\
>\x0a  </sodipodi:n\
amedview>\x0a  <met\
adata\x0a     id=\x22m\
etadata2990\x22>\x0a  \
  <rdf:RDF>\x0a    \
  <cc:Work\x0a     \
    rdf:about=\x22\x22\
>\x0a        <dc:fo\
rmat>image/svg+x\
ml</dc:format>\x0a \
       <dc:type\x0a\
           rdf:r\
esource=\x22http://\
purl.org/dc/dcmi\
type/StillImage\x22\
 />\x0a        <dc:\
title />\x0a      <\
/cc:Work>\x0a    </\
rdf:RDF>\x0a  </met\
adata>\x0a  <g\x0a    \
 id=\x22layer1\x22\x0a   \
  inkscape:label\
=\x22Layer 1\x22\x0a     \
inkscape:groupmo\
de=\x22layer\x22>\x0a    \
<path\x0a       sty\
le=\x22fill:#49646b\
;stroke:#e6e6e6;\
stroke-width:1.1\
2332511px;stroke\
-linecap:butt;st\
roke-linejoin:mi\
ter;stroke-opaci\
ty:1;fill-opacit\
y:1\x22\x0a       d=\x22m\
 -0.54963735,37.\
78327 c 0,0 8.49\
381935,-23.44757\
 16.10516035,-23\
.336482 7.501878\
,0.109488 15.715\
919,23.461913 15\
.715919,23.46191\
3\x22\x0a       id=\x22pa\
th886\x22\x0a       in\
kscape:connector\
-curvature=\x220\x22\x0a \
      sodipodi:n\
odetypes=\x22cac\x22 /\
>\x0a    <ellipse\x0a \
      style=\x22fil\
l:#49646b;stroke\
:#e6e6e6;stroke-\
width:1.2528621;\
stroke-linecap:r\
ound;stroke-line\
join:round;strok\
e-miterlimit:4;s\
troke-dasharray:\
none;stroke-opac\
ity:1;fill-opaci\
ty:1\x22\x0a       id=\
\x22path888\x22\x0a      \
 cx=\x2215.458671\x22\x0a\
       cy=\x227.215\
6506\x22\x0a       rx=\
\x226.2828197\x22\x0a    \
   ry=\x225.6908174\
\x22\x0a       transfo\
rm=\x22rotate(-0.38\
917153)\x22 />\x0a  </\
g>\x0a</svg>\x0a\
\x00\x00\x05\xbe\
\x00\
\x00%\xd3x\xda\xedZ[o\xdb6\x14~\xcf\xaf\xe0\
\xd4\x97\x0d\x0b)Rw\xa9\xb6\xfb\xb0bX\x81\xeee\
\xeb:`/\x85,\xd1\xb6VY\xf4(*\xb6\xfb\xeb\
w\xa8\x9b-\xc7\xc9\xe2d\xde\x80B\x0a\x82D\xe7B\
\x1e~\xdf\xb9$a&ov\xeb\x1c\xddqYf\xa2\
\x98\x1a\x8cP\x03\xf1\x22\x11iV,\xa7\xc6o\x1f~\
\xc4\x81\x81J\x15\x17i\x9c\x8b\x82O\x8dB\x18of\
7\x93o0F?H\x1e+\x9e\xa2m\xa6V\xe8]\
\xf1\xb9L\xe2\x0dG\xdf\xae\x94\xdaD\xa6\xb9\xddnI\
\xd6\x0a\x89\x90K\xf3;\x84\xf1\xec\xe6fR\xde-o\
\x10B\xb0oQFi25Z\x87M%\xf3\xda0\
ML\x9e\xf35/Ti2\xc2L\xe3`\x9e\x1c\xcc\
\x13\xbd{v\xc7\x13\xb1^\x8b\xa2\xac=\x8b\xf2\xd5\x91\
\xb1L\x17\xbd\xb5\x8efk\xd7F,\x0cC\x93Z\xa6\
ea\xb0\xc0\xe5\xbeP\xf1\x0e\x0f]!\xc6s\xae\x16\
\xa5\xd4\x04\xdd\xc1\xf2iVQ\x09\x80n\xe0\xb37\xef\
\x04\xa4\x14\x95L\xf8\x02\xfc8)\xb82\xdf~x\xdb\
+1%\xa9J\x8f\x96\xe9\xf0\x1c\xec:\x00\xb9\x88\xd7\
\xbc\xdc\xc4\x09/\xcdN^\xfbo\xb3T\xad\xa6\x86\xed\
\x10f\xc3\xe3\xd6\xc2\x15\xcf\x96+u*\xcd\xd2\xa9\x01\
\xd1[a\xd0\xbc\x1f%\x07k\x0c\xda\x85\xa3^CI\
h\x11\x86$sm\xbf\xb1\xe9\x8e\x10\xa5\x22\xd11\xc1\
\x92|\x9d\xc5\x95\x12k`-I\xf2\xb8,\xb3E\x96\
\xc0\x8b(6y\xb5\xcc\x8aO\xc0\xa5\x12\xf2\x93\x12\x9f\
d\x5c*\xae\xbf\x139\xe9\x80\xecw\xe5\xbb\x8d\x90\x0a\
\xef\xd2\x0d\xc0\xe9\xf9g\x95\xfbN9\x03\xed$\xe5\x8b\
R[5g\xd3op8\xdf@f\xad\xedC\xd5q\
\xa6w\x19\xdf\x1el\xe7q\xd9\xe0\x87\xd0&^B\xae\
\xe5BN\x8dW\x8b\xfai\x15s!S.;\x95W\
?\x03\x95\x00>2\xb5o\xaa\xab]\xbb\x8bW\xaf\xda\
\xeb\xe9y}\xb9\x8aS\xb1\x9d\x1a\xd6\xa9\xf2\x8b\x10k\
`\x8f\x84nH-\x1a\x9e\xaa\x93\xdd\xd4\xc0\x8c\xc2\xaa\
\x8c\xb1\xe0\x9e\x166\xb4AG\x03\xd7\xb2\xef)+)\
\xa1\xfep\x1e\xef9\x9c\xaa\xfe\xc2Z\xa3r%\xb6K\
\xa9\xd1Q\xb2\xe2\xa7\x9eZ\x83\xe7s\xb1;\xaf\x86t\
\xa8te\xe3\xaa\xc8\x14T\xcffw\xbcj\x95\xa5\xbc\
<\xefX\x16\xf1\x06/s1\x8f\xf3\xf3\x06\xdb\xac\x00\
\x94p\x9b\xe8\xcc\xeeI8\xb5\xe8\xb2\xde\xa7\xc1\x03\x16\
\x10;}@\xb5\x7fX\xb5\x8ew\xd9:\xfb\xc2\x01\x18\
V\xe7\x1d\xe4\xd6\x00\x96\xc6\x0d!\xb5\xd7\x15\xbc\xdbk\
\x99\xd1\x095\x9eZ`\x85\xa1\xdf\x0b\x85\xcc\xa00\x8e\
\xc2\xe9D\xfbc\x91\xaewh\xd7\xbb:\xc1\xea\xf4\xf3\
Ou\xfbc]\x9b\xf7\xe6\xfd\xc4\xaf\xe5k\xae\xe24\
V\xf1\xa1\x0a:\x09\xc4F\xbb\x93A\xeb\x8c~y\xfb\
\xe3\xac\xddh\x92$\xd1\xefB~\xee\xf6EH\x1b\xc4\
sQ\x01\xd2\xc6\xac\x17O\xd2$\x82f\x07M`\x96\
\xad!\xb7u\x9f\xfc\x1e\x9a\xdb\xc4<(\x06\xc6\x1a\xac\
\xc3\xa2\xcd\xb2\x927]\xf3\xec\xe8H\x93u\xa6\x9d\xcc\
_U\x96\xe7\xef\xf4&\xed\x89\x8f\x16\xcdT\xce\x0f\xc2\
\x89\xd9F\xdf\x9e\xcd<:\xdc\xc4\xecN_\xbf-\x0f\
\xa8\x0c\x8a\xa2':\x8f\xe7\x1c2\xf4\xbdV\x22v\xbf\
:D\xb5Y\x8b\x94\xb7\xee=\x9a\xd0\xfaz\xca\xd4>\
\x07\xfd\x02\xa2\x8f\xa0\xd3p\x1e\xc7\xaf\xf5\x0bn\xfbD\
\xc4^\x97J\x8a\xcf<zE)\xf7\x17\x8b\xf6\xb5I\
\xfd\x88\x12\xc7\xaa\x89\x0e:9\xe0\xc1e\x0e\xb9\xa9\x22\
\xa7\x93\xa51t\x15)\xe3}T\xc0X\xef\xa4\xfd\x0e\
\x83\xb4\xd4\xc1\xd9\x81\xed\xf4\xc2\xb6\xc6\x5c\x9b\xe8\xa9a\
[\xbd\xa2+-\xc7\x22M\x08\xbd\xa6iE\xe4$;\
!-\xb1M\x0e\xfe\xb2\xceS\xcf\xd1\x8f\xd7\xb3\xf60\
:\xa9\x03\xa3\x96\x9e\xa2S\xbf\xca*\x87ip\xc7\x0b\
\x91\xa6=^V\xb0X\xa4\xf4\x14\xaf\xc0\xad\x8f\xe1\xfe\
\x9bx\xb9\x81\x1db\x86\x9d\xfb\xa05\x98\xb5\xb3v\x00\
\x1a\x09k\x8ds\x0c\x9a\x15\x10?\xd4\xcf1f6\xf1\
\x9bE\x0e\xc0\x0dz\xc4\x10\xc6>\xb4\xc7\x06(zl\
\x88~\x05D\x04\x01\xf6\xaeA\x05\xb3\x897\xb2\xf0\xe4\
r\xc0\x16\xb6\xafACp\xdaYF*\xfe\x81\x0a\xef\
:\xf5`\xd9\xc4\x19\x99\xb8\xb0(\xbc\xeb\x14\x05\x0b\x88\
;\x8e\x89\x8b\x1b\x94\x8f\xfd\xabTF@\x9c\x91\x88'\
\xcfk\x1cb\xeb\x854\x0c\xff\xac1\x0e\xecg\xd1\xc0\
\xb0\xfb\xe2z8K\xc48\xb2/'\xc3\xc7\xce5\xa8\
\x18\x87\xf6\xf3\x0a\xc3\xc5\xf4*-j\x9c\xdb\xcf\xebS\
\x14\x87W)\x8fqr?\x99\x8a\xe0\xc5\x1d\xea~3\
\x1a\xa7\xf6E\x14P\xf8)\x96]\x85\x85qd_\xc8\
\x84\x8d\x83k\xf00\xce\xeb\x8bK\xc2\x7f\xf1o\x13\xe7\
\xfb\xd28\xaa\x9f\xd1\x9c\xaeT\x15\xff\xc3\x98\xde\xc4j\
u\x96\x06J/\xa3\xa1\xb9Q\x1e\xd2\xc0\x88\x15\xda\xd4\
\xf7\xc3\x9e\x86<+8\x04\x14\x95\x7fU\xb1\xe4\xc7\xd2\
?EVD5K\x97S\xa6\xa5b\xb1(\xb9\x8a\xe8\
\xc34\x02\x8b?#\xaco\x97XhAz\xdc\xea\x99\
\x1cz\xa1\x8f~B\xccC\x1f\x91\xdf\xde\x06\xb9\xe8=\
\xb2)\xb1\xbd\x90\x05\xee-\xf3\x89\xcb\xf4\x07\x18\xddZ\
~\xeb\xf2\x11Y\xac\xa5\x1c\xdc\x8fVE\x7f\x9c\xb9z\
b\xec>%\x89(\x8a\xfa\xff\x05pR\xc9\xbbXU\
\x92\x0f\xeeD\xfb\xbbM\x91r}\x1dXN\x8d\xa4}\
\x9e@_[E\x8f\xdd\xb31\x02\xc7\xa3\x94\xd9\xfef\
w\xca\xcf\xbcR\xeaqv\x1e\xc27 \xbe\xebY\xd4\
\x09nm\x80\xd7\xf2l\x16 \x0c\xa9\xeb\x05>\xf5\xd8\
\xad\x0b`\x06\xa1\x1b\x84\xc8%\x81oY.\xf5ou\
\xedX\x0e\x0dl\x04\x8c\x04uYh\xe7\xfa\xb6\xd7?\
\xbb\xe2\x00b\x8d\x81M\x1d\xfad\x88\xbf\x96\x1e\xf4\xe2\
?k@\xf3g\xc3\xe6\xdft!\xf6\xdfO\x84\x89\xb9\
\x9c\xddL\xf4e\xfa\xec\xe6o\x12S\xa0J\
\x00\x00\x0c\xd5\
<\
?xml version=\x221.\
0\x22 encoding=\x22UTF\
-8\x22 standalone=\x22\
no\x22?>\x0a<!-- Creat\
ed with Inkscape\
 (http://www.ink\
scape.org/) -->\x0a\
\x0a<svg\x0a   xmlns:d\
c=\x22http://purl.o\
rg/dc/elements/1\
.1/\x22\x0a   xmlns:cc\
=\x22http://creativ\
ecommons.org/ns#\
\x22\x0a   xmlns:rdf=\x22\
http://www.w3.or\
g/1999/02/22-rdf\
-syntax-ns#\x22\x0a   \
xmlns:svg=\x22http:\
//www.w3.org/200\
0/svg\x22\x0a   xmlns=\
\x22http://www.w3.o\
rg/2000/svg\x22\x0a   \
xmlns:sodipodi=\x22\
http://sodipodi.\
sourceforge.net/\
DTD/sodipodi-0.d\
td\x22\x0a   xmlns:ink\
scape=\x22http://ww\
w.inkscape.org/n\
amespaces/inksca\
pe\x22\x0a   width=\x2234\
.133335\x22\x0a   heig\
ht=\x2234.133335\x22\x0a \
  id=\x22svg2985\x22\x0a \
  version=\x221.1\x22\x0a\
   inkscape:vers\
ion=\x220.92.1 r153\
71\x22\x0a   sodipodi:\
docname=\x22semiaut\
omaticclassifica\
tionplugin_point\
er_tool.svg\x22\x0a   \
inkscape:export-\
xdpi=\x2267\x22\x0a   ink\
scape:export-ydp\
i=\x2267\x22>\x0a  <defs\x0a\
     id=\x22defs298\
7\x22 />\x0a  <sodipod\
i:namedview\x0a    \
 id=\x22base\x22\x0a     \
pagecolor=\x22#ffff\
ff\x22\x0a     borderc\
olor=\x22#666666\x22\x0a \
    borderopacit\
y=\x221.0\x22\x0a     ink\
scape:pageopacit\
y=\x220.0\x22\x0a     ink\
scape:pageshadow\
=\x222\x22\x0a     inksca\
pe:zoom=\x2211.1978\
02\x22\x0a     inkscap\
e:cx=\x22-36.221105\
\x22\x0a     inkscape:\
cy=\x2210.832199\x22\x0a \
    inkscape:cur\
rent-layer=\x22laye\
r1\x22\x0a     showgri\
d=\x22true\x22\x0a     in\
kscape:grid-bbox\
=\x22true\x22\x0a     ink\
scape:document-u\
nits=\x22px\x22\x0a     s\
howguides=\x22true\x22\
\x0a     inkscape:s\
nap-global=\x22true\
\x22\x0a     inkscape:\
window-width=\x2213\
66\x22\x0a     inkscap\
e:window-height=\
\x22708\x22\x0a     inksc\
ape:window-x=\x220\x22\
\x0a     inkscape:w\
indow-y=\x220\x22\x0a    \
 inkscape:window\
-maximized=\x221\x22\x0a \
    inkscape:gui\
de-bbox=\x22true\x22>\x0a\
    <inkscape:gr\
id\x0a       type=\x22\
xygrid\x22\x0a       i\
d=\x22grid2997\x22\x0a   \
    originx=\x220\x22\x0a\
       originy=\x22\
0\x22\x0a       spacin\
gx=\x221.0666667\x22\x0a \
      spacingy=\x22\
1.0666667\x22 />\x0a  \
</sodipodi:named\
view>\x0a  <metadat\
a\x0a     id=\x22metad\
ata2990\x22>\x0a    <r\
df:RDF>\x0a      <c\
c:Work\x0a         \
rdf:about=\x22\x22>\x0a  \
      <dc:format\
>image/svg+xml</\
dc:format>\x0a     \
   <dc:type\x0a    \
       rdf:resou\
rce=\x22http://purl\
.org/dc/dcmitype\
/StillImage\x22 />\x0a\
        <dc:titl\
e />\x0a      </cc:\
Work>\x0a    </rdf:\
RDF>\x0a  </metadat\
a>\x0a  <g\x0a     id=\
\x22layer1\x22\x0a     in\
kscape:label=\x22La\
yer 1\x22\x0a     inks\
cape:groupmode=\x22\
layer\x22>\x0a    <rec\
t\x0a       style=\x22\
color:#000000;di\
splay:inline;ove\
rflow:visible;vi\
sibility:visible\
;fill:#ffffff;fi\
ll-opacity:1;fil\
l-rule:nonzero;s\
troke:#000000;st\
roke-width:0;str\
oke-linecap:butt\
;stroke-linejoin\
:miter;stroke-mi\
terlimit:4;strok\
e-dasharray:none\
;stroke-dashoffs\
et:0;stroke-opac\
ity:1;marker:non\
e;enable-backgro\
und:accumulate\x22\x0a\
       id=\x22rect3\
815\x22\x0a       widt\
h=\x2235.200001\x22\x0a  \
     height=\x2232\x22\
\x0a       x=\x220\x22\x0a  \
     y=\x222.133333\
4\x22\x0a       ry=\x222.\
8417459\x22 />\x0a    \
<rect\x0a       sty\
le=\x22fill:#ffb057\
;fill-opacity:0.\
64705882;stroke:\
#ff5e00;stroke-w\
idth:2.2474668;s\
troke-miterlimit\
:4;stroke-dashar\
ray:none;stroke-\
opacity:1\x22\x0a     \
  id=\x22rect2999\x22\x0a\
       width=\x2233\
.066666\x22\x0a       \
height=\x2233.06666\
6\x22\x0a       x=\x221.0\
666667\x22\x0a       y\
=\x221.0666667\x22\x0a   \
    rx=\x225.508048\
1\x22\x0a       ry=\x223.\
9317079\x22 />\x0a    \
<path\x0a       sty\
le=\x22fill:#999999\
;stroke:#930000;\
stroke-width:3.2\
4005604px;stroke\
-linecap:butt;st\
roke-linejoin:mi\
ter;stroke-opaci\
ty:1\x22\x0a       d=\x22\
m 17.066667,7.93\
10443 c 0,19.199\
9997 0,19.199999\
7 0,19.1999997\x22\x0a\
       id=\x22path3\
769-6\x22\x0a       in\
kscape:connector\
-curvature=\x220\x22 /\
>\x0a    <path\x0a    \
   style=\x22fill:#\
999999;stroke:#9\
30000;stroke-wid\
th:3.58909512px;\
stroke-linecap:b\
utt;stroke-linej\
oin:miter;stroke\
-opacity:1\x22\x0a    \
   d=\x22m 7.466666\
7,17.066667 c 19\
.2000003,0 19.20\
00003,0 19.20000\
03,0\x22\x0a       id=\
\x22path3847\x22\x0a     \
  inkscape:conne\
ctor-curvature=\x22\
0\x22 />\x0a  </g>\x0a</s\
vg>\x0a\
\x00\x00\x08b\
\x00\
\x00]Bx\xda\xe5\x5cYo\xe38\x12~\xef_\xa1\
Uc1\xdd\xd8H\xa2\xee#\xb6\x07\x98i\x0c0\xc0\
>\xed\xccb\x1f\x1b\xb4D\xdbBd\xc9\xa0\xe8\xd8\xee\
_?E\x1d\x96\xec\x98\x9a=\xc2\xf4\x86v\xd0H\xab\
\xaax}U,~\xa6\x18\xce~<n\x0b\xed\x99\xd0\
:\xaf\xca\xb9n\x9bH\xd7H\x99VY^\xae\xe7\xfa\
?\x7f\xff\xc5\x88t\xadf\xb8\xccpQ\x95d\xae\x97\
\x95\xfe\xe3\xe2\xc3\xec/\x86\xa1\xfdL\x09f$\xd3\x0e\
9\xdbh\xbf\x96Ou\x8awD\xfb\xb4al\x97X\
\xd6\xe1p0\xf3NhVtm}\xd6\x0cc\xf1\xe1\
\xc3\xac~^\x7f\xd04(\x95\xb1\xcd\x5cw=\xd3v\
\xe1\xe3\xeb\x5c\xb8!\xf9z\xc3\xae\xa5y6\xd7\xa1\x94\
\x13G\xed\xf3\xa8\xbbvk\xd0\xb5\x93\x8c4\x9e\xf6\x89\
\x84\xa9\xbb\x22K\x1b\xa1\x07\xcdA\x8eg\xd8\xc8@\xf1\
\xe7\xa6H\x0dC\xdc\xc1\xbf$\xab\xd2\x12oad5\
\xd9\xe6x\xcf\xaa-fy\x9a\x16\xb8\xae\xf3U\x9e\xc2\
CU\xee\x8a\xfd:/\xbf\xa6\xd5\x8e\xd02O\xf7\xf5\
\xd7%\xad\x0e5\xa1_\x0bh\xda\x84\xbe]v\x83\x1c\
w\x15e\xc61\xdb\xe5s=\x08o*Oc%8\
\xa1\xac\x93\xded\xae\x8b0\xe4=\xadw8%\xb5\xd5\
\xcbG\xe5\xfb1\x9d\xcb\xf7\x02\xb3\xae\xf64%+\xa8\
\x82\x98%a\xd6\x97\xdf\xbf\x9c\x95\x0623\x96\x0d\xd5\
\x5c\xb4~p\x9bv\x1d\x84\x90\xd5\x0f\xb3k\xecy\xfd\
oZ\xd2lu\xcb\xd2\x8e\xe3\xd8B\x8e\xe58\x06X\
\x18\xf5\xa9d\xf8h\x94\xf5\xc7Q\xd14=\x97Ly\
\xb4\xe5\xcf$\xad\xb6\xdb\xaa\xac[8.\x8c\xb3\xc1x\
\xb7\xa7Ec\x91\xa5\x16)\xc8\x96\x94\xac\xb6 Z,\
}\x01\xf6\xb3\x8c\xacj^\xae\x0d-\xfe\x04\xb1\x15\xea\
\x9a\xd5h\xcf\xa1\xc1\xd1\xce\x9esr\x18l\x97\xb8n\
\x11\xd7\xb4\x1d^Cg\x8a\x8a\xce\xf5\x8f\xab\xe6\xd3)\
\x96\x15\xcd\x08\xedUA\xf3\xb9PU\xe0\xc1\x9c\x9d\xda\
\xe9\xd6\xd5\xddG\x07\xaf\xf5\xacG\xb7\xf5\xf5\x06g\xd5\
a\xae;\xd7\xcaoU\xb5\x9d\xeb\xa1\x19\xdb\x11\xf2\xec\
\xe8Z\x9d\x1e\x9b&m\xe4\xfa\xe8\xa5\x92\xf7\xc77m\
\xdfw\x82\x17\x15\xa7{J\x01C\xa3\xc0'\x02\x83j\
~\xd9\x9dQ\xbd\xa9\x0ek\xca\xc1atO\xaeKr\
\x8d\xb1\x5cV\xc7\xdbj\x98}{\xee\x1dc_\xe6\x0c\
Bow\x1c\xd7\xba\xcf3\x02\xc2\x15.\xea\x17%\x0f\
y\x09 \x18]\x1a\xb1}7\x10X\xf49%\x8c\x91\
\xc0\x02\xfa&R\x9d\xc4\xaa->\xe6\xdb\xfc\x1b\x81\x81\
\xdb\xd7&\xbc\xf7\x93\x9ej\x82gC\xd2'B\x97\x15\
\xa6\xd9\x8df`\xe8O}\x10e6\xffi\x82\x17\x02\
\xf4\x02\xdc\xb6\x94\xa6\xb1\x13O\x1c\xc7\x13\x97\xe9\xbd\x90\
{\x85\x0b\xdc0\xf0\xcf\xc2\x8a\xe6\x90\xcdF\x83\xeeE\
\xa7\xb1\x88\xa7\x19X\x04\xda\x90ib8\xbc\xd6\x9dn\
\xe9\x06Gv\xd3\xc9z9\x9f\x1a\xf9\x960\x9ca\x86\
\x87\xc9\xd5K\x9c\x18\x5c\xd5\x8d\x15RC\xf2\x8f/\xbf\
,\xba\xeagi\x9a\xfc\xab\xa2O}k\x9a\xc6\x0d\xf0\
\xb2\xda\x83\x87\xf5\xc5Y<\xcb\xd2\x04\xd2\x1d\xe4\xf2E\
\xbe\x05\xacyJ\xfa\x1b\xa4\x89\x995(.\x8c9|\
C\xa5m\xb5\x94\xb4y\xf3fZ\xc9\xd2m\xce\x0bY\
\xbf\xb1\xbc(~\xe5\x8dt#\x1eU\x9a\xb3\x82\x0c\xc2\
\x99\xd5\xf5\xbe\x1b\x9b5\x1a\xdc\xcc\xeaG\xdf<\xad\x07\
T.&\xdb\xd9\xf5\x05^\x92b\xae\xff\x9d+5\xfb\
\xe5\xac\xab\xf6\xbbm\x95\x91\xaex\x8f\xe6\xfa\x220\xbc\
\x109g\xbf1\x8a\xcb\x9a#\x03~\xc0\x8c\xe6\xc7O\
\xb6\x09\xc9<\x0c\xbd\xe8\x01\x99N\xe4\x05\xa1\xe3\x85\x0f\
\xb0Z\xf8\xb6\x13\xdb\x90/A\x0c\x9e\xf7\x5c\xcf\x8f\x1f\
\x22\xc7D \x0c\x9d\x07\xd71\xc1.\xb4\xfd\xcfgw\
\xcc(I\xd9\xc8cM\xdcx\x0e\xff\xb8\xfaH~\x11\
\x92\x9a\x06f\xb0b\x9bM|\xc5#9\x98\x19!2\
=XiF\xfd\x1f\xc8\x83g:/\xcati\xe2\x96\
\x8aC\xc1;\xe8G\xeeX\x5c\xb3S\x01\xf0\xad\xc0\xb9\
\xc9G\x84\xd2t\xb5z\xe4\x0fF\x97\x9d\x13\xbb}\xa4\
\xfb\x02\xd6\xf4gRVY\xf6X3Z=\x91\xa4[\
\x0f\xba\xc76G%\xa8\x7f\x84\xb8!\xb4\x80\xdc\xc1\x12\
\xaf\x97e\x18R\x05\xa5\xf8\x94\x94@\xb3z\xe9\xb9\xa9\
QdI\x003\x08Z\xb6\x15\xbf.\x98\x86-\x86\x13\
\xe3\xccS\x16N\xdb\x8c\xae\xe5\xaf\x02\xa7\x11\x89\x01\x0d\
\x82\x08\xa9\x0a\xa8\x1f\x9a\x81\x84\xc9\x0e\x80\x221\xa0\x9e\
\xe7\xfb\xca\x02\xea\x9a|\xbe\xbb\xaf\x0e\xa8+\xc2s\xb5\
r\xb0\x83U\xc5\xd3\x8b;\x1a\xf4\xea\x01\x1a\xde)\xa0\
\x9e\x19\xf1\x19\xef\xbe~\x0a5\xfc;\x85\x14\x88[3\
\xe9_?\x89\x1a\xaaO{\xcf\x8c\x87\xdd\xa87\xe0M\
\x86\xa78s\x12\x01*\x8f9M\x91Q%\xb8\x93\x00\
R\x89\xdcI\xbc8)\xc2\x9eD\x90JcOF \
N\xa4q\xac.\xa2\x12\xf9\x93\xe1\xdc)\xa42\x19\x94\
\x11\xab\x0d\xaa\xd3\xae\xeb\x9e\xf36\xbbNS\xdf\xebU\
\xd8w\x12\xc1)\x8f?E\x91\xda\x04J\x88\xa8D\x02\
\x15\xabM\xa0D\x90\xca$P\x81\xda\x04J\x08\xa9<\
\x02%\x5c\xed\x9b\xc5P\xd9 \x95I\xa0\xdc;\x85T\
*\x81\x8a\xee\x14T\x99\x9bP\xe2\xef\xa3j\x80\x1a\xb4\
\xe4\x13\x05o\xc4J\xd1\xd46\x94\x0a\xbcT\x04\xa8\xc4\
}=\xf1\x02\xa5\x061\x15B*sgO\xbc\xa5\xaf\
\x065\x15\x81*uoo\x8a\xef\xab@N\x85\xa0J\
\xdc\xdd\x13\xcf\xfe\xccSy\x85\x92\xba\xbf'^\xf6\x15\
\x07U\xee\x0e\x9f\xf8l\x84\xe2\xb0J\xa5\xa8\x8e\xf8=\
\x94\x12\xb0\xbe9G\x15~;\xe5\x0b\xbf\xb2p\xcac\
\xa8\xc1}\xe2)\x91\x9e\x86w\x89\xa8Ln\x1a\xdd'\
\xa2\x12wM'\xde\xe4\xbbn\xa4*\xa22i\xa9?\
\xf5\xed\x09cU\x11\x95\xcaI\x85k\xbd\x83\xc3\xd5\xbb\
\xdf\x8e\xfa>\x844\x14o\xef\x87\x18g\xe4\x9d\x83\xfa\
\xd6o\xf2'\x0eE\xf1M\x93w\xbf8\xbd\xfd\xab|\
OLI\xd5FT\xee\x8e\xa9\x7f\x97\xa0\xca\xdd1\xf5\
\xee\x13S\x99\x1b\xa6\xbe\xd2\xc4\xf4{\xbc\xcew\xa6O\
\x9d\xbc{j\xfa}\xde\xe7\xc7\x8a\x93\xd3\xef\xf3B\xdf\
\x11oB+\xc1N\xfb\xc3\xbb\xee\x1b\x1e\x8c\x14o@\
/\xd3\xcc\xf5W\xaaB*\xf3d\xa4\x98\xf4+\x8d\xa9\
\xd4\xa3\x91\xe2eJmL%\xee\xf2)\xce\xa6D\x90\
J=\x1c9uFJ\x016%\xc4T\xee\xe9Hq\
\xa4*\xc1\xa6\xfa\xbf\xd1\x0d\xdf\xee$\x9fx\xd9\x8f\x22\
\x8c\xdf\xfd\x97S\x11\xa2R\x8f\xf2M\x1c8U\x1aS\
\xb9;S\x13\x9c_eT%\x1f\xe6\x9b8\xc6\xaf4\
\xaaRO\xf3M\xdd\x1f\xa3\x02\xa1\x12\x80*\xf98\xdf\
\xf4\xdf\x95\xbf\x7fJ%BU\xf6y>q\xb4*M\
\xaa\xa4\x1f\xe8\x9b\xa0V\xff/\x9bT3k\xdd\xdf\xa7\
8\x82\xf7\xc6\x95\x7f\x0f\x88\xdf\xf0\x07\x0bQ\x14;\x1e\
<\x99a\x1c\xbbN\x1cs\x05\xfa|\x1e'wKl\
F\xa0\x0a\xfc\x01o\xee\x94\xc0\x0c\xec r\xa3\x81\xc0\
w\x7f\xa5\x1e\x84Q\x1c\x0ci\xb8\xb9W2\xf2\x02;\
F\x83i\xef\x96\xc07\xdd(\xb2\xd1Pu\xe7\x14\xdf\
7}\xa8\xde\x0b.n\xb8\xe4cr\xc3pp\xc3\x85\
\x13H\xc0\x7f.\x9d\x00C\xb4=\x14\xbbq\xf0\x1fz\
\xc3\x07\x82\xee\xa2\x10y\xfe\xff\xe2\x96s\xe7\xa7.\x0c\
\xd6\xa6.\x0d>;\x96\x91\xe3\xd9\x9f\xc7m\x914\xb7\
\x03\xcf\xf5\x1d%5\xa1\xcf\xe4\x05$U\xc9\x8c\xe6\xff\
\xd05\xba\xc5\xc5c#94\xc0'\xcb\xaa\xc8ZA\
\x9d\x7f#\x89\xed\x98\xd1\xee\xf8X\xe4%\xe9nQM\
\xd0_[\xfd\x0ao\xf3\xe2\x94\xd4\x10@\x064\x94\xaf\
\x1e\x8d\xbe\xafF[\xc1\x8e\xa4\xe7\xfb\x93\x93\x1f~\x03\
C\xed'\xa8\xfe\x87\xc7\x820@\xcc\xe8\xee\x10M\x10\
\xb4p\xa8hv!\xe8\xd3\xfd\xad\x13\xb1S\xeei\xaf\
#\x0d\xc5\x88C\xd8E&r\x1c;@\x17\x11\xea8\
\xa6\x17\xda\x81\xe7_\x04\x16\x07\xd7\x0dc__\xcc\x18\
t\xaf\x1cM\xf3\xfeNSZqX9DWy\xa2\
)\x00\x85\xaf\xd2\xd1\xcb\xd6\x05\xed\xff\x99\xcb\x9e1\xcd\
q\xc9\xfe\xc4\x8d\x8c\x12\x96n.\x8cZ\xd7\xb6\xbc\xe8\
\xca\xbb\xb6\xe9\xf8\xff\x9d\x7f\x07\xc3\x87\xce\xcd\xe3N\x1a\
E\xbe\xc6l\x0f1yk\x08\x06\xd4z[Q\xee\xb7\
Pez\xa1[\x91\xa6&h\x8c1\x08\x97sA\xee\
+\x03CCeR3L\xd9\xe3\x81\xe6\xdc\xc0\xe0\xd7\
\xa0&\x055\xd8\xb2\xb3)\xd3ME;\xa3.\x98\xc6\
\xd3\xf4\x22\x92\xf4\xc5\xcf?\xcd\xac\xc6\x97\x0b\xf8\x0d\xe5\
\xdb\xcbZ!\x9d\xce\xf8\x9d\xb2\x8b\x0f\x7f\x00\xd44=\
\xb1\
\x00\x00\x05\xf6\
\x00\
\x00\x1e\xb4x\xda\xddYY\x8f\xdb6\x10~\xcf\xaf\x10\
\xb4(\x90\xa0\x11ER\xb7\xd6v^\x82\x00\x05\xfa\xd4\
\xa6\xe8c K\xb4W\x8d$\xba\x14\xbd\xb6\xf3\xeb;\
\xa4n\xaf\xdc&\x887u\x22c\xb1\xab9\xc8\x99o\
\x0e\x8e\xb9\x8b7\xc7\xb20\x1e\x99\xa8s^-M\x82\
\xb0i\xb0*\xe5Y^m\x97\xe6\x1f\xef\xdfY\xa1i\
\xd42\xa9\xb2\xa4\xe0\x15[\x9a\x157\xdf\xac^,\xea\
\xc7\xed\x0b\xc30@\xb9\xaa\xe3,]\x9a\x0fR\xeeb\
\xdb\xde\xedE\x81\xb8\xd8\xdaYj\xb3\x82\x95\xac\x92\xb5\
M\x10\xb1\xcdA<\x1d\xc4S\xc1\x12\x99?\xb2\x94\x97\
%\xafj\xadY\xd5w#a\x91mz\xe9\xc3\xe1\x80\
\x0e\x8e\x16\x22Q\x14\xd9\x98\xda\x94Z a\xd5\xa7J\
&Gk\xaa\x0a6\xce\xa9R\x8c\xb1\x0d\xbcA\xf2\xf3\
\xa4\xe2\x1aP\xd9\xc1O/\xde\x11P\xcd\xf7\x22e\x1b\
\xd0c\xa8b\xd2~\xfb\xfem\xcf\xb40\xcad6Z\
&\xaf>\xd6i\xb2c\x93];b\x83@R\xb2z\
\x97\xa4\xac\xb6;\xba\xd6?\xe4\x99|X\x9a\x8e\x8b\x88\
\x03\x8f\xa7\x89\x0f,\xdf>\xc8sj\x9e-M\xb0\x9e\
Fa\xf3>\x8a0i\x04\xda\x85\xe3q\xec\x115^\
\xb2\xd0O\xc3\x00\x87A\xf4\xda\xa0\x98\x12\x0b\x13\x8bx\
\xaf\xb4R\xe7S\x9c\xf1T\x19\x09{\xb02O\xf6\x92\
\x97\x10\xc64-\x92\xba\xce7y\x0a/\xbc\xda\x15\xfb\
m^}\xe0\x22c\xe2\xc3\xfa\xf4!K$C\x1d\xa2\
\xfd\xf6\xec\xb8\xe3BZ\xc7l\x07\xb8\xfa\xc1,\xf3\xd4\
1W\xc0]dlS+\xa9\xc6I\xf5\x06^\x06\xa6\
akno\xa2\xb2/{\xcc\xd9a\x90]'u\x03\
\xa4a\xec\x92-$]\xc1\xc5\xd2\xbc\xdb\xe8\xa7e\xac\
\xb5\xbd\x1d\xcb\xd7\xcf\x84\xc5!0\xb9<5\xb5\xd2\xae\
\xdd\xd9\xabV\xed\xf9x\x9e_?$\x19?,Mz\
\xce\xfc\xc4y\xb94\x03\x14\x91\x10\xbb$8g\xa7G\
\xd0q\x90C#\xd7\xf1\x9f0OJ3p\x1d\xe2\xd0\
\xa7\xcc\xbd\x10P\x87V\x91\x9c\x188\xa5\x7f\x91V\xa8\
~\xe0\x87\xadP\xe0H\xb1g\xe7\x9a\x8ac\xad\xd7\xfc\
8\xcf\x86,\xd8\xab\x0a\xb7\xf6U.\xa1\x8av\xc7\xf1\
\xaa\xfb<c\xf5\xbc\xe2!\xaf\x00\x03\xab\xcdg\xe2\xf8\
\xfe\x05\x89.\xb9\x03|I\x02L\xc3\x17X\xa7\xcb\xac\
29\xe6e\xfe\x89\x81\xdf\xe4\x5c\xa4\xae\x92\x9d\xb5-\
\xf8:)\xfe\xc3m\xc1\xa5\xcet\xb5\xcfJ\x0b-&\
\xd05z\x86!O\xaa\xda\x8f'E3;\xa2\xc2\x5c\
\x11\x9c\xc0\xf7z\x22\x179\xd4\xcc\xc8\xa7\x8et\x1a\x93\
To\x80\xfe|\xd49\xa8348\xe7\x9d\xc6\xbc\xb6\
4\xec\xa7\xb5\xa1\xe9%\x93\x09\x14g2\x14JG\xa1\
Q\xd4{\x06m6\xfe\xed\xed\xbbU\xbb\xd1\x22M\xe3\
?\xb9\xf8\xd8\xedk\x18J Y\xf3=\x84\xcb\x5c\xf5\
\xe4E\x96\xc6\xd0\x18\xa1?\xac\xf2\x12\xd2_\xf5\xd4\x9f\
\xa1\x11.\xec\x811\x11V`\x0d\x8b6\xcb\x0a\xd6t\
\xd8\xd9c&K\xcb\x5c)\xd9\xbf\xcb\xbc(~Q\x9b\
\xb4\x1e\x8f\x16\xcde\xc1\x06\xe2\xc2n\xado}\xb3G\
\xce-\xec\xce{\xfd\xb6\x1dP\x99\x14N\x1f\xe8\x22Y\
3H\x94_\x15\xd3 O+\x88\xefw%\xcfX\xab\
\xde\xa3\xc9R\xd9\x87L\x9e\x0a\xe0o\xc0\xfa\xf8.\x08\
\xa3uB\xef\xd5\x8b\xd5\xb6\x92\x984\xafb_@K\
|d\x15\xcf\xb2\xfbZ\x0a\xfe\x91\xc5w\xccW\x9f\xf6\
\xb5\xa9\xa8\x98\x22\xb7#\x14y\xc5\xc0\x90\xb8\xfe{\x9f\
\x086\xa6\xfe\xc5\xf3*\x06\xe4\x98\xe8\xa8\xfa\xa5\x80\xba\
\x90q\xaf\x9f%\xd0\xaf\x84HNq\x05\xc7\xff\x98\xca\
7\x9b\x9a\xc9\x18w\xb4\xde\xd8I\x86+?\x1dL\x86\
\xdc\xed\xce0\xdaS\xfa\x03l \xcdf\xf6\x90\xd2\xc1\
@\x14@\xf5\x11\x8e<\xea\x84\xb4\x0f\xfbB\xb2c\x0f\
/$[\xacOShP\x90HL<2\xf3\x1cz\
\x0e\xd5\xac\xff\x067!%\x8b{M9h\xcb&\xa4\
\x1a\x9aFL|\x04\xe3\x01\xdd\x1d\xef\x15\x90m\x93\x8a\
\xf1O\x8d\xc8&)\xf3\xe2\x14\xd7IU[\xb0[\xbe\
\xb9/\x98\x04d\xad\xb64c\x0c\x8a\x078K&\x84\
&\xfa0t`\xcf?\x8f~\x1b\xebq\x04\x9a@\x13\
\xe4x\xd8u\xbf<\x80O\x83\x05\x90\x87\xc8\xc7~\x14\
\x86\x13\xc4#\x80\xdc\x85#g\x12U\x05/\xf4\x86\xa1\
oI\x01\xde\xaaj\x86\x89 M\x0a\xf6\x92 \xeaz\
^\x84\xbd\xd7\x18\x85\x98\x86\x0e\xc5\xc1+s\xb5\x90\xe0\
s5\x94w\xdf\x91\x04WqPp\x9a\x03Wo\xa5\
\x14`\xaf`D\x9f\xb3\xf5\x82\xb5g!V\xd1\x83C\
\xd4\x0d\x82\xe8,z`\xb0w)~Ml6\x91\xfa\
|\xcb\xd8\xac\xc8\xc2\xd6\xfe\xaf\xe07@\xde&\xf7v\
r\x84D4\x98\x0b\x03\xf4U\x91\x1f_\x92\xd7\x18>\
`\x8b~\x5c\xf8\xdb\x22\xf0\x16\xc0\x13\xbd2g;\x10\
\xd6O\xdf\xc2'\xadjV\xf4\x0b \xc1~p\x8dd\
\x1dzK\xe8\x8dc\xdd6\x17\x1f\xb9\xda\xb0\xb1B\xd7\
e\xe6x\xaa\xdd\xb8(\xd2\x10M\x13\x8a\xc2P\xa5\x81\
\x1b\x9d(7\x0f\x88u\x1dHh\x9b5\xee\x8f\x00\x89\
\x7f\x1dHz\xdf\x7f\x00H\x82\xabB\xe2\x9dA\xd2&\
\x0f\xfd\xae \xf1\x9e\xb5pz\xf2w\xd5K\xbc\xe7L\
\x93\xae\xed>\x13&\x18\x05\x9e\xeb\x86\xce3\xf4\x13\xfa\
\x14\x16\x07\xa9[\xa9(r>\x1f\x16\x07w\xfeO`\
\x09\x91\xa7S%\x1c&Z{{\xe9\xf4\xb7\xa2/8\
\xff\xbb\x09\xda\x819\x00#\x87\xc0\xe3]\x98\x03\xd4\xa5\
\xc8g\xce\x01\x8d\xe8\xff\x9d\xaa\xe4\x96&\x81\xdb\x80\xc4\
\xb1\xe8-\xcd\x02\xb7\x01\x8a\x7f\xe5\xa3\xef\x87\x00%\xb0\
\xf0-\xcd\x03\xb7\x01\x8a7\xea\xad70\x11\xdcHO\
\xf1\xae\xf5\x05\xe3:3\xc1\x17\xa2\xf2\x9c3\xc1\xdc\xd7\
\x8co3\x15<\xf3\x85\x97\x8b\xa8\xeb\xde\xc4\x85\x17\x09\
\x03'\xba\xd2\x85\x97\xba\xa4r\xd4\xdd\xe1\xf8\xc6\xcbq\
\x10v\xc30\x08go\xbc\xac\xe0\xdf\xee\xbc`-\x12\
\x050s\xa1\x8888\x08|\xef\xeb\xee\xbc&_H\
f\x0d\xbe`\xf2\xdc\xb5\x17F\xbe\xeb\xd0\xe7\xbf\xf6\xfa\
\xea\x08\xad\xe8\xd3k/\x9d\xe9\x0b\xf5\xcf\x83\xd5\x8b\x7f\
\x00A\xba\xbf\x82\
\x00\x00\x06(\
\x00\
\x00N\xd5x\xda\xe5\x5c[\x8f\x9b8\x14~\x9f_\xc1\
2/\xadvm0\x10nM\xd2\x87\xadV\xaa\xb4O\
\xbb]\xedcE\xc0IP\x01G\xc6\x99$\xfd\xf5k\
sKH\x18i\xbb\x98\x15\xad\xa9FS\xce96\xf6\
\xe7\xef\xf8r8\xcc\xf2\xfd9\xcf\xb4\x17L\xcb\x94\x14\
+\x1dAS\xd7p\x11\x93$-v+\xfd\xafO\xbf\
\x01_\xd7J\x16\x15I\x94\x91\x02\xaf\xf4\x82\xe8\xef\xd7\
O\xcb\x9f\x00\xd0~\xa58b8\xd1N)\xdbk\x1f\
\x8b/e\x1c\x1d\xb0\xf6f\xcf\xd8!4\x8c\xd3\xe9\x04\
\xd3F\x08\x09\xdd\x19o5\x00\xd6OO\xcb\xf2e\xf7\
\xa4i\x1a\x7fnQ\x86I\xbc\xd2\x9b\x02\x87#\xcd*\
\xc3$6p\x86s\x5c\xb0\xd2@\x10\x19\xfa\xd5<\xbe\
\x9a\xc7\xe2\xe9\xe9\x0b\x8eI\x9e\x93\xa2\xacJ\x16\xe5\xf3\
\x8d1M\xb6\x9d\xb5h\xcd\xc9\xae\x8cP\x10\x04\x86i\
\x19\x96\x05\xb8\x05(/\x05\x8b\xce\xa0_\x94\xb7q\xa8\
\xa8e\x9a\xa6\xc1uW\xcb\x7fg\x15\x96\x1c\xd0\x03\xff\
\xe9\xcc[\x01,\xc9\x91\xc6x\xcb\xcbaX`f|\
\xf8\xf4\xa1S\x02\x13&,\xb9\xa9\xa6\xc5\xb3\xf7\xd4\x1e\
\xc8E\x94\xe3\xf2\x10\xc5\xb84ZyU\xfe\x94&l\
\xbf\xd2m\x07\x22\x9b_\x8bJ\xb8\xc7\xe9n\xcf\xee\xa5\
i\xb2\xd2y\xeb\xad\xc0\xaf\xefo\xc8\x81j\x83\xa6\xe2\
\xb0\xd3\x980\xb0 \xd2(Z\xd8^m\xd3v!L\
H,\xda\xc4\xab\xc4y\x1a\x1d\x19\xc9\xf9\xa8\xc5q\x16\
\x95e\xbaMc~C\x8aCv\xdc\xa5\xc5\xe7\xbe\xf0\
s\x92f\xd5\x7f`\x0be\xf7\x5c|>\x10\xca\xc09\
9p@]oPyi\x95k\xae]&x[\x0a\
\xab\xbaw\xe2\x8ew\xcf\xd35\xa3\xd2v\x8d\x15-M\
^R|\xba\xdan\xa2\xb2FP\xd3\x0e\xd1\x8e\xb3-\
#t\xa5?o\xab\xabQl\x08M0mUnu\
\xf5T\x84\x8fH\xca.\xb5\x7f5u\xb7\xed\x15\xb5v\
zsX_\xee\xa3\x84\x9cV\xbau\xaf\xfcJH\xce\
k\xe5#\x13x\xbe\xf9\xa0\x8e\xcf+\x1d \x1f\xda\x0b\
\xc7E\x0fJ\xd1\x1e\x0f\x9aV`\x06\x0f\xba#\xa5\xdc\
\xff@\x16]0\xefS\xf5\xab\xad\xa0\xdc\x93\xd3\x8e\x0a\
l\x18=\xe2\xfb\x92B\x036\x1br\x1eVs:\x1c\
\x85g\x83c\x912\xee=\x87\xf3m\xad\xc74\xc1\xe5\
p\xc1\xb2\x88\x0e`\x97\x91M\x94\x0d\x1b\x9c\xd2\x82c\
\x04\x1a\xa2#\xbb\x1b\x82{\x8b\x96\xf5\x9e\xe9\xbfb\xc1\
\xdbn\xbe\xa2\xba\xbc\xae\xca\xa3s\x9a\xa7_1\x07\x06\
U\xac\xe3\xcc\xea\xc1R\x17\xd34v\x11\x1e|\xbe\x08\
\x99\xde\x0a\x05\x9eB`\x05\x81\xd7\x09\x09M\xb9c\xdc\
4\xa7\x15]nE\xc2\xdf\xf9t}\xae\xe8U\x91\xcf\
\xbb\xd7]nu\x0d\xeb\x8dG\xdaW\xf2\x1c\xb3(\x89\
Xt\xf5\x81V\xc2\xdbf\xb6=\xe3Sg\xf8\xc7\x87\
\xdf\xd6\xcd\x83\x96q\x1c\xfeM\xe8\x97\xf6\xb9\x9a&\x0c\
\xa2\x0d9r\xa4\xf5u'^&q\xc8';>\x09\
\xac\xd3\x9c3[\xcc\x93?\xf3\xc9mi\x5c\x15=c\
\x01\xd6\xb5\xd2\xbaZ\x8a\xebYsp\xe9H\xe2<\x15\
\x85\x8c?Y\x9ae\x1f\xc5C\x9a\x1e\xdfT\x9a\xb2\x0c\
_\x85K\xa3i}\xd37\xe3\xa6sK\xa3\xed}u\
\xb7\xbb\xa2\xd2s\x8an\xa0\xb3h\x839C\x7f\x17J\
\x0d=z\x079\x1er\x92\xe0\xa6x\x87&\x8eY7\
d\xec\x92q\xfd\x96\xb7>|\xde\xd8\xe2\xdf;q\x03\
\x9aY\x22D\xf5-=f|\xb6{\xc1\x05I\x92w\
%\xa3\xe4\x0b\x0e\x9f\xcd\xeajnkg\x08M\xe8\xd8\
\x81#\xc6\xbe\x95s\x840\xcd8[Y\xe8\xb4\xb2$\
\xe2\xb3\x0c\xa5\xd1%,\xf8B\xdfJ\xbbg\xf6\x88*\
\x9a\xbb\xf0\xed\x00 \xe0\x83\xab\xaa\xf1\xbd\x05\xb4\xed\xeb\
r\xa2\xdd,4\x0e\x0c*\x8d\xd3i\x04iMxG\
\xda\x8b\x98\xb5\x1e\xa8L{~@+J\xbb\x8e\xb8\xdc\
n\x80_\x07\xd24\x17\x0b\x0e\xcc\x9c\x81\x0c\xa6\x00\x12\
\xd9\xd0\xeb[\xfe\xf08\x22\xb0\x98\x02I\x1f\xfaU_\
,u\x90\xf4\xa6\xc0\xd1\xb2\xa1\xab\x14\x19'a#\xdf\
\xd5\xf56\x9ac\xa1\xfc\x0e\x16\x9a`\x1a>\xda6t\
d\xae4\xf3Fr$\x82f\x0f9\xe8\xab\xc5Ag\
$z\x8f\xe6Sluf\x0e\xa3/\x93\x82\xb2\xb77\
3\xc7\xce\x1cMAs\xca-\xcd\xdc\xd1\xb3e\x82'\
q\x1f3{\xd6yR}V\xb9\xad\xcb\xf8C\xf2\xe0\
\xca\xa1\xd6\xceEL~\xa3q\xec{\xb0\x0f\x17\x95\x89\
B\xf8\xc9]@Td \xb0d\x22\xa8\xda\xeeO\x1c\
\xe4\x9c\xb1\x1c\xb4\xdc\xfb\x15\xa4:\x8dx\xb6B\xde\x5c\
\x07\x17\xbc)\x90\xe4\x9c\xb4T\x02q1:`8\x08\
\xa3\x0fUs\xec\x00x\xa3g\xc7a\xdf\xb6\xebJ\x94\
\xa1\xa5\x03\xac\xb1\xe7d\x0b\xc1;\xa1\x5c\xd7\x9ey\xf0\
\xd5\x07cO{\xc8\xbd\x8b4(\x12\xb6\xaev9\x8e\
/\x15=\xc9s\xe1\xdc\x11\xb4\xc7\x87\xaa\xdd\xbbX\x83\
\xa3\xd4\xdbPw\xfc\x92<4\xfd)\x86\xa3\xc9\xd7c\
\xb9~\x8c$\x1f\x99gOD\x87S\xd1FSp\x11\
\xa9\x15}\xa8\xc3` 0\xa7\xc0R\xb1\xfda\x13\xc9\
\x19\x9f\xe7\xe0*\x0f\xa2\x05\x02W*\x8aj\x1d\x9e\x1d\
g\xf4\x81\xef\x86o\xcaFq\x80+\x15D\xb58(\
\x5c\xd9\x97\x8a\x1fR\xe6\xd5^\x17\x00\x1b\xfdf\xa5\x8f\
\xa0z\xb1/\x8f/%\x9eT\x0c-\xb5^\xae\xb4\xd9\
r\xc0t%\xaf)\xf2v\xda}\xd8\xbe\x9f\x98\xec\xe8\
X\x18\xb0\xbd\xfb\xcd\xe17\xef\x18\xbb\xef\x1fhT\x94\
\x22\xd7\x7f\xa5\x97q\x94\xe17\x00\xfd\x82\xde\xfe8s\
\xa9\xd8X:rg\x02\x1f\xca\xcb\xdf\xden\xbf\xe5\xc0\
]\x7f\xe8\xf4\x7fb8I\x8e\xa7\xe4L\xc5\xf9\xa3X\
3q\x92\xfcm\xe9!\xa0yc9I\xe6\x8er|\
\xf4\xa7\x80Q\xfe\xc7-3\x87q\xfci{\x10G\xf9\
\x9f\xb6\xcc\x1cGw\x0a\x14\xa5~\xd82{\x22N\x02\
\xa1\xec\xd4\xd0\xef\xc1\xa1G\x9f\x1a\x87\xc9\xa8\xd8*]\
\xc7\x81\xa6\xc8=A\x0a\xb9uw\x02\x9f\x04H\xf5(\
\xd9\x1c\x07\xa7@S\x9d3\xa1\xdcT\x0a\xd9/\x18f\
\xcfBk\x92\x17\xae\xaa\xa1\xe8\x8f\xcf'\x1b\xce\x02P\
j\xd3h\x81I\xb2\x1a\xa5g\x97\xcd\x1a\xc8\xfa\xc5\xb5\
/7\xbdQ\xa5\x10c\xb5\xe9\x06\x93$\xf5(\x15\xa9\
\x9d*\xdb\xfb\xbf\xbc\xf8Z\x1a\xbb\xf5\xd3R\xfc9\xa1\
\xf5\xd3?{\xad\x87\x0c\
\x00\x00\x12t\
<\
?xml version=\x221.\
0\x22 encoding=\x22UTF\
-8\x22 standalone=\x22\
no\x22?>\x0a<!-- Creat\
ed with Inkscape\
 (http://www.ink\
scape.org/) -->\x0a\
\x0a<svg\x0a   xmlns:d\
c=\x22http://purl.o\
rg/dc/elements/1\
.1/\x22\x0a   xmlns:cc\
=\x22http://creativ\
ecommons.org/ns#\
\x22\x0a   xmlns:rdf=\x22\
http://www.w3.or\
g/1999/02/22-rdf\
-syntax-ns#\x22\x0a   \
xmlns:svg=\x22http:\
//www.w3.org/200\
0/svg\x22\x0a   xmlns=\
\x22http://www.w3.o\
rg/2000/svg\x22\x0a   \
xmlns:sodipodi=\x22\
http://sodipodi.\
sourceforge.net/\
DTD/sodipodi-0.d\
td\x22\x0a   xmlns:ink\
scape=\x22http://ww\
w.inkscape.org/n\
amespaces/inksca\
pe\x22\x0a   width=\x2234\
.133335\x22\x0a   heig\
ht=\x2234.133335\x22\x0a \
  id=\x22svg2985\x22\x0a \
  version=\x221.1\x22\x0a\
   inkscape:vers\
ion=\x220.92.1 r153\
71\x22\x0a   sodipodi:\
docname=\x22semiaut\
omaticclassifica\
tionplugin_zonal\
_stat_raster_too\
l.svg\x22\x0a   inksca\
pe:export-xdpi=\x22\
67\x22\x0a   inkscape:\
export-ydpi=\x2267\x22\
>\x0a  <defs\x0a     i\
d=\x22defs2987\x22 />\x0a\
  <sodipodi:name\
dview\x0a     id=\x22b\
ase\x22\x0a     pageco\
lor=\x22#ffffff\x22\x0a  \
   bordercolor=\x22\
#666666\x22\x0a     bo\
rderopacity=\x221.0\
\x22\x0a     inkscape:\
pageopacity=\x220.0\
\x22\x0a     inkscape:\
pageshadow=\x222\x22\x0a \
    inkscape:zoo\
m=\x221.3997253\x22\x0a  \
   inkscape:cx=\x22\
-255.52825\x22\x0a    \
 inkscape:cy=\x2213\
.268423\x22\x0a     in\
kscape:current-l\
ayer=\x22layer1\x22\x0a  \
   showgrid=\x22tru\
e\x22\x0a     inkscape\
:grid-bbox=\x22true\
\x22\x0a     inkscape:\
document-units=\x22\
px\x22\x0a     showgui\
des=\x22false\x22\x0a    \
 inkscape:window\
-width=\x221366\x22\x0a  \
   inkscape:wind\
ow-height=\x22708\x22\x0a\
     inkscape:wi\
ndow-x=\x220\x22\x0a     \
inkscape:window-\
y=\x220\x22\x0a     inksc\
ape:window-maxim\
ized=\x221\x22>\x0a    <i\
nkscape:grid\x0a   \
    type=\x22xygrid\
\x22\x0a       id=\x22gri\
d3765\x22\x0a       or\
iginx=\x220\x22\x0a      \
 originy=\x220\x22\x0a   \
    spacingx=\x221.\
0666667\x22\x0a       \
spacingy=\x221.0666\
667\x22 />\x0a  </sodi\
podi:namedview>\x0a\
  <metadata\x0a    \
 id=\x22metadata299\
0\x22>\x0a    <rdf:RDF\
>\x0a      <cc:Work\
\x0a         rdf:ab\
out=\x22\x22>\x0a        \
<dc:format>image\
/svg+xml</dc:for\
mat>\x0a        <dc\
:type\x0a          \
 rdf:resource=\x22h\
ttp://purl.org/d\
c/dcmitype/Still\
Image\x22 />\x0a      \
  <dc:title />\x0a \
     </cc:Work>\x0a\
    </rdf:RDF>\x0a \
 </metadata>\x0a  <\
g\x0a     id=\x22layer\
1\x22\x0a     inkscape\
:label=\x22Layer 1\x22\
\x0a     inkscape:g\
roupmode=\x22layer\x22\
>\x0a    <rect\x0a    \
   transform=\x22ma\
trix(1,0,-0.6642\
4877,0.74751158,\
0,0)\x22\x0a       ry=\
\x223.5260875\x22\x0a    \
   rx=\x222.6069815\
\x22\x0a       y=\x2226.4\
59957\x22\x0a       x=\
\x2231.056419\x22\x0a    \
   height=\x2223.30\
5162\x22\x0a       wid\
th=\x2221.873192\x22\x0a \
      id=\x22rect37\
67\x22\x0a       style\
=\x22fill:#8fff8f;f\
ill-opacity:1;fi\
ll-rule:evenodd;\
stroke:#ffffff;s\
troke-width:2.28\
417134;stroke-mi\
terlimit:4;strok\
e-dasharray:none\
;stroke-opacity:\
1\x22 />\x0a    <rect\x0a\
       style=\x22fi\
ll:#ffa3a3;fill-\
opacity:1;fill-r\
ule:evenodd;stro\
ke:#ffffff;strok\
e-width:1.944997\
79;stroke-miterl\
imit:4;stroke-da\
sharray:none;str\
oke-opacity:1\x22\x0a \
      id=\x22rect37\
69\x22\x0a       width\
=\x2221.316967\x22\x0a   \
    height=\x2220.4\
91337\x22\x0a       x=\
\x228.7852564\x22\x0a    \
   y=\x221.3792282\x22\
\x0a       rx=\x222.54\
06871\x22\x0a       ry\
=\x223.1003535\x22\x0a   \
    transform=\x22m\
atrix(1,0,-0.736\
25089,0.67670868\
,0,0)\x22 />\x0a    <r\
ect\x0a       trans\
form=\x22matrix(1,0\
,-0.71071152,0.7\
0348358,0,0)\x22\x0a  \
     ry=\x223.21176\
46\x22\x0a       rx=\x222\
.5406871\x22\x0a      \
 y=\x2272.78067\x22\x0a  \
     x=\x2240.16252\
5\x22\x0a       height\
=\x2221.227692\x22\x0a   \
    width=\x2221.31\
6967\x22\x0a       id=\
\x22rect3771\x22\x0a     \
  style=\x22fill:#e\
6e6e6;fill-opaci\
ty:1;fill-rule:e\
venodd;stroke:#f\
fffff;stroke-wid\
th:1.90762496;st\
roke-miterlimit:\
4;stroke-dasharr\
ay:none;stroke-o\
pacity:1\x22\x0a      \
 inkscape:export\
-xdpi=\x2267\x22\x0a     \
  inkscape:expor\
t-ydpi=\x2267\x22 />\x0a \
   <text\x0a       \
xml:space=\x22prese\
rve\x22\x0a       styl\
e=\x22font-style:no\
rmal;font-weight\
:bold;font-size:\
12.80000019px;li\
ne-height:0%;fon\
t-family:sans-se\
rif;-inkscape-fo\
nt-specification\
:'Sans Bold';let\
ter-spacing:0px;\
word-spacing:0px\
;fill:#000000;fi\
ll-opacity:1;str\
oke:#ffffff;stro\
ke-width:1.06666\
672;stroke-opaci\
ty:1\x22\x0a       x=\x22\
9.4310522\x22\x0a     \
  y=\x2230.428158\x22\x0a\
       id=\x22text3\
795\x22><tspan\x0a    \
     sodipodi:ro\
le=\x22line\x22\x0a      \
   id=\x22tspan3797\
\x22\x0a         x=\x229.\
4310522\x22\x0a       \
  y=\x2230.428158\x22\x0a\
         style=\x22\
font-size:25.600\
00038px;line-hei\
ght:1.25;font-fa\
mily:sans-serif;\
stroke-width:1.0\
6666672\x22>\xcf\x83</tsp\
an></text>\x0a    <\
path\x0a       styl\
e=\x22fill:none;str\
oke:#000000;stro\
ke-width:1.43634\
963px;stroke-lin\
ecap:butt;stroke\
-linejoin:miter;\
stroke-opacity:1\
\x22\x0a       d=\x22M 24\
.666667,-17.2 -1\
.0957805,15.6888\
9\x22\x0a       id=\x22pa\
th3775\x22\x0a       i\
nkscape:connecto\
r-curvature=\x220\x22 \
/>\x0a    <path\x0a   \
    style=\x22fill:\
none;stroke:#000\
000;stroke-width\
:1.43634963px;st\
roke-linecap:but\
t;stroke-linejoi\
n:miter;stroke-o\
pacity:1\x22\x0a      \
 d=\x22M -18.444444\
,4.1333341 H 26.\
000001\x22\x0a       i\
d=\x22path3777\x22\x0a   \
    inkscape:con\
nector-curvature\
=\x220\x22 />\x0a    <pat\
h\x0a       style=\x22\
fill:none;stroke\
:#000000;stroke-\
width:1.43634963\
px;stroke-lineca\
p:butt;stroke-li\
nejoin:miter;str\
oke-opacity:1\x22\x0a \
      d=\x22M -25.7\
77777,9.4666676 \
H 18.666668\x22\x0a   \
    id=\x22path3779\
\x22\x0a       inkscap\
e:connector-curv\
ature=\x220\x22 />\x0a   \
 <path\x0a       st\
yle=\x22fill:none;s\
troke:#000000;st\
roke-width:1.436\
34963px;stroke-l\
inecap:butt;stro\
ke-linejoin:mite\
r;stroke-opacity\
:1\x22\x0a       d=\x22M \
35.333334,-17.2 \
9.570887,15.6888\
9\x22\x0a       id=\x22pa\
th3775-1\x22\x0a      \
 inkscape:connec\
tor-curvature=\x220\
\x22 />\x0a  </g>\x0a</sv\
g>\x0a\
\x00\x00\x07\x10\
\x00\
\x00T\xb5x\xda\xe5\x9c[\x8f\xa36\x14\xc7\xdf\xe7S\
P\xf6\xa5U\x070\x18\xc2e\x93\xecCW+\xad\xd4\
\xa7v\xab>V\x0e8\x09]\x82\x11\x97I\xb2\x9f~\
mn\x81\x84\x99ve#YI\xa4\xd1\x88s\x8e\xc1\
\xfe\xe1\xcb?\x07\x87\xe5\x87\xd3!Q^p^\xc4$\
]\xa9\xa6\x0eT\x05\xa7!\x89\xe2t\xb7R\xff\xfa\xf2\
I\xf3T\xa5(Q\x1a\xa1\x84\xa4x\xa5\xa6D\xfd\xb0\
~Z\xfe\xa4i\xcao9F%\x8e\x94c\x5c\xee\x95\
\xcf\xe9\xd7\x22D\x19V~\xde\x97e\x16\x18\xc6\xf1x\
\xd4\xe3\xd6\xa8\x93|g\xfc\xa2h\xda\xfa\xe9iY\xbc\
\xec\x9e\x14E\xa1\xd7M\x8b \x0aWj[ \xab\xf2\
\xa4\x0e\x8cB\x03'\xf8\x80\xd3\xb20L\xdd4\xd4K\
xx\x09\x0f\xd9\xd5\xe3\x17\x1c\x92\xc3\x81\xa4E]2\
-\xde\x0d\x82\xf3h\xdbG\xb3\xda\x1ca\x1dd\xfa\xbe\
o\x00\xcb\xb0,\x8dFh\xc59-\xd1I\x1b\x17\xa5\
u\x9c*j\x01\x00\x0c\xea\xbbD\xfe\xbf\xa8\xa0\xa0@\
3\xfa\xd7\x87w\x06\xbd U\x1e\xe2--\x87\xf5\x14\
\x97\xc6\xc7/\x1f{\xa7\x06\xf4\xa8\x8c\x06\xa7\xe9x\x8e\
\xae:\x82\x9c\xa2\x03.2\x14\xe2\xc2\xe8\xecu\xf9c\
\x1c\x95\xfb\x95\x0am\xdd\x84\xf4\xe3\xd4\xc6=\x8ew\xfb\
\xf2\xda\x1aG+\x95\xd6\xde\xf2\xbd\xe6x\xd09\xcc&\
\xa0=q\xd0{\x80\xee[\xba\xa9\xe4\xa6\x03\xdd&\xa6\
kB\x10\x91\x90\xd5\x89\x9e\x12\x1fbT\x95\xe4@\xef\
Z\x18&\xa8(\xe2m\x1c\xd2\x03\x92fI\xb5\x8b\xd3\
\x7f\xb2\x1c\xbf\xc4\xf8\xa8w\xe8\xfa\xeb\xe0SF\xf2R\
;E\x19\x05\xb8p'\x9d\xe7\xce\xb9\xa6\xdee\x84\xb7\
\x05\x8bjZ\xc3\x8ehs\x5cU1jo_9V\
\xb3\x88]\xf3\x12\xbbAECLQ2\xb4\xa3\xbd+\
!\xf9J}\xb7\xad?\xadcC\xf2\x08\xe7\x9dkQ\
\x7fF.B\xef@\x5c\x9e\x9b\xf1\xd4\x9e\xbb\xab/;\
k\xef\x07\xd3\xfeb\x8f\x22r\x5c\xa9\xd6\xb5\xf3\x1b!\
\x87\x95\xea\xea\xbe\xe9\x01\xdbt\xaf\xdd\xe1i\xa5j\x10\
\xea\x16\x04\xae\x03o\xbc\xacB\xb6\x0e]\x0fZ7g\
\x0e\xab<\xa7#NK\xd0\x19\xd3V\xd5\xff\xcc6\xa8\
\xd8\x93\xe3.gt\xca\xbc\xc2\xd7%\x99G\xdbl\xc8\
i\xdaM;@\xc5\xc6\xb2V\xa5qI\xc7Kv\x1a\
\x9e\xb5\x8a#\x5cL\x17,R\x94i\xbb\x84lP2\
\x1dp\x8cSJIk\xbb\xb6\x09\xfb\x9bp\x1d\xd1\xf5\
s\x17x\xafD\xd0\xba\x83W\x5c\xe7\xd7]\x07t\x8a\
\x0f\xf17L\xc1\x98u\xbf\xa3}k\x84\xa5)\xa6(\
\xe5\x99\x8d\xd9\xd3\x99\xd9\xd4\xce\xc8x2\x83\xe5\xfbn\
o$yL\x87\xc2\xa0:\x9d\xe9<4\xb1\x11N'\
\xe8S\xdd\xc1\xea\xee\xe7^\xfb\xceC_\xdb\xef\x8d\xdb\
\x8e_\xdb\x0f\xb8D\x11*\xd1e\x14t\x16Z7\xd0\
\xb5\x8cN\x96\xc1\x1f\x1f?\xad\xdb\x0b-\xc30\xf8\x9b\
\xe4_\xbb\xeb*\x0a\x0b@\x1bRQ\xd2\xea\xba7/\
\xa30\xa0\xd3\x1b\x1d\xf6\xeb\xf8@\xfb6\x9b\x19\x7f\xa5\
\xd3\xd9\xd2\xb88F\xc1\x0c\xd6\xe5\xa4\xcdis\xdc\xcc\
\x93\x93\x8bE\x14\x1ebV\xc8\xf8\xb3\x8c\x93\xe43\xbb\
H\xdb\xe2\xc1I\xe32\xc1\x17\xe3\xd2hk\xdf\xb6\xcd\
\x184nit\xad\xaf\x8fv\x17*\xa3A\xd1\xdf\xe8\
\x04m0\xed\xa1\xbf3\xa7b\xde\x8e\x0eRe\x07\x12\
\xe1\xb6xO\x13\x87e\x7f\xcb\xcasB\xfd[Z\xfb\
\xe0\x1d\x00a\xb8\xdd\xbeg\x07Z;O\x04fs\x98\
W\x09\x9d\xef^pJ\xa2\xe8}Q\xe6\xe4+\x0e\xda\
\x99\xa9=l\x06C\x00\xbaC\x0a\x06\xe7\x09\xed\xa4e\
`w\xb6\x08\xd1\xe9%\xcf\xd19H\xe9\x8a\xdeY\xfb\
K\x8d\xfa'\xab\xa5\xe3A\xbf7\xb6\x83\xcd\xd6\xad\xba\
k]\x1c\xdd\x18\xbb\xf5\x8c:\xf3y*\x22\x1f\x85\xe4\
u\xd7\xb5-\xf6\x81\xfd\x8d|\x0b\x18B\x91-\x190\
\xcd\xe4Dvk\x9c\x05\xddb\xe1\x01\xe9\xd0i\x1e'\
<Ow\x98\x9e\x81\xde\xbc\xf0l\xdbq\xe4\x83\x078\
\xe1\x99\x96>+\xb7\xed\xd6B\x16\x92\x8e\x1b\xe4\xc5\xe6\
6\xcb\xed#\xb2\xd3\x5cNx\x96\xa9\xd7\x03\xd6~D\
x\x9e\xe6\xf0\xe2s\xf4\xc5#\x92\x03\x1a\xef\xa8\xb5|\
\xdd\x1b\xeb\xe7\xc7Q(\x9a=\x87F\x01\xf7\xaeM\xb8\
\xa5\xdd\xa4:\x01\xf7\xaeJ\xb8\xd7\x88k]\x02\x84M\
n\xbe/!1\xa8-\xe6P$wNMs5k\
\x0e-r\xef\xd8\xa8\x06\xd1|\xc1*D\xdc\x94&a\
F\x84\xfb;\xea('2\x9a\xdb\xeeSlx\xde\x1c\
jC(8Y\x05\x87?\x87\xe0\x10JNV\xcd\xb1\
\x10\xac9\x04B\xf3\x00\xfbH(;\xac9d\xc7\xfd\
\x83\xa3\xca\x03\xce\xa1<\x1e\x80\x1c\x13\x1f\x9e`\xf1\xf1\
\x00\xd8\x80\x06\xf9\x13oS\xf9\x0f\xa1K\x83\x8c\xda\x0d\
p\xa7>F\xea\xedv}\xbd\xd3|\x11\xf7\xda0\xa9\
\xe1\xc4\xe3\x936s\xc4\x9d\xe9\x9d\x94r\xe2\x01J\x9b\
C\xe2\xd6\xc2\xd7\x8aN4\xbb\xc8\x96T\xd6-\xe6\x11\
v\x0f\xc2\x8f\xe5\x95\xe6y\xca\xf5(\x00\xeb\x0c\x13\xf7\
\xc3\xe9k\x99\xf7(\xf4\x98\xd6\xb3\xb8\x9f<L\xaa=\
\xd1\x08\xd9\xe2+\x1fB\x00E*\xbe\xdb\x91|\x8f\xcc\
L\xee\xfc\xc9\xa4\xde{\x14x\x1e\xf7\x821\xa9\xf6\x1e\
\x05\x1f\xe0\xce\x09\x5ck=\xd1\xe4\x00\xa0\xb7F\xca\x14\
\x9e;\x87\xd4\x13\x8f\xcf\xb6\x91\x8c\x9b\x99\xf8\xf7\xe3L\
\x09=\xd1\xf8,\xe4n\xe5K\xad4B\x0f\x0a\x96y\
\xa2\xd9y.B\x11\x964\xa57\xcb\x9e&\xd1\x04Y\
\x86@B\x95\xc7\xbd\xe4\x8e\x1f\xcb\xdeL\x83\xf7\x08\x8d\
%\xf6f\x11z\x8f\x82\xafN\xec\xcd\x92\xd9{\x14\x82\
,\xb3g\x8b~V+\x98\x9d\xb4jo\xc1\xadW\xa6\
\x1f\xd9\x0a\xe7'\xab\xdc\xb3\xb8\xa7\xbf\xe9'\xb7\x82\x01\
\xca,\xf8|\xe1\x92O4=\x99%\x9f\xc5\x9f\x17\x9d\
|\x8e+\x18\xe1&\x8c\xa0#c\x07\xf4\xe6\xf9\xb9\xdd\
-\xd4;\xe5G\x87\xef<\xa9\xaa\x07\x01\x08\xe8\x1a,\
z\xab\x99hv\xf2&\xab\xe6\x91/\xe2\xf9\xc9*_\
 \xb7t\x9e\xceW\x09\x06(\xb3|\x11\xff\x13<\xd1\
\xf4<\x0f!\x19\xf3-6\xf7\xd2;~\xb06\xc4x\
\x8f\xc4\xea]T\xdc\xab\xed\xb4\x5c\xb9\x7fvu\xa6\x85\
[,Ok\x95\xfb\xa7W\xef\x9f\xe2\xfe\xa2v#T\
\xc4\x81\x938\xc5\xc2\xff\x15mZ\xa5\x88\x84'o~\
\xc5\x9dg\xef\x94@zr'W\x80\xf0\x8dS\x22\xa7\
;\xa93+\xe6<\xbb\xa6~\x9c_\x86\xca\xfd[o\
Wx\x0b\x0f\xd4-\x1b\x00g\x01\xec\xec\xd4y\x928\
\xc5!\xca\x82MU\x96C\xdb\xbf$N\x83\x1a\xe3\xeb\
\xa4\xd8+\xbe\x94nBr\x9f=\xdd\xf7]\xd7\x04\xbe\
\x12*\xe0\xd9\xf4u\xab\xfe\xc9\x83\xf9\xfa\xc1\x889k\
\x19t\x17\xfe\xe0;\xf0\xe5\xbdr$\xa5\xd5,I\xae\
\x85U\xfe\x82\xca*\xc7\x8c\xd5\x7fSi\x1fU\xbcM\
\xc5\xf1|\xe0;\xa6%\x90\x8a\xab\xdb\xcd[\xd3\x9eM\
\xafy-\x22\xa4T\xfa\x96\xc3g\xf0\xfa\xc1-\x15\xcf\
v\x7f\x9c\xc9k#m\xd0\xfb\xd9t_\xefT\x1c\x01\
\xb1t\xd3u\x80iyP\xe4p\xb2|\xfff\xd75\
\xb4n\xc6\xce\xc04\xf9b\xba\xf3\x94\x91\x8d\x1c\x87\xce\
\xec\x00\x0e\xdf\xb6AC\xa1\xee\x01\xdbs=\xa7\x7fy\
\xddn\xfd\xb4d/\x8f[?}\x07\x80*z?\
\x00\x00\x07<\
\x00\
\x00\x1f\xb7x\xda\xddY\xdb\x8e\xe36\x12}\xef\xaf`\
\xdc/\x09\xd6\xa4.\xd4\x85R\xbb;\x0f\x19\x04;\xc0\
,\x02\xe4\x82\x05\xf2\x12\xd0\x12m3-K\x06E\xdf\
\xf2\xf5[\x94DY\xb2\xdd\xbdc`\x02dL\xa0a\
\xb1\xaaH\x16O\x9d*\x92\xe8\xd9\xf7\x87u\x81vB\
\xd5\xb2*\x9f'\x1eq'H\x94Y\x95\xcbr\xf9<\
\xf9\xed\xd7\x1f1\x9b\xa0Z\xf32\xe7EU\x8a\xe7I\
YM\xbe\x7fy\x98}\x831\xfaA\x09\xaeE\x8e\xf6\
R\xaf\xd0\xc7\xf2\xb5\xce\xf8F\xa0oWZoR\xc7\
\xd9\xef\xf7DvBR\xa9\xa5\xf3\x1d\xc2\xf8\xe5\xe1a\
V\xef\x96\x0f\x08!X\xb7\xac\xd3<{\x9et\x036\
[U4\x86y\xe6\x88B\xacE\xa9k\xc7#\x9e3\
9\x99g'\xf3\xcc\xac.w\x22\xab\xd6\xeb\xaa\xac\x9b\
\x91e\xfd80V\xf9\xa2\xb76\xde\xecic\xe4%\
I\xe2\xb8\xbe\xe3\xfb\x18,p},5?\xe0\xf1P\
\xf0\xf1\xdaP\xdfu]\x07t'\xcb\xcf\xb3Jk\x00\
t\x03\x7f\xbd\xb9\x15\x90\xba\xda\xaaL,`\x9c \xa5\
\xd0\xce\x87_?\xf4J\xec\x92\x5c\xe7\x83i,\x9e\xa3\
UG \x97|-\xea\x0d\xcfD\xedXy3~/\
s\xbdz\x9e\xd0\x80x\x14Z\xd8\x08WB.W\xfa\
\x5c*\xf3\xe7\x09x\xef'\xac\xed\x0f\xc8\xe1\xb5\x06\xdd\
\xc4i\xafqI\xe2\x13\x0f)/\xa4qkc\xb7\x90\
\xe6Uf|\x82)\xc5Z\xf2\xad\xae\xd6\x10\xb5,+\
x]\xcb\x85\xcc\xa0S\x95\x9bb\xbb\x94\xe5\x1fk^\
ny\xf1\xc7\xcf?}$\x16\xbd~)q\xd8TJ\
\xe3C\xbe\x01\x0c\xa3\xf8\xaa\xf2h\x95/\xa0\x9d\xe5b\
Q\x1b\xabvC\xa6\x07;\x8a'\xc8i\xb4\xbd\x7f\xc6\
\xb9|'\xc5\xfed;\xe7u\x0b\x1aB\x1b\xbe\x04\x82\
\x15\x95z\x9e<.\x9a\xd6)\xe6\x95\xca\x85\xb2\xaa\xa8\
i#U\x05A\x90\xfa\xd8\xa6T7\xb7\xf5\xd7\xcc\xda\
\xeb\xdd\xeb\xfaz\xc5\xf3j\xff<\xf1\xcf\x95\x7fU\xd5\
\x1af\x85`$1s/\xd4\xd9\xe1y\x82\x03\x92$\
1\xa5,\xba\xd0\x1a\x87\x22\x88v\xe4G\xde\x85r\xab\
\x14$\x1d.\xf8Q\xc0\xae\x9a\x1fkT\xaf\xaa\xfdR\
\x19t\xb4\xda\x8a\xf3\x91F\x83\xe7\xf3\xeap]\x0d\x1c\
\xd8\x9at\xc6\xdbRjH\x99\xcda8\xebV\xe6\xa2\
\xbe>\xb0.\xf9\x06/\x8bj\xce\x8b\xeb\x06{Y\x02\
J\xb8c7l+z\xc3\xc2R=v\xd9\x1b\x16\xe0\
\xbb\xfb\x86\xea\xf8\xb6j\xcd\x0fr-\xff\x12\x00\x8c\xd7\
\xf0\x0e\xb85\x82\xa5\x1d\x86\x90>\x9a\xb4=\x1c\x8dl\
b\x85\x06O#\xf0!\x5c\xbd\xb0R\x12\xb2a\xe0\x8e\
\x15\x1d\x87\x22\x93\xe4P\xa3\x0f\x0d\xc1\x1a\xfa\xc5\xe7\xba\
\xe3P\xd7\xf1\xde\xb9$~#_\x0b\xcds\xae\xf9)\
\x0b\xac\x04|s\xed\xce\xa0^\xa6?\x7f\xf8\xf1\xa5[\
h\x96e\xe9\x7f+\xf5j\xd7E\xc8\x18\xf0y\xb5\x05\
\xa4'/\xbdx\x96g)T8\xc8\xfc\x17\xb9\x06n\
\x9b\xe2\xf8/\xa8h3\xe7\xa4\x18\x19\x1b\xb0N\x93\xb6\
\xd3*\xd1\x96\xca\xab\xe7E\x9e\xad\xa5\x19\xe4\xfc\xa2e\
Q|4\x8bt;\x1eL*u!N\xc2\x99\xd3y\
\xdf\xed\xcd\x19ln\xe6\xd8\xdd7\xbd\xe5\x09\x95QR\
\xf4\x81.\xf8\x5c\x00C?\x19%\xf2.\xb3\xa3\xdan\
\xd6U.\xba\xe1=\x9a\x22\xd3}\xc8\xf4\xb1\x00\xfd\x02\
\xbcO\x1fE\xc2\xe7^\xf4d:\xb8\xab\x13\xa9\xd7v\
\xd5\xb6\x80z\xb7\x13e\x95\xe7O\xb5V\xd5\xabH\x1f\
=\x96G\x8bE\xd7m\x93!um\x17\x80\x11\xaa\x00\
\x92\xea4\xb0\xb2\x9cCyQ\x8a\x1f\xd3\x12\x0eu+\
\xed\x97\x1a\xf1\xd3x\x09\x1cH0\xc3\xb4W\xd8\x84\x0b\
H\xc4b\x16\x85\xbd\xc2\xe6\x19#,L\xdc\x90\x05\xbd\
\x06\x98\xeaG\x84\xf9\x01\x8dO\xf34\xf5/\xa6,\x89\
\xc2\xf84\x892\xb6$\x08\xa2\xc8\x8bO\xce\xa8\x96\xcf\
!\xa5\x11Mz\xa9V\xbc\xac\x0d\x87\x80\xb1\x5c+y\
\xf8\x16&\x0cY\x92\xb0\xc8\x9f\xba$\x0a=7\xf1}\
:\x85\xb34\x8ec\xeaR\xcf3b?\xf1\xfc\xc8g\
Sw\xea~\xd73\xe5\xeb\x8bH|\x19\x12\x8f\x84~\
\x122\xef\x22$^H\x5c/\x8aC:\x0c\x09\x08\x03\
\x06m\x18\x11\xcc\x08M\xa8\xeb\x85\xc9(\x22\x1e\x1c\xf2\
n\xe8\xb3\xe4,\x221\x0bA\xca\xde\x8dH\xe2\x07^\
\x18%1@O\x99\xefz\xe0a\x13\x11\x13\x1b\x8fA\
\x18\xe03\x80\x0b\x07\x0d\xbe\xfa\x88`v\x1e\x12?\x06\
\x8aC\x0b.B\x12\x10\xbf)\xcf\xc90$\x97B\x80\
\xd9g$NL\x1b\x85\x04\xd2\xcf\x83\xd4\xa1\xfe($\
.\x09\xdd\x98B\xea$_3\x8e\x7f\x07\x8a\x97G\xe5\
}\xa3x\x81\xa1G\xe8u\x0c\x07\x9b\xbfz\xa5x\x13\
<J\xc2\x90\x86q\x12\x8d\xc0\xa3\x84\xb9\x01\x9c\x0c\xe1\
\x09\xbb\x0d\xd7\xab3\xec\x9a\xebs\xfa\xe86\xediQ\
\xc1\x0d\xb1\xd1\xc0\x1e\xe1NP\xb4\x92\x1dW\x92\x97z\
$\xdb7^\x8fD\x80\x88\xd0\xd9j,\x83\x8bY\x0a\
\xb7\x1c\xb9]?\x15\xb2\x14\xdd-pd\xb3\xe0kY\
\x1c\xd3_\xa0f=a{d\xe3v\xf8Fd\xfd\x1b\
\xa5\xb5\xd0\xe2\xa0\xc1*\x87\xcb,\xc4\xab\xe9\xf1B.\
\xcb\x14\x9e\xc8J\xb7\x82\x1c^\x0c\xaa\x1d\xd3\xc4\xeaL\
\x88\x8d'\xad\xa6\x10\x1a\x22\x8d\xbb\xeb\x9auk\x0f\xef\
\x87sY3G_X\xdb\xd1{%5\x98`s\xb3\
H\x0b\x85\xf5\xfc)\x97&\xf6f\xe5B\xab'\xf3\x8e\
i\xb6]\xaf\xe4B\xa7\xb6\xdb\xb9]f+\x00\xbf\xf5\
;\x97\xf5\x06\xae&\xf0\xbel\x0c*x\xd8-\x8aj\
\x9f\xeed-\xe7\x85xj~ea\xa8fE-\xef\
;\x1e\x7f.\xef\x87\xdcmI\x0f\xcf\xc68\x84\xf3\x80\
\xd1\xa75W\xafB\xb56\xa2\xe4\xb0\x08\x9e\xf3\xec\xd5\
\xdc\x9e\xca<\xe5\x19\xbc!\xb6\x05\xd7\xa2'\x9a\xb9\xa4\
\x228E\x5c\xda\xb6\xe9\xe0\x1b\xed\x10\xbc\x90ZfQ\
D}b?A\x8aV\xef\xe8v\x08\x9b\x9fO\xc8>\
\x8a\xe9\x94\xc2\xf9\xd5N\xeaS\x124)0\xf5\x12\xe2\
\x1b\xdb\x88\x04\xa8@\x1e\xdc(\x9a6\xc5\x09\x89P\xe7\
\xc6\x14\xfb\xdd\x14\xb4\x9b\xd6.\xb4j\x17\xf97\xeas\
\x0a\xfd\x8e\xfe\x83\xc0\xbc\xedM\xfb/\xb0\xa1p\xf0\xb6\
\xdf\x9f\x90M`:\x85s>\xb6S3\x126Y\xdd\
y\xd2|7\x060\xfa4\xd3\xefW\x8b\xc4I\xd8?\
\x03\xab\xb2\x04e\xa50<\x08w\x5co\x95\x18=<\
\xfa\x07\x04\xf0\xce\xdc\xb9\xe1\xed\x96\xbd\xd1\xde\xcd\xfe\x96\
A\x0c\x00a\xee9\x83l\x9d\x5c\xb4\xa5aD\x19\x8f\
\xb0 \x0e}\x97\xd1\xcd\xc1j\x0cm\xc1\xf9t\xbe\xd5\
z(\xfb\xb3\x92e\xda\xd4\xd3\xb7KfC#\xdfm\
\xcf\x0b\x88,\xeb\x82\x862\x04\xd1\x9d\x9a\x08\x9f\xfd\x8e\
\x804;\xa3\x89\x1b|6\x90\xff\x1f\x13\xd7\x8d\xa8\xb7\
\xb8\x05\x13K\xb4 \xf8\x92\x98D$\xba\xc4\x04[0\
.>\xae\xc1\x12}AX\xfeqT\x89\xdbj\x00\xb9\
\xd5S\xa5K\xf0wzW\xc9\x83\xfd{\xa6\xcf\x10'\
<\x86\xe6\xdd\xeeUBa\xef\x0e)\x95\x10\xd6B\x85\
O'\xc2m\xe5\x07\xfb_\x14\x98\x7f\x08\x87hds\
m\x04\xcc\x8d5\x08{\xf7H\x9a\xd3\xedbx\xd1\xb8\
\x995\xf1\xfd\xb1\xc6\xbe\xfd\xe210\xb7\xb3&\xb9C\
\xd6\xf4y4\xed\xab\xce\xed\xa4I\xee\x8f4!\xb1\xcf\
\x88!.\xb7s&\xb8\xe7\xe3\xc9g\x84\xdd\xce\x16\xff\
\x9e\x0f\xa6\x0e\x92\xdb\x89r\xeb\xd5x\xe6,_\x1ef\
\xe6\x7f'/\x0f\xff\x03I}-0\
\x00\x00\x08\xd5\
\x00\
\x00_\x8bx\xda\xe5\x5c[o\xdb8\x16~\xcf\xaf\xf0\
:/\x0d6\xa2)R\x17\xd2M2\x0f[\xcc`\x80\
\x05\x16\x98i1\x8f\x05-Q\x8e\xb6\xb2dHrl\
\xcf\xaf_R\x17K\xb2DO\x17k\x16\x1b\xdaE\x91\
\x88\x87\xd7\x8f\xe7\xf2\xe9\x98\xe1\xd3O\x87M2{\xe3\
y\x11g\xe9\xf3\xdc\x06p>\xe3i\x90\x85q\xba~\
\x9e\x7f\xf9\xfc\xb3E\xe6\xb3\xa2di\xc8\x92,\xe5\xcf\
\xf34\x9b\xff\xf4r\xf7\xf47\xcb\x9a\xfd#\xe7\xac\xe4\
\xe1l\x1f\x97\xaf\xb3_\xd3oE\xc0\xb6|\xf6\xe1\xb5\
,\xb7\xcb\xc5b\xbf\xdf\x83\xb8)\x04Y\xbe^<\xcc\
,\xeb\xe5\xee\xee\xa9x[\xdf\xcdf31nZ,\
\xc3\xe0y\xde4\xd8\xee\xf2\xa4\xaa\x18\x06\x0b\x9e\xf0\x0d\
O\xcbba\x03{1\xef\xaa\x07]\xf5@\x8e\x1e\xbf\
\xf1 \xdbl\xb2\xb4\xa8Z\xa6\xc5}\xafr\x1eF\xa7\
\xdar6{\x5cU\xb2)\xa5\x0b\x88\x16\x08Y\xa2\x86\
U\x1c\xd3\x92\x1d\xacaS1\xc7\xa9\xa6\x08B\xb8\x10\
\xb2\xae\xe6\xf7\xd5Z\x1e\x12\x01\x85r2\x95\xb4?\xba\
\x80\x7f+\xfe\x9f\x1a\xb4\x05\xa0\xc8vy\xc0#\xd1\x92\
\x83\x94\x97\x8bO\x9f?\x9d\x84\x16\x04a\x19\xf6\xbai\
\xd1\x1f\x8c;\xd8\x92\x94mx\xb1e\x01/\x16my\
\xd5~\x1f\x87\xe5\xeb\xf3\x1c;\xc0\xc6\xe2\xe3V\x85\xaf\
<^\xbf\x96\xe7\xa5q\xf8<\x17kE\x94\xd4\xcf=\
U\xb2\xeb\x0aM\xc7\xcb\x93\x04\x02\x8a\x80=\xcbm\x17\
\xfbu\x9dv\x09\xcb0\x0b\xe4\x9cD\x97|\x13\xb3]\
\x99m\xc4\x1e\x07A\xc2\x8a\x22\x8e\xe2@<d\xe96\
\xd9\xad\xe3\xf4\xeb\x9fY\xb6\xf9Zf_\xb79\x7f\x8b\
\xf9\x1e\xb4\x80\x9f\xc6\xe3\x87m\x96\x97\xd6!\xdc\x0a \
=\x7fRxl\x85/B\xfa\x14\xf2\xa8\x90\xb5\xeaU\
\xc9'\xb1\xacZ&\xa4b\x938\xcb\x7f\xc9Y\x18\x0b\
\xd5\xac\xeb\xd55\x87\x12\xec\xfb\xb4i#Z\x15e\xb6\
m\xeb\x8a\x85\x96\xc7D\xaeN\x14ZA\x96d\xf9\xf2\
>\x82\x11\x8f\xa2\x8fUQ&\xf6\x22.\x8fK\xf8q\
\xde\xb5\xc9\xa2\xa8\xe0\x02w\xd8+\xabP\x17-\xb0O\
\xf0|\xb6P\x8c\xd6\xab\xe5Ou\x08\x1c\x8am\x17z\
d~q\x86\xabU\xc4F3\x04\x8e\x0f]B\x90\xf3\
\xf1\xbb\xc6w'\xc6\xb7/\x0fK\xfc\xc8\x1b\x0fK\x09\
\xc4\x14\xd9^7\xec\xd3b\x88\x7fS*\x9fX2\xda\
\xaeV\x01\xc4 \x09\x0f\xc4,X\xb2g\xc7\xe24\x95\
\xca\x16\x97\xaf9\x17\xbe\xe3~bc\xfb\xfb>\x1cB\
\x88\xbbU\x06\x87\xe7\xb9\x03\xb0\xef\x12\x01RWz|\
\x9e\xbb\xc0s]\xd7q\xf0\xa94\x9a\xac\x1bM\xd6\xcd\
\x05l\x0e\x10\xeb\xef\xd5\x5c7\x13\xf8\x9c\xb3\xb4\x10\xbe\
a\xf3<\x17f\x93\xc7\x87\x0f\xc2\x9d#\x88\x1c\x87>\
B\xf1O<\xd9\x14\x11\xf2(z\xa0\x9eO1y$\
\xc0w\x5c\x02=\xe7a\xd4\xdb\x974.\x85{\xdb\x15\
<\xff]\xba\x88\x7f\xa5_\x0a\xde\x80\xfe\xb4\x90\xc6Q\
\xfdv2]i\xb7\xa1\xb4\xc4\xce\x82V\xac\xe0M\xbf\
[\xb6\xe6\xd5\xbe\x0aT\xa3\xea\xd3\x08VY\x1e\xf2\xbc\
\x15y\xd5g j\xb6\xbe\x8eMw\xc3M\x94\xbd\x9e\
\xe4pZ^\xbc\xb20\xdb?\xcf\xd1\xb9P:\x10\xd9\
+\xf5\xa9kC\xe7\x5c,w\xd0\x22\x18 \xe2R\xd7\
\x1bI\xc5\x80\x16\x82\x00#\x87:\xfeH\xba\xcbs\x01\
\xa1\x95\xb0#\x17\xcb\xaa~\xb4\xda^\xbcf\xfbu.\
\xe1)\xf3\x1d?o)%\xd6j\x95\x1d\xa6\xc5\xc2?\
\xeed`\xb4v\xf5\xeel\x0f\xfd^wq\xc8Ea\
\xc4\x92b\xd4\xb2H\xd9\xd6Z'\xd9\x8a%\x8a\x1a\xfb\
8\x15@Y\x8d\xef\xb7\xb1\xe7)j\xb4\x81\xc0\x87D\
Q\xe3\xd0y\xabs\xd1Q-\xda\xb0C\xbc\x89\xff\xe4\
\xa1t\x0d\x8d\x15\x0f\x80iU\xb4<\xca\xa0v8\xca\
\xb2\x81A\xca\x02Di\xe7\xec\xb2<\x16\xb1\xe2\xd0w\
\x9eu\xd1\xb1_$C\xa0\xe0;\x87J\xc7*\x0d\xf4\
\xcfe\xc7\xbe\xac5\x82\xb1\xeeW\xe5\x1b^\xb2\x90\x95\
\xac3\x84\xb6D\xcc\x0d\xb6+\x13\xdcc\xf9\xdb\xa7\x9f\
O\xae3\x08\x96\x7fd\xf9\xb7\xce%\xca\x0al\x95\xed\
\x04\xd2\xa7p\x22\x83T\xb0\x946\xce\xca\x97x#\xd4\
[\x12\x8d\xbf\x8bx/L\xf2$\x18T\x96`u\x9d\
\xd6\xdd\xe6\xbc&\x12\x93\xdc+\x0c6\xb1l\xb4\xf8\xbd\
\x8c\x93\xe4W9H\xcf\xc57\x9d\xc6e\xc2{~\x7f\
\xd1\xcc\xbe\xf5\xc8\xbd\xc5=-\xda\xd5WO\xeb\x0e\x95\
\x81Y\x9c6:a+.T\xf4\x9fR8\xb3\xc7\xf6\
\x91\xed\xb6\x9b,\xe4M\xf3\x16\xcd\xf5\xc8\xc1O\xf6\xd3\
\x1f\xd8\xea\x14\xa0\x1cyN\x08\x5c\x1f\xfa.\xc2\x95\xe7\
\xec\x9e(\xf0\x1cL\x5cH\x1e\x1d \xa2*\xb5\x1d\xfc\
\xd0\x05\xfb\x5cD\x94\xde\x06VJ\xe3 \xf9\xc1\xbdX\
\x97\x1f\x86\xc1\xfc(\xdd?\xaat\x8b\xf6\x8a\xcfj\xb5\
V7U\xb5\xb1\xd9)Q\x15\xa7\xc4\xb4\x5c\x82\xe98\
\xdeFb\x87\x97\xf7\x10\x06\x81\x88\xb4\xf2\xe1\x14i\xed\
\xfa1\xdf%\x82,\xbd\xf14\x0bC\x11\x8a\xf3\xec\x1b\
_6\x0e\xbcy\xac\x1d\x86\xa0,\xcd\xa3P\x1e\x9e'\
\xc2\x90\xcb\xa5\xd3\x96\x85Lx\xe1<g\xc7e*^\
\x22\xda\xd2\xd3P}\x06qm\x08\xa7\x8a\xaf\x00\xa5e\
\xab\xc1d,t\xcc\x04\x93\x00W2\x7fL\xae\x0d\xa6\
E\xd4pz\x1e\x81f\xc2i#p}$\xa1\x1aI\
\xc7q]C\x91\xf4\xeb\xe0|u8\xb1\x0a\xcd(B\
\x0c13\xd1D6\xa8\xcc\xdc\xb9\xbar\xfa7\x09\xa7\
x\x8d\xbb\xbe\xc3\xb4\xdc\x9b\xc4\x92\x022$\xe8W\xf3\
\x9b\x96\xd9\xb6\x0e\x7f\x10/\xb2\x1c\xa3\x99\x11\xfca\x8c\
\xe8\x12\xc54\x80\x13\xc1\x1f\xc1\x85\xd4\x01\xc7\x086\x04\
\x7f\x14\x0b\xb2<\xb5o\xa4\xd44\x1c5\xf2\x1f\x0b\xdd\
\x14\x90\x9a\x98\x8fE\x8dF\xf1\xcc\x17^?\x11t\xe9\
u\xdb\x80T\xd0\x18?}l\x87\x10\xa3\xe9\xce\x18J\
\x9d\x8c\x87\x1a\xcdx\xc6Xj\x22=\x9e\xd1\xa4g\x02\
F}\xbcG\x19\xae\x09\x94\x1f\xe3\xa0\xd4I}\xf0\xad\
a\xa9\x8b\xfd\x90[\x03Rg\xd2G\xfd\x8ah\x04\x9a\
S\xe1Z\x03\xa1\x84\x97\xd2>\x06PJ\x05\x8c\x1a\xb3\
h\xea\xd0c\x04\xb1T\x00\xaa5\x9f\xa6N\x99\x1b\xc1\
/\x15\x90\xea\xca\xac]b\xeb\x06\xd0L\x15\x9a\x1as\
lj\x93\x0f\x1dsC\x91\xd6l\x9b:\xba\x1b\x0d\xa9\
\xb6\xbc\x9b\xfax\x81\xd1xj%\xa0H\xfdM\x8f\x11\
\xa0N\x19\xb8\x0e\x0a\xaa|\xbf\x94\xb1\xddT\x14\xf51\
P\xef\x16\xe1\xd4\xc9?\xfd[\x04T\x13\xfb$7\x89\
\xa5\xc6<\xe7\x85/\xca\x855\x18\x0a\xa8N\xea\xe9^\
z;b\xccP@u\x11OelG\xcc\x8f\xde}\
vI\x85\xa6\xde\xbc\xa7:\x1f\xef3\x16\xf2\xf7\x9eF\
\x9ep\x96Z\x12\x9fJ\xcf)\x93 \xef?\x1b?\x0d\
\xa3\xce\xc4\xa7w\x8b\x80jN|\xba\xb7\x88\xa9\xb6\xcc\
\xa7s\x93h\xea\xcc|\xbaF\xd3O\x05\xa2z3\x9f\
\x9e\xd1\x04T\x05\xa9\xbe\xcc\xa7\xd9\x14T\x85\xa7\xe6\xcc\
'4\x9a\x83N\xa1\xa7\xf94\xa2:\x97\xbc\x0aB\xec\
Ff\x22\xaa\xf5P\xa2\x9a\xe1\x9b\x0c\xa9\xae\xb3\x89\xea\
\xb8d4\x9a\x1aSw\x86\x93'\x05\xa2ZO*^\
:\xcddB\xf6N\x01\xa9\xb6\x03\x8bj\x155#\x7f\
7\x04N\xcf\xf9:ud'\x84\xb1\xf7\xff\x9d\xc7\x08\
C\xad\x87\xeb.\x1c\xfb4\x13M\xcd\x09\xa6\x0bL\xde\
L<\xf5\x1d\xab\xbbpP\xdeP(\xb5\x9e\xa9\xbbt\
#\x8a\x09\xf4h\x04\xa7\xe6\x03u\x97\xff\xa6\xfa\xfds\
\xa31\x9e\x1aO\xd3\xa9\x95\xd3Pb\xa4\xfd(\xdd\x05\
\x9a\xf4\x7f\x94R\xda\xb2\xf2\xb5\xb7\x92\xeeV\xd24\x15\
+\xcar+\xd8\xe5o\xac\xdc\xe5||\xf1\xabl\x8b\
}\x8f\x0e\xde\xa4\xe5-\x83\xb3\xd6\x91\xfa\x8f\x04P\xea\
\xfb6\xa4\xb3`\x06\x1fm\x0aP\xf5\xc7,\xb6\xfa\xe1\
/.?\xb9\x04\x0a\x06\xc8\x81\xd0\xf5\xa0\xb3=\xb4\x12\
yu\xaaX\xd2r\xb5+\xcb~\xd9\xbf\xb38]V\
\xe0\xe9\xc5\x878\xfe9:>p\xea\x0b\x1c\x1fmR\
_a\x8c\x05:'\x04\xf0#T?\xfc\xc5\x17>\x97\
\xd1q\x09\x85\xd4\xb5\xd1\xd5\xd0\x19\xdb#\x06\x04:d\
x\xcf\xae\xb4GW\x84\x02\x88\x07fs\x9c\xba\xe6\xb2\
\x8e\xc3\x13\xc5\xa7[\x9f\xd1\xd8(\x07e\xad5\x22J\
U\x7f\x18\xd0\xb3\x0a\x19,\xaa\xa3\xad\x03\xa8\x10\xb0}\
\x17\xda\x88\xe0k\x98\xd9\xd3b\xdd\xfc\xc2\x93$\xde\x16\
\xa7k0\xfbs\xda\xe5\xc9\x87\xfb\xf1E\xbe\x0f\xdf\xef\
&\xa6\x17\x02\x91G\x1cH\xff\xa7\x85\xdc\x9d)\xb5\x80\
\x16\x0fn\x18\x16\x1a\xea`\x84\x897\xb8a\xd8v\x80\
\xbc\xd0\x16w\xba 5\xc1\xc6\xc0!B];VP\
\xf9\xf1\xa6\xb4\xbbEz\xa0\x5c\x03]w]\x84\xfe\x1b\
\xf6\xa9\xd8\xe1\x9a\x9b8\xd7\x02FNWx\xc3Ng\
\xdb\x0bl)\x80\xae\x8d\xddN\xd0\x85\x19\xc7\xf7\xa1G\
:5\x95W\xfd\x22\x1f \xd7'=\x12Z\x1f\xccA\
>A\xd0\x19B\x09l\xe1\xec\xb0K\x07Pb\xe0#\
\xd8#]\xbdKE\xf3\xacd%\xff`a\x0a|\xea\
\x13\x1f?\x9c\xee\x90\x15*\xfa$\xefp}\xb9\xfb\x0f\
\xe4F\xc2*\
\x00\x00\x0f\xa5\
<\
?xml version=\x221.\
0\x22 encoding=\x22UTF\
-8\x22 standalone=\x22\
no\x22?>\x0a<!-- Creat\
ed with Inkscape\
 (http://www.ink\
scape.org/) -->\x0a\
\x0a<svg\x0a   xmlns:d\
c=\x22http://purl.o\
rg/dc/elements/1\
.1/\x22\x0a   xmlns:cc\
=\x22http://creativ\
ecommons.org/ns#\
\x22\x0a   xmlns:rdf=\x22\
http://www.w3.or\
g/1999/02/22-rdf\
-syntax-ns#\x22\x0a   \
xmlns:svg=\x22http:\
//www.w3.org/200\
0/svg\x22\x0a   xmlns=\
\x22http://www.w3.o\
rg/2000/svg\x22\x0a   \
xmlns:sodipodi=\x22\
http://sodipodi.\
sourceforge.net/\
DTD/sodipodi-0.d\
td\x22\x0a   xmlns:ink\
scape=\x22http://ww\
w.inkscape.org/n\
amespaces/inksca\
pe\x22\x0a   width=\x2234\
.133335\x22\x0a   heig\
ht=\x2234.133335\x22\x0a \
  id=\x22svg2985\x22\x0a \
  version=\x221.1\x22\x0a\
   inkscape:vers\
ion=\x220.92.1 r153\
71\x22\x0a   sodipodi:\
docname=\x22semiaut\
omaticclassifica\
tionplugin_rgb_t\
ool.svg\x22\x0a   inks\
cape:export-xdpi\
=\x2267\x22\x0a   inkscap\
e:export-ydpi=\x226\
7\x22>\x0a  <defs\x0a    \
 id=\x22defs2987\x22 /\
>\x0a  <sodipodi:na\
medview\x0a     id=\
\x22base\x22\x0a     page\
color=\x22#ffffff\x22\x0a\
     bordercolor\
=\x22#666666\x22\x0a     \
borderopacity=\x221\
.0\x22\x0a     inkscap\
e:pageopacity=\x220\
.0\x22\x0a     inkscap\
e:pageshadow=\x222\x22\
\x0a     inkscape:z\
oom=\x225.598901\x22\x0a \
    inkscape:cx=\
\x22-11.510339\x22\x0a   \
  inkscape:cy=\x227\
.0553126\x22\x0a     i\
nkscape:current-\
layer=\x22layer1\x22\x0a \
    showgrid=\x22tr\
ue\x22\x0a     inkscap\
e:grid-bbox=\x22tru\
e\x22\x0a     inkscape\
:document-units=\
\x22px\x22\x0a     showgu\
ides=\x22true\x22\x0a    \
 inkscape:window\
-width=\x221366\x22\x0a  \
   inkscape:wind\
ow-height=\x22708\x22\x0a\
     inkscape:wi\
ndow-x=\x220\x22\x0a     \
inkscape:window-\
y=\x220\x22\x0a     inksc\
ape:window-maxim\
ized=\x221\x22\x0a     in\
kscape:guide-bbo\
x=\x22true\x22>\x0a    <i\
nkscape:grid\x0a   \
    type=\x22xygrid\
\x22\x0a       id=\x22gri\
d3765\x22\x0a       or\
iginx=\x220\x22\x0a      \
 originy=\x220\x22\x0a   \
    spacingx=\x221.\
0666667\x22\x0a       \
spacingy=\x221.0666\
667\x22 />\x0a    <sod\
ipodi:guide\x0a    \
   position=\x2232.\
000001,-2.133333\
4\x22\x0a       orient\
ation=\x220,1\x22\x0a    \
   id=\x22guide4493\
\x22\x0a       inkscap\
e:locked=\x22false\x22\
 />\x0a  </sodipodi\
:namedview>\x0a  <m\
etadata\x0a     id=\
\x22metadata2990\x22>\x0a\
    <rdf:RDF>\x0a  \
    <cc:Work\x0a   \
      rdf:about=\
\x22\x22>\x0a        <dc:\
format>image/svg\
+xml</dc:format>\
\x0a        <dc:typ\
e\x0a           rdf\
:resource=\x22http:\
//purl.org/dc/dc\
mitype/StillImag\
e\x22 />\x0a        <d\
c:title />\x0a     \
 </cc:Work>\x0a    \
</rdf:RDF>\x0a  </m\
etadata>\x0a  <g\x0a  \
   id=\x22layer1\x22\x0a \
    inkscape:lab\
el=\x22Layer 1\x22\x0a   \
  inkscape:group\
mode=\x22layer\x22>\x0a  \
  <rect\x0a       s\
tyle=\x22fill:#0055\
d4;fill-opacity:\
1;fill-rule:even\
odd;stroke:#0000\
00;stroke-width:\
2.18370509;strok\
e-miterlimit:4;s\
troke-dasharray:\
none;stroke-opac\
ity:1\x22\x0a       id\
=\x22rect2993\x22\x0a    \
   width=\x2221.316\
967\x22\x0a       heig\
ht=\x2217.882128\x22\x0a \
      x=\x2214.5715\
02\x22\x0a       y=\x2241\
.269142\x22\x0a       \
rx=\x222.5406871\x22\x0a \
      ry=\x222.7055\
781\x22\x0a       tran\
sform=\x22matrix(-0\
.03416168,-0.999\
41632,0.56535691\
,0.82484639,0,0)\
\x22\x0a       inkscap\
e:export-xdpi=\x226\
7\x22\x0a       inksca\
pe:export-ydpi=\x22\
67\x22 />\x0a    <rect\
\x0a       transfor\
m=\x22matrix(-0.034\
16168,-0.9994163\
2,0.64052195,0.7\
6793986,0,0)\x22\x0a  \
     ry=\x222.89171\
08\x22\x0a       rx=\x222\
.5406871\x22\x0a      \
 y=\x2218.721844\x22\x0a \
      x=\x22-5.1763\
577\x22\x0a       heig\
ht=\x2219.112341\x22\x0a \
      width=\x2221.\
316967\x22\x0a       i\
d=\x22rect3767\x22\x0a   \
    style=\x22fill:\
#00aa00;fill-opa\
city:1;fill-rule\
:evenodd;stroke:\
#000000;stroke-w\
idth:2.04204917;\
stroke-miterlimi\
t:4;stroke-dasha\
rray:none;stroke\
-opacity:1\x22 />\x0a \
   <rect\x0a       \
style=\x22fill:#ff0\
000;fill-opacity\
:1;fill-rule:eve\
nodd;stroke:#000\
000;stroke-width\
:1.94499779;stro\
ke-miterlimit:4;\
stroke-dasharray\
:none;stroke-opa\
city:1\x22\x0a       i\
d=\x22rect3769\x22\x0a   \
    width=\x2221.31\
6967\x22\x0a       hei\
ght=\x2220.491337\x22\x0a\
       x=\x22-19.84\
0559\x22\x0a       y=\x22\
-0.46121541\x22\x0a   \
    rx=\x222.540687\
1\x22\x0a       ry=\x223.\
1003535\x22\x0a       \
transform=\x22matri\
x(-0.03416168,-0\
.99941632,0.7014\
6526,0.71270365,\
0,0)\x22 />\x0a    <te\
xt\x0a       xml:sp\
ace=\x22preserve\x22\x0a \
      style=\x22fon\
t-style:normal;f\
ont-weight:norma\
l;font-size:12.8\
0000019px;line-h\
eight:0%;font-fa\
mily:sans-serif;\
-inkscape-font-s\
pecification:San\
s;letter-spacing\
:0px;word-spacin\
g:0px;fill:#0000\
00;fill-opacity:\
1;stroke:none;st\
roke-width:1.066\
66672\x22\x0a       x=\
\x220.21557021\x22\x0a   \
    y=\x2221.456526\
\x22\x0a       id=\x22tex\
t3761\x22><tspan\x0a  \
       sodipodi:\
role=\x22line\x22\x0a    \
     id=\x22tspan37\
63\x22\x0a         x=\x22\
0.21557021\x22\x0a    \
     y=\x2221.45652\
6\x22\x0a         styl\
e=\x22font-weight:b\
old;font-size:13\
.86666679px;line\
-height:1.25;fon\
t-family:sans-se\
rif;-inkscape-fo\
nt-specification\
:'Sans Bold';fil\
l:#ffffff;stroke\
-width:1.0666667\
2\x22>RGB</tspan></\
text>\x0a  </g>\x0a</s\
vg>\x0a\
\x00\x00\x09\x97\
\x00\
\x00\xa0\xffx\xda\xed\x9dmo\xe2:\x16\xc7\xdf\xf7S\
d\x997w\xb4M\xe2\xc78\xe6\xd2^iwt\xa5\
+\xed\xab\xdd\xbb\xda\x97\xa3\x90\x04\x1a\x0d$(\x09-\
\xdcO\xbfv \x10\xda:P0\xd2\xd4\x18\xcd\xa8\x8d\
\xed<\xfd}\x8e}rb~\x1d\xfd\xb6\x9a\xcf\x9c\xe7\
\xb4\xac\xb2\x22\x7f\x18@\x0f\x0c\x9c4\x8f\x8b$\xcb\xa7\
\x0f\x83\xff\xfe\xf9\xbb\x1b\x0e\x9c\xaa\x8e\xf2$\x9a\x15y\
\xfa0\xc8\x8b\xc1o\x8fw\xa3\xbf\xb9\xae\xf3\xcf2\x8d\
\xea4q^\xb2\xfa\xc9\xf9#\xffQ\xc5\xd1\x22u~\
y\xaa\xeb\xc5\xd0\xf7_^^\xbcl[\xe8\x15\xe5\xd4\
\xff\xea\xb8\xee\xe3\xdd\xdd\xa8z\x9e\xde9\x8e#\xce\x9b\
W\xc3$~\x18lwX,\xcbY\xd30\x89\xfdt\
\x96\xce\xd3\xbc\xae|\xe8A\x7f\xb0o\x1e\xef\x9b\xc7\xf2\
\xec\xd9s\x1a\x17\xf3y\x91W\xcd\x9ey\xf5\xa5\xd3\xb8\
L&\xbb\xd6\xf2j^p\xd3\x08r\xce}\x80|\x84\
\x5c\xd1\xc2\xad\xd6y\x1d\xad\xdc\xc3]\xc55\xbe\xb7+\
\x02\x00\xf8\xa2n\xdf\xf2\xb4V\xc3J\x08\xba\x10\xffw\
\xcd\xdb\x02\xaf*\x96e\x9cN\xc4~\xa9\x97\xa7\xb5\xff\
\xed\xcfo\xbbJ\x17xI\x9dt\x0e\xd3\xeayp\xd6\
\x03\x91\xf3h\x9eV\x8b(N+\xbf-o\xf6\x7f\xc9\
\x92\xfa\xe9a\x80\x89\x07\xb1\xf8\xd0\xa6\xf0)\xcd\xa6O\
\xf5\xeb\xd2,y\x18\x88\xabG<\xdclw\x8c\x03n\
\x1al\x0f<\xdc\xd5\x00\x8f#\x0f:%\xa4\x98m\xda\
\xb4\xb70L\x8aX^\x938d:\xcf\xa2e]\xcc\
E\xaf\xc5\xf1,\xaa\xaal\x92\xc5b\xa3\xc8\x17\xb3\xe5\
4\xcb\xbf\x8f\x85\x95}\x17\xdd9\xce\xf2\xa6\xf8{]\
\x143\xaf\x15rw\xd6t\xb5(\xca\xda]%\x0b!\
g\xc0\xde\xad\x5cw+\x9f\xb3\xf4\xe5\x1f\xc5J\x5c\xa6\
\x03\x1c\x8c\xc4\xbf\xc1\xa3(\x1f%\xe9\xa4\x92\xf5\x9b[\
\x96[\xe2\x9e\xd9\xc0\xf1\x9b\xda\xdd\x1d\xc8\xcbO\xe41\
\xf6m\xc7Q\xb5\x91\xd5q\x16\xd1T\x98\xe0\xac(\x1f\
\x06_&\xcdg[1.\xca$-\xdb\xaa\xa0\xf9\x1c\
T\x15\xa2\x9b\xb2z\xbdq\xba\xed\xb1\xdb\xdb\x90G\xdd\
\xd5\x83\xf7\xeb\xab\xa7()^\x1e\x06\xe8u\xe5_E\
1\x17\x9d\xeaq\xca\x01\x02\xfcuu,\x94p! \
\x1e\xc7\x88\xd37\xb5\xeb\xc6\x1e\xc4\x9e\xe1\x9b\x03\xc7\xcb\
\xb2\x14^\xe9\xce\xa2u*n\xaa\xf9\x01\xb7\x8d\xaa\xa7\
\xe2eZJq\xear\x99\xbe\xdeS\xd6\xb8\xe3\xb1\xec\
\x84\xf7\xaa\x85\x91,\xa5\xbf\xbb\xcb<\xab\x85O-V\
\xdd\xa3.\xb3$\xad\xde\xdf\xb1\xca\xa3\x85;\x9d\x15\xe3\
h\xf6~\x83\x97,\x17\x22\xb9[\xf3\x87x\xd7\x07\xaf\
[\xb4\xbe\xc0@\xa8h!\x0dHQ\xb5VW\xcd\xa3\
U6\xcf\xfeJ\x850\xb01;aZ\x07\xb2lv\
s\x9cz-\xfdz\xb5\x96e\x83\xb6P\xea)\x0b\x10\
\xe7lWX\x94\x99p\x97\xce\xe5\xb4E\xebn\x91\x1c\
\x05\xc4 \xbe\x92\xe7}U&m\xae5s\xff\xad\x9d\
7\xe5\xf3\xb4\x8e\x92\xa8\x8e\xf6F\xdf\x96\x88k\x01\xed\
\x9d\x88\x01t\xf8\xefo\xbf?nO0\x8a\xe3\xe1\xff\
\x8a\xf2G{>\xc7\x91\x0d\xa2q\xb1\x14\xca\x0e\x1ew\
\xc5\xa3$\x1e\x8a!O\x0c\x05\x8f\xd9\x5c\x98\xb2\x1c-\
\xff.\x86\xb8\x91\xbf\xaf8h,\xc5\xd9\x1fts\xd8\
2\xdd\x8c\x9d\xefN I<\xcf\xe4N\xfe\x7f\xeal\
6\xfbC\x9ed{\xc7\x9d\x83f\xf5,\xdd\x17\x8e\xfc\
\xed\xd5o\xef\xcd\xef\xdc\xdc\xc8o\xef\xbe\xd9\x9a\xeeU\
9p\x82]\xc7\xce\xa2q*,\xf2_\xb2\xd2\x81o\
\xbd\xa1X.\xe6E\x92nwo\xd5\x9c\x1et;\xc4\
0\xdc\xf5\x5c]Fy%\x95\x11\xfd\x10\xd5e\xb6\xfa\
\x05z\x84#\xe1\xa6\xe4\x1ex\x90\x129t\x85\xf7b\
\xc6\x08(G\x8cb.\x8a\x03\x16\x00*\xba\xeb\xde\xe5\
\xd4#A\x80!\xbbw\xb1\x17b\xcayH\xbe\xee:\
dT\xa6q\xdd\xe9\xb3fL\xc2\x9b\xcf\xa0S~`\
r\x8e#\x9a\xb9\x08v\x0aD=\xa5\x9d\xed\xd6\xa7H\
\xa7l\xeb\x89\xdd\x22y\xb7\xf2\x0ah\x88y\xa7\xb8\xaa\
\xd73\xa1\xd0D\xf4\xdf\xf0\x0b\x00q<\x99\xfc*7\
\xdc\xed\xc08\x84\x9b\xcdr9\x13\xe3\xfes\x9a\x17I\
\xf2kU\x97\xc5\x8ft\xb8\x1d\x8a\xb7\x9b\x1b\xf7\x1f\x82\
vS\x98FZ\xce\x84[\xd6C\xd2\x96%\x91\x18O\
\xcb2Z\x0fs\x11\xe7\xb4\xa5\xbbSu\x8cG\xa7Z\
\xfc2\xb5\x5c\xa8\xd6+\x8a\x12b\x9a^\x01\xbeT/\
7T+\x16\x04!0N1v\xb1b@\xad\x18!\
\x94\x9a\xa6\x18\x83\x97*\x86]\xa4\xb4\xb2\xc9\x04E(\
2N3z\xb1\x951\x97\xdf\x98f\xfc\xf2\xb1\xcc\xa5\
.\xbb-\xd5\xc2\xcbg\x00\xe0b\x17\x1b\xae\x1a\xd5\x1d\
g\xb8\xc4\xf0H\x83\xea\x8f4\xfa\xa23#b\x0d\xaa\
?\xd6P\x8fg\x86D\x1bT\x7f\xb4\x11\xb8\x81z8\
\xe3\xdc@\xd1t\x84\x1bH\xed\x9e\x86\xaa\xa6'\xe0\xe0\
.2[7\x88= ?\x9a3\x1b}O\x9e&\xe4\
6T\xb2i\xb0\xba\xd0\xec\xd8C\xa1\x9c\x96\x10\x84\x9b\
\x1d\x82\xa8\xa4\xd3\x11\x89\x04fG\x22\x0a\xe9\xb4\xa4?\
\xd4f\x176\xe74U;\x1dqI\xcf\xc3\xa9\xd9\xe2\
\xe9\x09Oz\x9e\xba\x8c\x96OSb\x84\xb9\x9c\x18\xae\
\x1f\xd3\x1c\xd7\x81\xbe\xdc\x88\x11\x91\x1d\xd3\x9fMR?\
D\x18\x12\xd3\xb1k\xe4\x93\x5cjx8\xc7\xae\x91Q\
\xea\x0b\x82\x8d\x88\xe4\xd85rJH\x9d\x8aK\x88\x89\
\x13\x81\xa6\xac\x12S?\xe8\x1b\xaa\x9b\xae\xbcR\xcfD\
j\xa6r\x9ab6\xd471\x98\xa1\x1c\xbdNJ\x0e\
`\xf5\xea\x069\x9f\x1a+\xdc\xe5.\x1b\xa8\x1fSM\
VNK\x1c\xc7\xd4\xb9%\xa3\xb5\xd3\x11\xcd\xf5<\xdf\
\x9b\xac\x9d\x96\xb4\x5c\xcf\xbbU\x8cCS\x95\xd3\x11\xd6\
\xd1\xbe'\x88(2T9=\x81\x9dr\x9e@\x11\x9b\
|\xfe\xec\x08\xbdj:N\x9d\x0bfQ\x94\xa4\x9f]\
<~\xa5\xb8N\xb8\xac2\xb0\x93\x8f\xfc\x9f\x7f\x9a\xe0\
\xd7\x0a\xecH\xdfz\x12\x93\xb5\xd3\x95\xa2\x13#\x1e\xba\
I\xfd\xf4$\xeb\xc8-j\xa7'eG\xcd\x8e\xef\xf8\
\xf5\xe2;\xd4\xff\xb6\xff\xf3Gx\xfc\x9a\x11\x1e7=\
\xc6\xe3\xd7\x8c\xf1\x90:T1\x22\xc8C\x1eo>\xf8\
\x0a\x0b\xc3\xfa\xbe\x9e4\x8e\x13L'f\x8a\xa7gm\
\x98LD\xc1\x9b\x94O\xcb\xfa\xb0\xbe\x19\xd7d\xf5\xf4\
,\x113;XQI\xa7g\x85\x181:XQi\
\xa7k\x81\x185;X\x81\x9b`\x05\x84\xfa\xd79\xf5\
\xbdh\x0c\xc3(2\xe0\x15\xadB<-K\x9e\xfa\x9e\
n\x8d\x96OWj\xa5\xef\xfbaf\x0b\xa8i!\x94\
\x98;\x82\xdb\xf4`]\x8b\xa2\x80\xd99\x16\x95z\xba\
\xd6F1\xb3\xd3,*\xf9\xf4-\x91\x027\x19\xbch\
\x5c)\x05\x7f\xfad\xcb\xc8\x9f*\x81P\x9d\x00\xe2=\
$\x14\xe6\x88\xf1\x80K\x0e\x14\x0aBL(f\x0d\x13\
\x0aR\x10\x84\x92\xfe\x04=\xc8(#H\xfc\x1a\x06\x1e\
a\x08\x86\xe1=\x0e=Q\x8f\x03\xf6S\x22\xa1\xd4\xc9\
E\x0b\x85R\xd8:\xb6X\xa8\x0f\x0f\xaf\xd8\x82\xa1>\
\xbe\x18\xcb\xa2\xa1>\x8e\x86\xea\xa35X8\x94\x0a\x0e\
\xa5\x0e|,\x1e\xaa\x0f\x0f\xa5\xce8X@T\x1f \
\xca\x0d-\x22\xea\xc3\x19\xae\xd0B\xa2\xceHk\x85\x16\
\x13uN.\xcb\x92\xa2\xce!E\xf5\x01\x03-+J\
\xcd\x8a\xba9\xc6\x966ZT_\x04byQ=\xbc\
(\xd3\x13\x1f\xd7$F\xf5\xe5\xe9-3\xea\xd8\xba \
l\xa9Q\xe7\xaf\x0a\x02\x96\x1bu>7\xca\x92\xa3.\
\x22G\xa9\xb1*\x96\x1du\x12;\xaag}\x8b\xa5G\
\x9dD\x8fr-?\xea\xe3\xeb\xaa\x80%H\x9d\xb1\x9c\
\x8aZ\x86\xd4Y\xab\xa8\xb8\xa5H\x9d\xb5x\x8aX\x8e\
\xd4Y\x1c)u\xee\xc4\x92\xa4\xfaIRjW\xb5,\
\xa9c,)u,liR\xc7hR\xa6kwE\
\x9e\x94z\x96\xb0D\xa9cD)\xf5\xcb\x09\xcb\x94:\
\xce\x94\xbaQ\xf54Q\xa5\xd4O\x13\x96+u\x8c+\
\xd5\x17\x19[\xb2T?Y\xaa\x7f\x11\x9deK\xf5\xb3\
\xa5\xd4\xcb\xb9-]\xea\x04\xbaTO\xbe\xd8\xf2\xa5\x8e\
\xf0\xa5\xd4\x8ek\x09S\xc7\x09S\xea'[\xcb\x98:\
\x8d1\xa5~Kk)S\xc7)S\xb7\xc98\xd3\xc4\
\x99\xea\x8bY,i\xea\x18i\xaa\x7f\x85\x80eM\x1d\
cM\xa9\x83\x16K\x9b:\x856\xf5\x09\xbe\x02\xf93\
\xf3\xa6,q\xeaB\xe2\xd4mR\x93\xf41\xa7\x5ch\
\xa9SgS\xa7\xfa\xfe(\xb7\xe5N\x1d\xe3N\x19\x1e\
\xba\x5c\x9d<\xa5\x0e\x9c-{\xea\x04\xf6\x94\xa5O]\
H\x9f\xeaA\x8dZ\xfe\xd4i\xfc)u\xe2\xc0\x12\xa8\
N%P\xdd(\x06M\x1b\x83\xaa\x8fVm)T'\
P\xa8\xfa\xfe\xfc\xa8\xe5P\x9d\xc4\xa1\xbaQ\x8c\xa6N\
\x12\x95:\x1a\xfc\x09YT]%_y\x0c\xa5\x97.\
\xb6\x86\x1e\x22\x10!\xc0\xe0%\x17}\xf7Jo\xd4\x8d\
\xe4\xb7\xfd\x02\x91\x87\x02\x82\xf0~\x04m;\x11\x02\x0f\
\x10\x18\xee+\xe4\xacG=\xc0CJ\xf6~#L\x83\
B/\x04\x8cv\x9cI\xda\x0f\xf4H\x00\x19\x0a:\xa5\
\x8d\xb5Q\xc81\x01\xb8\x0f\xdbu\x0f$\xa4+\x0c\x08\
\x0eH\xc8\xee\x81G\x01\x0a\x03\x0a\xc5\xaf\xf7\xe0\xeb\xfe\
\xb6\xf2\x1fU\x1c-\x84\xa2\xabEQ\xd6\xee*Yd\
\x07\x13\xf3\xeb\x06\xeb\xb6\xc1\xae7\xbb\x9d\xa8\xbe\x10H\
8\xa3\x9c\xc8\x0ba\x9cp\x12\x1e^\xc7\xe6\xbe\x02\x08\
\x09$\xc74\x10Mq\xe8!\xf9L\x05\xbb\xc2\x0a\x0d\
\x03\xc4!D\xefuC@EG\x9c\xd0sm?c\
\xd6\x11\xe1\xcd\x17\x01.\x0d'\xa0\x07i\x80\x08%L\
\x8bC)\xfdh2\xb9|e\xa5\x18\xb48\xc3\x01'\
X\xa7\x1f\x09}\xf9\x07\xfcH\x8e\xb0, \x07\xfdM\
\x84i\x844\xe8\xf8\x81|\xdcf\x1eE\x90\xd1\xd3\x1c\
\x89A\x8a9\xe2\xc7\x1d\x89\x05\x94\xca\xf3\x0b\xfb\x15.\
\x85\x89\xb0\xe6\x8d\x01o\xfa\xa0\x19\xd2F~\xf5,~\
\xfc\x1f\x989\xa9z\
\x00\x00\x0a+\
<\
?xml version=\x221.\
0\x22 encoding=\x22UTF\
-8\x22 standalone=\x22\
no\x22?>\x0a<svg\x0a   xm\
lns:dc=\x22http://p\
url.org/dc/eleme\
nts/1.1/\x22\x0a   xml\
ns:cc=\x22http://cr\
eativecommons.or\
g/ns#\x22\x0a   xmlns:\
rdf=\x22http://www.\
w3.org/1999/02/2\
2-rdf-syntax-ns#\
\x22\x0a   xmlns:svg=\x22\
http://www.w3.or\
g/2000/svg\x22\x0a   x\
mlns=\x22http://www\
.w3.org/2000/svg\
\x22\x0a   xmlns:sodip\
odi=\x22http://sodi\
podi.sourceforge\
.net/DTD/sodipod\
i-0.dtd\x22\x0a   xmln\
s:inkscape=\x22http\
://www.inkscape.\
org/namespaces/i\
nkscape\x22\x0a   widt\
h=\x2234.133335\x22\x0a  \
 height=\x2234.1333\
35\x22\x0a   id=\x22svg29\
85\x22\x0a   version=\x22\
1.1\x22\x0a   inkscape\
:version=\x221.0.2 \
(e86c870879, 202\
1-01-15)\x22\x0a   sod\
ipodi:docname=\x22s\
emiautomaticclas\
sificationplugin\
_remove.svg\x22\x0a   \
inkscape:export-\
xdpi=\x2267\x22\x0a   ink\
scape:export-ydp\
i=\x2267\x22>\x0a  <defs\x0a\
     id=\x22defs298\
7\x22 />\x0a  <sodipod\
i:namedview\x0a    \
 id=\x22base\x22\x0a     \
pagecolor=\x22#ffff\
ff\x22\x0a     borderc\
olor=\x22#666666\x22\x0a \
    borderopacit\
y=\x221.0\x22\x0a     ink\
scape:pageopacit\
y=\x220.0\x22\x0a     ink\
scape:pageshadow\
=\x222\x22\x0a     inksca\
pe:zoom=\x2211.1978\
02\x22\x0a     inkscap\
e:cx=\x228.4262872\x22\
\x0a     inkscape:c\
y=\x2235.24385\x22\x0a   \
  inkscape:curre\
nt-layer=\x22layer1\
\x22\x0a     showgrid=\
\x22true\x22\x0a     inks\
cape:grid-bbox=\x22\
true\x22\x0a     inksc\
ape:document-uni\
ts=\x22px\x22\x0a     sho\
wguides=\x22true\x22\x0a \
    inkscape:win\
dow-width=\x221366\x22\
\x0a     inkscape:w\
indow-height=\x2270\
6\x22\x0a     inkscape\
:window-x=\x220\x22\x0a  \
   inkscape:wind\
ow-y=\x220\x22\x0a     in\
kscape:window-ma\
ximized=\x221\x22\x0a    \
 inkscape:snap-g\
lobal=\x22true\x22\x0a   \
  inkscape:docum\
ent-rotation=\x220\x22\
>\x0a    <inkscape:\
grid\x0a       type\
=\x22xygrid\x22\x0a      \
 id=\x22grid3765\x22\x0a \
      originx=\x220\
\x22\x0a       originy\
=\x220\x22\x0a       spac\
ingx=\x221.0666667\x22\
\x0a       spacingy\
=\x221.0666667\x22 />\x0a\
  </sodipodi:nam\
edview>\x0a  <metad\
ata\x0a     id=\x22met\
adata2990\x22>\x0a    \
<rdf:RDF>\x0a      \
<cc:Work\x0a       \
  rdf:about=\x22\x22>\x0a\
        <dc:form\
at>image/svg+xml\
</dc:format>\x0a   \
     <dc:type\x0a  \
         rdf:res\
ource=\x22http://pu\
rl.org/dc/dcmity\
pe/StillImage\x22 /\
>\x0a        <dc:ti\
tle />\x0a      </c\
c:Work>\x0a    </rd\
f:RDF>\x0a  </metad\
ata>\x0a  <g\x0a     i\
d=\x22layer1\x22\x0a     \
inkscape:label=\x22\
Layer 1\x22\x0a     in\
kscape:groupmode\
=\x22layer\x22>\x0a    <r\
ect\x0a       style\
=\x22fill:#49646b;f\
ill-opacity:1;fi\
ll-rule:evenodd;\
stroke:#e6e6e6;s\
troke-width:2.40\
00001;stroke-lin\
ecap:square;stro\
ke-linejoin:mite\
r;stroke-miterli\
mit:4;stroke-das\
harray:none;stro\
ke-dashoffset:0;\
stroke-opacity:1\
\x22\x0a       id=\x22rec\
t3010\x22\x0a       wi\
dth=\x2232\x22\x0a       \
height=\x2232\x22\x0a    \
   x=\x221.0666667\x22\
\x0a       y=\x221.066\
6667\x22\x0a       ry=\
\x226.0952382\x22 />\x0a \
   <path\x0a       \
style=\x22fill:#ece\
cec;stroke:#e7e7\
ff;stroke-width:\
5.19129896;strok\
e-linecap:butt;s\
troke-linejoin:m\
iter;stroke-mite\
rlimit:4;stroke-\
dasharray:none;s\
troke-opacity:1;\
fill-opacity:1\x22\x0a\
       d=\x22M 5.86\
66667,16.861211 \
H 28.266667\x22\x0a   \
    id=\x22path3782\
\x22\x0a       inkscap\
e:connector-curv\
ature=\x220\x22\x0a      \
 sodipodi:nodety\
pes=\x22cc\x22 />\x0a  </\
g>\x0a</svg>\x0a\
\x00\x00\x0b\xb0\
<\
?xml version=\x221.\
0\x22 encoding=\x22UTF\
-8\x22 standalone=\x22\
no\x22?>\x0a<!-- Creat\
ed with Inkscape\
 (http://www.ink\
scape.org/) -->\x0a\
\x0a<svg\x0a   xmlns:d\
c=\x22http://purl.o\
rg/dc/elements/1\
.1/\x22\x0a   xmlns:cc\
=\x22http://creativ\
ecommons.org/ns#\
\x22\x0a   xmlns:rdf=\x22\
http://www.w3.or\
g/1999/02/22-rdf\
-syntax-ns#\x22\x0a   \
xmlns:svg=\x22http:\
//www.w3.org/200\
0/svg\x22\x0a   xmlns=\
\x22http://www.w3.o\
rg/2000/svg\x22\x0a   \
xmlns:sodipodi=\x22\
http://sodipodi.\
sourceforge.net/\
DTD/sodipodi-0.d\
td\x22\x0a   xmlns:ink\
scape=\x22http://ww\
w.inkscape.org/n\
amespaces/inksca\
pe\x22\x0a   width=\x2234\
.133335\x22\x0a   heig\
ht=\x2234.133335\x22\x0a \
  id=\x22svg2985\x22\x0a \
  version=\x221.1\x22\x0a\
   inkscape:vers\
ion=\x220.92.1 r153\
71\x22\x0a   sodipodi:\
docname=\x22semiaut\
omaticclassifica\
tionplugin_docks\
.svg\x22\x0a   inkscap\
e:export-xdpi=\x226\
7\x22\x0a   inkscape:e\
xport-ydpi=\x2267\x22>\
\x0a  <defs\x0a     id\
=\x22defs2987\x22 />\x0a \
 <sodipodi:named\
view\x0a     id=\x22ba\
se\x22\x0a     pagecol\
or=\x22#ffffff\x22\x0a   \
  bordercolor=\x22#\
666666\x22\x0a     bor\
deropacity=\x221.0\x22\
\x0a     inkscape:p\
ageopacity=\x220.0\x22\
\x0a     inkscape:p\
ageshadow=\x222\x22\x0a  \
   inkscape:zoom\
=\x225.598901\x22\x0a    \
 inkscape:cx=\x22-2\
1.736632\x22\x0a     i\
nkscape:cy=\x2224.2\
56513\x22\x0a     inks\
cape:current-lay\
er=\x22layer1\x22\x0a    \
 showgrid=\x22true\x22\
\x0a     inkscape:g\
rid-bbox=\x22true\x22\x0a\
     inkscape:do\
cument-units=\x22px\
\x22\x0a     showguide\
s=\x22true\x22\x0a     in\
kscape:window-wi\
dth=\x221366\x22\x0a     \
inkscape:window-\
height=\x22708\x22\x0a   \
  inkscape:windo\
w-x=\x220\x22\x0a     ink\
scape:window-y=\x22\
0\x22\x0a     inkscape\
:window-maximize\
d=\x221\x22\x0a     inksc\
ape:snap-global=\
\x22true\x22>\x0a    <ink\
scape:grid\x0a     \
  type=\x22xygrid\x22\x0a\
       id=\x22grid3\
765\x22\x0a       orig\
inx=\x220\x22\x0a       o\
riginy=\x220\x22\x0a     \
  spacingx=\x221.06\
66667\x22\x0a       sp\
acingy=\x221.066666\
7\x22 />\x0a  </sodipo\
di:namedview>\x0a  \
<metadata\x0a     i\
d=\x22metadata2990\x22\
>\x0a    <rdf:RDF>\x0a\
      <cc:Work\x0a \
        rdf:abou\
t=\x22\x22>\x0a        <d\
c:format>image/s\
vg+xml</dc:forma\
t>\x0a        <dc:t\
ype\x0a           r\
df:resource=\x22htt\
p://purl.org/dc/\
dcmitype/StillIm\
age\x22 />\x0a        \
<dc:title></dc:t\
itle>\x0a      </cc\
:Work>\x0a    </rdf\
:RDF>\x0a  </metada\
ta>\x0a  <g\x0a     id\
=\x22layer1\x22\x0a     i\
nkscape:label=\x22L\
ayer 1\x22\x0a     ink\
scape:groupmode=\
\x22layer\x22>\x0a    <re\
ct\x0a       style=\
\x22opacity:1;fill:\
#bfadad;fill-opa\
city:1;stroke:#f\
bfbfb;stroke-wid\
th:2.4000001;str\
oke-miterlimit:4\
;stroke-dasharra\
y:none;stroke-op\
acity:1\x22\x0a       \
id=\x22rect4502\x22\x0a  \
     width=\x2216\x22\x0a\
       height=\x223\
2\x22\x0a       x=\x22-2\x22\
\x0a       y=\x222.133\
3342\x22 />\x0a    <re\
ct\x0a       style=\
\x22opacity:1;fill:\
#666666;fill-opa\
city:1;stroke:#f\
bfbfb;stroke-wid\
th:0.5;stroke-mi\
terlimit:4;strok\
e-dasharray:none\
;stroke-opacity:\
1\x22\x0a       id=\x22re\
ct4519\x22\x0a       w\
idth=\x225.3333335\x22\
\x0a       height=\x22\
5.3333335\x22\x0a     \
  x=\x223.3333335\x22\x0a\
       y=\x2212.800\
001\x22 />\x0a    <rec\
t\x0a       style=\x22\
opacity:1;fill:#\
bfadad;fill-opac\
ity:1;stroke:#fb\
fbfb;stroke-widt\
h:2.4000001;stro\
ke-miterlimit:4;\
stroke-dasharray\
:none;stroke-opa\
city:1\x22\x0a       i\
d=\x22rect4502-7\x22\x0a \
      width=\x2216\x22\
\x0a       height=\x22\
32\x22\x0a       x=\x2219\
.333334\x22\x0a       \
y=\x222.1333365\x22 />\
\x0a    <rect\x0a     \
  style=\x22opacity\
:1;fill:#666666;\
fill-opacity:1;s\
troke:#fbfbfb;st\
roke-width:0.5;s\
troke-miterlimit\
:4;stroke-dashar\
ray:none;stroke-\
opacity:1\x22\x0a     \
  id=\x22rect4519-1\
\x22\x0a       width=\x22\
5.3333335\x22\x0a     \
  height=\x225.3333\
335\x22\x0a       x=\x223\
.333333\x22\x0a       \
y=\x2223.466667\x22 />\
\x0a  </g>\x0a</svg>\x0a\
\x00\x00\x16p\
<\
?xml version=\x221.\
0\x22 encoding=\x22UTF\
-8\x22 standalone=\x22\
no\x22?>\x0a<!-- Creat\
ed with Inkscape\
 (http://www.ink\
scape.org/) -->\x0a\
\x0a<svg\x0a   xmlns:d\
c=\x22http://purl.o\
rg/dc/elements/1\
.1/\x22\x0a   xmlns:cc\
=\x22http://creativ\
ecommons.org/ns#\
\x22\x0a   xmlns:rdf=\x22\
http://www.w3.or\
g/1999/02/22-rdf\
-syntax-ns#\x22\x0a   \
xmlns:svg=\x22http:\
//www.w3.org/200\
0/svg\x22\x0a   xmlns=\
\x22http://www.w3.o\
rg/2000/svg\x22\x0a   \
xmlns:sodipodi=\x22\
http://sodipodi.\
sourceforge.net/\
DTD/sodipodi-0.d\
td\x22\x0a   xmlns:ink\
scape=\x22http://ww\
w.inkscape.org/n\
amespaces/inksca\
pe\x22\x0a   width=\x2234\
.133335\x22\x0a   heig\
ht=\x2234.133335\x22\x0a \
  id=\x22svg2985\x22\x0a \
  version=\x221.1\x22\x0a\
   inkscape:vers\
ion=\x220.92.1 r153\
71\x22\x0a   sodipodi:\
docname=\x22semiaut\
omaticclassifica\
tionplugin_bands\
et_std_dev_stret\
ch_tool.svg\x22\x0a   \
inkscape:export-\
xdpi=\x2267\x22\x0a   ink\
scape:export-ydp\
i=\x2267\x22>\x0a  <defs\x0a\
     id=\x22defs298\
7\x22 />\x0a  <sodipod\
i:namedview\x0a    \
 id=\x22base\x22\x0a     \
pagecolor=\x22#ffff\
ff\x22\x0a     borderc\
olor=\x22#666666\x22\x0a \
    borderopacit\
y=\x221.0\x22\x0a     ink\
scape:pageopacit\
y=\x220.0\x22\x0a     ink\
scape:pageshadow\
=\x222\x22\x0a     inksca\
pe:zoom=\x2211.1978\
02\x22\x0a     inkscap\
e:cx=\x22-17.628084\
\x22\x0a     inkscape:\
cy=\x2217.997156\x22\x0a \
    inkscape:cur\
rent-layer=\x22laye\
r1\x22\x0a     showgri\
d=\x22true\x22\x0a     in\
kscape:grid-bbox\
=\x22true\x22\x0a     ink\
scape:document-u\
nits=\x22px\x22\x0a     s\
howguides=\x22false\
\x22\x0a     inkscape:\
window-width=\x2213\
66\x22\x0a     inkscap\
e:window-height=\
\x22708\x22\x0a     inksc\
ape:window-x=\x220\x22\
\x0a     inkscape:w\
indow-y=\x220\x22\x0a    \
 inkscape:window\
-maximized=\x221\x22>\x0a\
    <inkscape:gr\
id\x0a       type=\x22\
xygrid\x22\x0a       i\
d=\x22grid3765\x22\x0a   \
    originx=\x220\x22\x0a\
       originy=\x22\
0\x22\x0a       spacin\
gx=\x221.0666667\x22\x0a \
      spacingy=\x22\
1.0666667\x22 />\x0a  \
</sodipodi:named\
view>\x0a  <metadat\
a\x0a     id=\x22metad\
ata2990\x22>\x0a    <r\
df:RDF>\x0a      <c\
c:Work\x0a         \
rdf:about=\x22\x22>\x0a  \
      <dc:format\
>image/svg+xml</\
dc:format>\x0a     \
   <dc:type\x0a    \
       rdf:resou\
rce=\x22http://purl\
.org/dc/dcmitype\
/StillImage\x22 />\x0a\
        <dc:titl\
e />\x0a      </cc:\
Work>\x0a    </rdf:\
RDF>\x0a  </metadat\
a>\x0a  <g\x0a     id=\
\x22layer1\x22\x0a     in\
kscape:label=\x22La\
yer 1\x22\x0a     inks\
cape:groupmode=\x22\
layer\x22>\x0a    <rec\
t\x0a       style=\x22\
fill:#91bdff;fil\
l-opacity:1;fill\
-rule:evenodd;st\
roke:#ffffff;str\
oke-width:2.1837\
0509;stroke-mite\
rlimit:4;stroke-\
dasharray:none;s\
troke-opacity:1\x22\
\x0a       id=\x22rect\
2993\x22\x0a       wid\
th=\x2221.316967\x22\x0a \
      height=\x2217\
.882128\x22\x0a       \
x=\x2252.212822\x22\x0a  \
     y=\x2245.45114\
9\x22\x0a       rx=\x222.\
5406871\x22\x0a       \
ry=\x222.7055781\x22\x0a \
      transform=\
\x22matrix(1,0,-0.8\
4367848,0.536848\
79,0,0)\x22\x0a       \
inkscape:export-\
xdpi=\x2267\x22\x0a      \
 inkscape:export\
-ydpi=\x2267\x22 />\x0a  \
  <rect\x0a       t\
ransform=\x22matrix\
(1,0,-0.78937293\
,0.61391398,0,0)\
\x22\x0a       ry=\x222.8\
917108\x22\x0a       r\
x=\x222.5406871\x22\x0a  \
     y=\x2227.79976\
8\x22\x0a       x=\x2235.\
980846\x22\x0a       h\
eight=\x2219.112341\
\x22\x0a       width=\x22\
21.316967\x22\x0a     \
  id=\x22rect3767\x22\x0a\
       style=\x22fi\
ll:#8fff8f;fill-\
opacity:1;fill-r\
ule:evenodd;stro\
ke:#ffffff;strok\
e-width:2.042049\
17;stroke-miterl\
imit:4;stroke-da\
sharray:none;str\
oke-opacity:1\x22 /\
>\x0a    <rect\x0a    \
   style=\x22fill:#\
ffa3a3;fill-opac\
ity:1;fill-rule:\
evenodd;stroke:#\
ffffff;stroke-wi\
dth:1.94499779;s\
troke-miterlimit\
:4;stroke-dashar\
ray:none;stroke-\
opacity:1\x22\x0a     \
  id=\x22rect3769\x22\x0a\
       width=\x2221\
.316967\x22\x0a       \
height=\x2220.49133\
7\x22\x0a       x=\x2223.\
320629\x22\x0a       y\
=\x2212.610057\x22\x0a   \
    rx=\x222.540687\
1\x22\x0a       ry=\x223.\
1003535\x22\x0a       \
transform=\x22matri\
x(1,0,-0.7362508\
9,0.67670868,0,0\
)\x22 />\x0a    <rect\x0a\
       transform\
=\x22matrix(1,0,-0.\
71071152,0.70348\
358,0,0)\x22\x0a      \
 ry=\x223.2117646\x22\x0a\
       rx=\x222.540\
6871\x22\x0a       y=\x22\
-4.0401384e-15\x22\x0a\
       x=\x2213.866\
667\x22\x0a       heig\
ht=\x2221.227692\x22\x0a \
      width=\x2221.\
316967\x22\x0a       i\
d=\x22rect3771\x22\x0a   \
    style=\x22fill:\
#e6e6e6;fill-opa\
city:1;fill-rule\
:evenodd;stroke:\
#ffffff;stroke-w\
idth:1.90762496;\
stroke-miterlimi\
t:4;stroke-dasha\
rray:none;stroke\
-opacity:1\x22\x0a    \
   inkscape:expo\
rt-xdpi=\x2267\x22\x0a   \
    inkscape:exp\
ort-ydpi=\x2267\x22 />\
\x0a    <path\x0a     \
  style=\x22color:#\
000000;font-styl\
e:normal;font-va\
riant:normal;fon\
t-weight:normal;\
font-stretch:nor\
mal;font-size:me\
dium;line-height\
:normal;font-fam\
ily:Sans;-inksca\
pe-font-specific\
ation:Sans;text-\
indent:0;text-al\
ign:start;text-d\
ecoration:none;t\
ext-decoration-l\
ine:none;letter-\
spacing:normal;w\
ord-spacing:norm\
al;text-transfor\
m:none;writing-m\
ode:lr-tb;direct\
ion:ltr;baseline\
-shift:baseline;\
text-anchor:star\
t;display:inline\
;overflow:visibl\
e;visibility:vis\
ible;fill:#80000\
0;fill-opacity:1\
;stroke:#ffffff;\
stroke-width:1.0\
6666672px;stroke\
-opacity:1;marke\
r:none;enable-ba\
ckground:accumul\
ate\x22\x0a       d=\x22m\
 16,1.0666667 c \
-4.074204,0.0014\
 -8.3715555,3.99\
28236 -9.6,6.4 C\
 5.1715555,9.873\
843 3.084283,18.\
911564 1.0666667\
,25.6 0.05785867\
,28.944218 -1.80\
8808,30.277551 -\
2.356606,30.7748\
3 -2.9044041,31.\
272109 -3.2,30.9\
33333 -3.2,30.93\
3333 c 0.7068757\
,0.158629 0.4404\
813,1.015372 0.1\
305651,1.804087 \
-0.3099162,0.788\
713 -0.6633541,1\
.509399 -0.13056\
51,1.395913 0,0 \
0.2604556,1.5320\
41 2.1333333,0 1\
.87287776,-1.532\
04 5.3581776,-3.\
994827 6.4,-8.53\
3333 C 7.4169781\
,16.522988 9.576\
784,5.2829051 16\
.175549,5.324285\
 22.4,6.4 21.333\
333,9.6 26.66666\
7,23.466667 c 2.\
417384,6.2852 6.\
4,9.6 10.666666,\
10.666666 6.4,1.\
066667 5.333334,\
0 5.333334,0 C 4\
4.8,32 43.733333\
,35.2 42.666667,\
30.933333 41.924\
503,31.180721 35\
.058347,32.32625\
2 32,25.6 28.941\
653,18.873748 27\
.480595,11.30965\
3 25.6,7.4666667\
 23.719405,3.623\
68 21.759187,1.1\
144355 16,1.0666\
667 Z\x22\x0a       id\
=\x22path2997\x22\x0a    \
   inkscape:conn\
ector-curvature=\
\x220\x22\x0a       sodip\
odi:nodetypes=\x22c\
zsscscsscscccszc\
\x22 />\x0a    <text\x0a \
      xml:space=\
\x22preserve\x22\x0a     \
  style=\x22font-st\
yle:normal;font-\
weight:bold;font\
-size:12.8000001\
9px;line-height:\
0%;font-family:s\
ans-serif;-inksc\
ape-font-specifi\
cation:'Sans Bol\
d';letter-spacin\
g:0px;word-spaci\
ng:0px;fill:#000\
000;fill-opacity\
:1;stroke:#fffff\
f;stroke-width:1\
.06666672;stroke\
-opacity:1\x22\x0a    \
   x=\x226.4000001\x22\
\x0a       y=\x2230.93\
3332\x22\x0a       id=\
\x22text3795\x22><tspa\
n\x0a         sodip\
odi:role=\x22line\x22\x0a\
         id=\x22tsp\
an3797\x22\x0a        \
 x=\x226.4000001\x22\x0a \
        y=\x2230.93\
3332\x22\x0a         s\
tyle=\x22font-size:\
25.60000038px;li\
ne-height:1.25;f\
ont-family:sans-\
serif;stroke-wid\
th:1.06666672\x22>\xcf\
\x83</tspan></text>\
\x0a  </g>\x0a</svg>\x0a\
\x00\x00\x08\xa3\
\x00\
\x00\x1e\xc0x\xda\xedY[\x8f\xdb\xd6\x11~\xdf_\xc1\
\xca/\x09JR\xe7~\x91\xb5\x1b\xa01\x02\x04H_\
\xda\x04y\x0c(\xf2h\x975E\x0a$\xb5\x92\xfc\xeb\
\xf3\x1dR\xa4\xa4\x95d\xbb\xf0\x1an\xd1J\xb1-\xce\
\xcc\xb9\xccw\xbe\x993\xc3\xcc\x7f\xd8\xad\x8a\xe0\xd9\xd5\
M^\x95\xf7\x13\x1a\x93I\xe0\xca\xb4\xca\xf2\xf2\xf1~\
\xf2\xdb\xaf?Ef\x124mRfIQ\x95\xee~\
RV\x93\x1f\x1e\xee\xe6\x7f\x89\xa2\xe0\xc7\xda%\xad\xcb\
\x82m\xde>\x05?\x97\xef\x9b4Y\xbb\xe0\xbb\xa7\xb6\
]\xcf\xa6\xd3\xedv\x1b\xe7\x07a\x5c\xd5\x8f\xd3\xef\x83\
(z\xb8\xbb\x9b7\xcf\x8fwA\x10`\xdd\xb2\x99e\
\xe9\xfd\xe40`\xbd\xa9\x8b\xce0K\xa7\xaep+W\
\xb6\xcd\x94\xc6t:9\x9a\xa7G\xf3\xd4\xaf\x9e?\xbb\
\xb4Z\xad\xaa\xb2\xe9F\x96\xcd\x9b\x13\xe3:[\x8e\xd6\
~7[\xde\x19Qk\xed\x94\xb0)c\x11,\xa2f\
_\xb6\xc9.:\x1f\x8a=^\x1b\xca\x08!S\xe8\x8e\
\x96\x9fg5k\x00\xe8\x1a\x7fF\xf3A\x107\xd5\xa6\
N\xdd\x12\xe3\x5c\x5c\xbav\xfa\xee\xd7w\xa32\x22q\
\xd6f'\xd3\x0cx\x9e\xadz\x06r\x99\xac\x5c\xb3N\
R\xd7L\x07y7~\x9bg\xed\xd3\xfd\x84\x8b\x98r\
|d'|r\xf9\xe3S\xfbR\x9ag\xf7\x13\xec\x9e\
Y\xd3?\x9f\x90\x83\xf6\x06\x87\x89g\xa3\x86\xc4\x96\xc5\
4\xa8\xa9\xe4\xba\xb7\x19\x5c\x98eU\xea\xf7\x84)\xdd\
*O6m\xb5\xc2\xa9\xa5i\x914M\xbe\xccS<\
T\xe5\xba\xd8<\xe6\xe5\x1fu\x95\xffQ\xad\xbd\xa0\x89\
\x07\xf8\xc6\xb5\xdcn]\xd5m\xb4\xcb\xd6\x00Q\xe9\xab\
\xca\xfd\xa9\xf29w\xdb\xbfU;l. \x01g\xf8\
o\xf2\x00\xf9<s\xcb\xc6\xeb{G\xfd\x13<\xd5\x93\
`\xdai\xc7}\xfbMg~\x8e\xa3\xed\x22iz0\
\x83`\x9d<\x82xEU\xdfO\xde,\xbb\xcfA\xb1\
\xa8\xea\xcc\xd5\x83Ju\x9f3U\x85\xc3\xc9\xdb}\x1f\
j\x87\xb9\x077\xfc\xac\xa3\x9e\x5c\xd77OIVm\
\xef'\xec\xa5\xf2CU\xad\xee':\xb6\xd4\x10A\xf5\
Ku\x0a$\x22\x1dS\xa6\x15U\x17\x83S,\xc8t\
,(\xb7\xf2B\xb7\xa9k\xc4bT${\x07\xa7\xba\
\x7f\xe8\xc1\xa8y\xaa\xb6\x8f\xb5\x07\xa7\xad7\xee\xe5H\
\xaf\x89\x16\x0b\x7f\x08\xd7\xd4\xa0\xc6\xc6Gy\xb4)\xf3\
\x16\x91\xb4\xde\x9d\xce\xba\xc93\xd7\x5c\x1f\xd8\x94\xc9:\
z,\xaaER\x5c7\xd8\xe6%@\x8a\x0e\xa4\xa7|\
<\x83\x97\x16C\x04hboXx\x02\xddP\xedo\
\xabV\xc9._\xe5\x1f\x1c\x80\xa1\x1d\xed@\xad3X\
\xfaaA\xd0\xee}4\xef\xf6^6\x19\x84\x1eO/\
`\xd6\xeaQX\xd59\x82\xe4d;\x83h\x7f*\xf2\
\xb1\x8f\xd4\xbd\xf3\xeb\xbe\x90y\xce\x0d4\x9f^\xf2\xbc\
\x93\xaf\x5c\x9bdI\x9b\x1cI?H\xb0\x172x\x82\
\xb49\xfb\xc7\xbb\x9f\x1e\x0e\x0b\xcc\xd3t\xf6{U\xbf\
\x1f\xd6\x0b\x02o\x90,\xaa\x0d\x90\x9d<\x8c\xe2y\x96\
\xce\x90\xe8\x90\x00\x1e\xf2\x15\xa8\xecs\xe4_\x91\xd8\xe6\
\xd3\xa3\xe2\xcc\xd8\x83s\x9c\xb4\x9f\xb6v}\xc6\xbcz\
md\xe9*\xf7\x83\xa6\xffl\xf3\xa2\xf8\xd9/r\xf0\
\xf8d\xd2\xbc-\xdcC\xb7f\xffs\xf0bzp\xe3\
\xe0\xe4\xf4\xc4\xcb\xf9t\x80\xa1{z<\xc2s\x16\x0d\
\xe3\x09\x17\xc9\xc2\x81\x9a\xbfxe@/\xc3\xa2\xda\xac\
WU\xe6\x0e\xc3GX]\xda\x8eg\xd6\xee\x0b\xe8\x97\
pc\xf6\xc6\xd9dA\xd5[\xff\x10\x1d\xf2\xc3\x8c\xf6\
\x8f\xf5\xa6@\xfa{ve\x95eo\x9b\xb6\xae\xde\xbb\
\xd9\x1bj2\xb5\x5c\x1e\x1e\xfb(\x98\xb1\x98pK\xb4\
\x10l\x90\x03*W\x17\xa0i;\x13\x83,K\x90_\
\xea:\xd9\xcfJ\xdc\xf6\x83t\x5c\xf3\x8c\xa1~\xbb`\
\x85\x1d\x85\xc3\x1dsd\xe3x\xc1\x1cEg\xcc\xdc\x9f\
>\xd4P\x89\x18\x94g\xecD\x08\x13\x1eK\xa5\x89\xe6\
j<\xcb\xf9:i\x9f\xaeBe\xbb\xcf\x88D\x9f\x9b\
\xcf\x91\xe0@BK\xc9\xd4z7(\x8a\xbct8\x9a\
\xd9b\xd3\xb6\xa7\xb2\x7fUy9\xebp\xba\x0d\x85\x8f\
\x91\x80\xaaP\x07i@Bj\x8e\x7f\x9d\xa1\xe5w\xcc\
\xb5\xb2\x91:\x8a\xc7\x0c[\x95X\xbf\xad\xea\x08\xb9\xf6\
9i7\xb5\xf31\xfdio\x0d\xf1\xdfOx\xcb\x95\
\xd0Z)\xfa\x8a\xee\xea\x90J\x1c\x8a\xc0\x17^S\x13\
\x92\xe3_\x97^\x1b\xa1_\xd1ga\xb8\xe6z\xf4\x99\
\x09\xff}\xe93\xe3Vh\xc1\xff}\x87\xbf$(\xe0\
\xef\xdf\x03*b\xa2\xb5\xb6<\xa4*\x96Ti\x1d0\
\x19\x1b!\x048\x22c*\x88\xb5\x94^\x82\x84s|\
E\x90P\x81.\x19\xfb\xfc\x8cq\x0dE\x14 R\x08\
b\xec\xc7\xb0\xb9\x8d\x82\x10\xc6p\x162\x1a+!9\
\xb3\x81\x8e\x15\xb7\x86\xc9\x10\x85\x86\xd4T0\x1e\xfc\x08\
!\x11\x8a0\x1d2\x13\x13c\x10\xfa\x81\x8c\x15c\x18\
\x1bz\xdc\x94\xb1\xd4BD\xac\xc4\x91z\x11R\x8e0\
2\xf8%\xe0\xb1\xd1\xf0\x13K\xf0\xd8\x82\xe0Bb>\
\xd0]0I\xa5\x17\x0a\xa2\x19\xb1\x10Q\xae\x09\x97~\
+\xd6J\xcc\x0d\x91\x06\xe0\xfd\xee\x846\x82\xe9\xa0\x08\
Tl\x88%D\x87\x91D9\xab\x88\xe5>\xa2c-\
\x95\x94&D-\xae\xa4\x11R\x05\xa8t\x095\xc2z\
\x91\xa6\x8a`3\x0c\x07l\x8cT^D\x19C\xfd\x85\
\x04\x80p\x88\x01*&\xf7b\xa2(a0dZ\x1a\
\x1a2lN)\x83<\x11\x1bI\x11!^\x02\xae`\
\xbb\xb0\x95\x1c\x11\xcbB\xd0\x98J\xcd!\xa2\xfe\x97\xd2\
\x1c\x22\x04<\x17&\xf8p\x91\x8a\xb1\x94\xfcl\x06\x8d\
\xa4\x19\xcb\x00\x5cG\xfe\xe6D\xc5\xd5t\x9f\xf4Cs\
\xe4\x99+\x8a|\xdd\xb8\xabT;P\xe7\xb3\xa9v-\
I\xc1ep\x8d\xc0\xfd\xd7\xba\x9c\xba\x98\xb2\x8cG|\
\x14\xb7uR6\xbe\xcc@\x06K\xda:\xdf}\xe7\x8f\
EJ\xc5(\xeb\xce\xd7Z\x9c/\x05\xcb\xfco\xad\x04\
\x17R\xfa\xdf\xc0\xde\x80B2\xc4\x99~?N\xd7\x15\
\xd4`\x19S\xc2\xaa\xe3*\xbe\x92\x8e\x84\xe7\x83\xc2\x98\
\xb3\xcb\xcd\xa7b\xc6\x09?\xbb\xdcXl\xc1\x0cN?\
\x1d\xd4'Nw\x01\x8e\xcfK\x14\xd1yr\xc6\xbeI\
\xda\x03\x91-\xe5\xd2\xfa\x9bAp\xc2\x10=\xc8\x84\x86\
q\xd9E\x19\x97\x8a\x1b}qD\xd2X\x15\x9d\x1e\xd2\
\x97\xa4\xbe\xae\xeb\x1a\xa1\xc9\xf2f\x8d\xf2\x0a=\xb3w\
\xf9m\x85fuYT\xdb\xd9s\xde\xe4\x8b\xc2\xbd\xed\
\xfe\xcd\x0b\xef\xcb \xba\x84y\xe1\xfc\xf7%\xcc\x1a=\
\x16\xc2X|M\x9c\xbd\xb4Z.\x1b\xd7\xce\xc8\x05\xf6\
oWI\xfd\xde\xd5\xfd\x00W&\xd8|\xb4H\xd2\xf7\
\xbe\xb2,\xb3Y\x92\xa2\xb1\xda\x14I\xeb.\xb2\xb2\xc2\
\xe5\xa9hHm,\x8c5V\x07\x16\xe9\x99)\xdbe\
Q)\xac\xbcuD\xf4\x15o'\xa6(\x92\xe5\xcb\x94\
1`\x9ej\xff\xfd\x16\x98\xdf*\xeeX\xec\xb3\x81\x87\
\x0dW\xbaE\xf2\x0f\x22_\xa8\x22a\x87\xe0\xb8\xb4\x8a\
\x88\x9b\xb0E\xf6\xf5\x80\xfb\x8c\x0c\xa0\x0d3\x9a\x19\xf5\
\x0dR\xc0\xb1\xcc\xf1/\x12\x14\x15\xca\xfa\x82\x90\xde\xa4\
\x94\xfd\xea\x05\xcf\x09V^\xfb\x1fS$2\xcf(C\
\x14j\x12\x94\x15TZ.}\x06\xc5Ej42(\
\xae%&\xa8\xd6W\xab\xc4H\xffo\x10\xaa\x8b;D\
\x9b\x05J\x16\xa5\x1e\x13\xdc\xd2\xc0\xe0&!(\xb1\xc0\
1TTT3{\x93]\xaf\xd9i\x9d\x01u\xad\x82\
\xa11AE\xab\x04\xa5\xdf\x02(\x12\x0b\xc9\xa8@\xb0\
\xa1\xb9\x95\x1e\xb2\x01(>\x00Eo\xe3d#\xf6\x85\
H\x0dUd\xff6+\xa9\xd3\xc9W\xb9\x9a?\xd9\xd6\
\x00\xab\x0f\xae\xae\x8em\x0d7\xf2H\xdd\x03\xa5\xff\x8b\
n\xedc%{\xf2\x9aeD\xbb\xab@\x11\x1ah\x9b\
\xa8\xba\xa2Fuic\x0e\x0c\x8c\xba2\xba\xafH\xb5\
E\xb7tep\xff\xde\xc5bbn\xf89\xdb\x22\xe5\
\xbb1\x1d\x8es\x07I0L\x14\x8ec\x02\xff\xda\x9d\
\x06\x91o\xb5\xd0%\x09\xd9\xab\xd0\x1c\xd1\x8fZ\x1b\xa1\
\xba\xfe\xcd\xff$J\xa37\xbcm\xce\xd1)\xa2\x8ca\
!\xaec\x14\xbe\x1c\xf9\x1c}\x1cZ0\xa5\x081\xde\
\x9cj$Ty\xd2-\x8d\x0e6mR\xb7W[!\
Wf\xfeE\x14\xda3,\xae>\xd1>\xa0?\xc5\x15\
\xa2\xfa\xf6A\xa3\xae\x11<\xec~\xa2\x5c\x91}\xdf\x87\
FX+\xdb7\x0f\xff\x0f\x9fo\x15>\xd1\x8d\x00B\
ob\xac@\xd7w=\x80\x22&\xd0\xb5IE\xd4\xed\
\x08\xa2\x96\x13};\x84\xfc\xfb\x80\xf3\x08B\xa5\x04r\
Q\x86Ns\x9c\xfe\x10D\xdd\x5c\xe10\xec4\x88\x94\
4\xbd\x02\x9cV\x1f\xb5\xf5o)\xd0\x88u\x11\xa49\
\xbdm\xdb\xc5\x0f\xe7\xe2\x10?\x98\xfa\x10>\xd2\x1a\xd6\
\x85\x0f\x0a\xba\xaf\x19=D\x1a&\x88\xe8\x22\x06\xdd7\
'}\xef\xed\x7fK\xda\xf5\xe4\xc4\xbf\x83\xe2\xc86'\
\xe13\x9f>>\xdc\xcd\xfd\xff=x\xb8\xfb\x13\x11\xca\
\xfc\x10\
\x00\x00\x14I\
\x89\
PNG\x0d\x0a\x1a\x0a\x00\x00\x00\x0dIHDR\x00\
\x00\x00<\x00\x00\x00<\x08\x06\x00\x00\x00:\xfc\xd9r\
\x00\x00\x00\x06bKGD\x00\xff\x00\xff\x00\xff\xa0\xbd\
\xa7\x93\x00\x00\x00\x09pHYs\x00\x00\x0b\x13\x00\x00\
\x0b\x13\x01\x00\x9a\x9c\x18\x00\x00\x00\x07tIME\x07\
\xdd\x08\x11\x15&\x08mI\xb4\xe7\x00\x00\x00\x19tE\
XtComment\x00Create\
d with GIMPW\x81\x0e\x17\x00\
\x00\x13\xb1IDATh\xde\xed\x9bi\xac]\xd5u\
\xc7\x7fk\x9f\xe1\x0e\xefy|\x1eb\x0c\xc6S\x08\x83\
m\x0c$\x81\xb4\x0c\xcd\xd0\xd0\x14\xda\x8c-IT\x94\
4R\xa4V\x8dT\x94\xa0\x14E\x95\x9a/\x19\xd4\x08\
!\x944IE[)\x80JIIC\xa2&\xa4\x19\
J\x08\x04\xcc\x10\x1c\x08`\x0c\xd8\xc6\xf6\xf3\xf3\xb3\xdf\
<\xdc{\xcf\xb0\xf7^\xfdp\xce\xbd\xef\xde\xf7<\x12\
B?$G\xba\xda\xf7\xbc{\xd6\xdeg\xed5\xfe\xd7\
^\x0f~\xcb.\xb9\xe4\x9eE\xd5\xd7d%\x9d\xfb(\
\x80/F\xe9\xbao?\xa7Z\xfe\xde\xa6\xa1\x9bVA\
\xa5\xeby\xedy\xaeM\xdb^\xa7\xb61H\x9f\xb8v\
\xaa=\x0b!p\xcb\xff\xfb\xb6k\xd7W\xed\xbd\x7fE\
\x9b:w\xd5\xa7\x7fa\xff\x11x\xb6\x9b\xe1\xbfz\xad\
\x18\xd2\xf9\x0cj\xef\xfb\xa9o\xff(\xc7\xa0W\x14)\
\x99\xd2y\xf4\x82\xaa\x22\xf3\x18\x16\x81|\xd4\xaf_\xfb\
\xa1\xca{\x0f\xdd\x95\x8e\xb7\x19~m\x98\xd5^\xb5\xee\
\x5c~\xde\xbd\xca1\x9eST\xa5\x98\xa43v\x99F\
\xb9\x01:o=\x11P\xcfZ\x0cQ\xb7\x84_S\xfb\
]\xb0\x01,\xdc\x10\x9dg\xef\xe2\xa5k\x1e\x9d#\xf3\
\x0bm|\xc1\xe6\x82\xeb^\xe9\xb4\x18^\xa9U\xd6P\
'D0\x08\x1e\xed\x8c\x85bI\xa9x\xe5\xa8\x82\xd7\
\xb9{\x04\x0c\x82\xd3\x92N\x8a\xbf\x89/\xe6\xe8\xd0\x99\
9i\xab*j\xc0(\x9d\xf5\x9c/\xd63\x08\xea\x0b\
\x13\xf0\xe5z(\xe4\xea\xd9\x93\xcd0\xab\xf9\x02\x1eN\
\x8b\xe1KY\xcd\xd5f)\x15\x00\xad\x83\xb4@\xab\xc5\
\x88\x01\x8dAr\xd0\x10$)~\xc3\x82F Y\xa9\
\x7f5 \x01j@\x13m\xd3\x91\x97\xaf\x93\x00\x95\xf2\
\xd9\xa0\xa0\xc7\x95\xcf\xcf\xd1\x15v^\x05\xd2\x92\xbe\x05\
\xc4\x18\x84io\xf9\x97\xc9}\xec\xcc'^\x01\xc3]\
>\xa4&\x86\xf3\x09\xa8\x1aC\xd3G\xd4MN\xd3\xc7\
\xd4\x8dEUH\x09\x89Dq\x12\x12KL\xa6!\x01\
\x90kHE<\x22\xday\xbe\xa0\x8fP\x85D#*\
\xe2\xc9)G\x0d\x11<\x8e\x80\x080\xd2^o\x8e\x0e\
\xa0\xe5#\xaabI5\xa2j\x1cVC\x14\x98qB\
\x9f\x84\xc7\xf4\xf6'gX\xe0\xe3\x9c\xc3f\xea,\xa7\
\x1f\xabJ\xe2!\xd3\x0a\xc6\xfbrtx\x02r\x8dp\
\x848\x02\x14!\xd5\x0a\x01\xc5\x8bx\x02\x8c\xba\x05t\
\x8a!\xd3\x0a\x8a\xc1j\x04\x062\x8d1(\x0e\x83\xc3\
\x12t\xe8\xb4C\xdf\x9e\x1f\x8a\xe7E\x95\x5c#@H\
\xb0\x18\x91c\x85\xa9SS\xe9\xcd\xd4\xb9\xd4T\xc94\
\xa0\x22\x09\x06\x8f%&\x92\x0cKH,\x19\x8e\xa0\x98\
Pr\x8c\x86D\x9a\xd1r\x01^\x1dV\x05c,\x91\
\xc9\x09%\x22\x92\x8c\x96\x8b\x09L\x86\x18\x83\xc7`4\
#w\x06\xe3\x1c\x16Gd\x1c\xa11Db\x09\xb0\xe4\
D\xe5z\xc5\x08Rh\x80dx\x0c\x11\x19\x94\x0e\xdc\
\xe0\xf0\xeaOO\xc2+\xb5\xca\xa5\xac\xa6&\x86\xe5\xf4\
\x93i@\xae1\x82\x22\x14\xbb\x19P!\xd7\x98\x14\x87\
\xc7\x90k\x84\xc7\x90\xba\x80\xe7&\xfa\xf8\xde\xbe5\x0c\
\xcd\xc6(\xc2\x9a\xbe\x84+\xd6\x8e\xb3euJ\x10:\
\xee\xdcu&\x97\xac\x1cc\xdb\xaa\x19\x12\x1f\xf3\xb3\x03\
+\xf8\xd9\xe0\x00-+\xf4\xc5\x9em+fy\xd7\xc6\
\x11\xfa\xa2\x80\x80\x90\x5cc\x0c\xbe\xb3\xae\x22\x0b\xfe\x96\
\x13\xa1\x08^-\x81\x9ac\xf2u\x5c\x86\xd7P\xe7j\
\xb3\x94\xf3\x09\xb0\xaaT$AP*\x92bJ\xfb\xaa\
H\x82#\xa0*-\x1c\x01\x82\x12\x92\xf1\xe8\xf0J\xbe\
\xf0\xd8f\xdes\xd9\x19|\xe0\x8d\x1b1b\xd8\xb9\xeb\
e\x9e\x1c|\x99\x95\xfd{Y\xb9t\x9c\xff=\xb4\x96\
\x15K\xfb\xb8\xd4\xec\xe4\xbe}\xab\xf8\xa7\x9d\xeb\xf9\xcc\
u\x17\xb0i\xedR\xf6\x0fO\xf0\xfcK\xfbh\xdaI\
\x96\xc7\xb3\x84X<\x86\xaa\xb4\xf0\x18*\x92\x94\xdb.\
T$\x05(\xdf\xcf\x03B\x0b\x8b\xa3K\xc2r\x0a\x0c\
[<\x11P5\x86\xc4\x83\xc1#h1\x8ab\xd4c\
\xcaQ\x84\xe2\x1e\x8f\xf5\xf0\xe5\xa7\xce\xe1\xe3\xef\xbf\x82\
\xeb\xce=\x82?\xfc\x1d\xac\x1a\xce\xbb\xe8\x0d\x98\xcb\xb7\
3\xbbw\x1c\xd38L\x5c\xeb'\xec\x8b08\x1e8\
\xba\x89k\xaf\xdc\xc2\xdbV?G4\xb5\x87\x0d+\xce\
\xe6\xed\x1b7\x90\xee\xaf`Z\xc5\xfc\xa2\xdaY\xcf\x88\
\x16\x99U\xfb}\x98{\x87\x82;\xc5\xfb\xb9\x84\xec\x84\
\x12\xbeRW\xf1i\xb9\x10\xc4\x22jh\xfa\x9cL+\
X\xe2\xd2)\x05\x18\xf5\xb4\xb4\x86z!\xd5*xJ\
\xa7\x152\xd4\xa8\xb0\x7fB\xb8f\xed\x0bL>\xfbC\
\x04G\xc3\xc6\xc8\xd1A\x22\xb1\xa8\xa9\xe0\x83>P\xf0\
^hh\x1f\xdb\xce\xdb\xc4}\x8f\xedfS\xe3E\xd6\
\xd4\x9b,\xab?\xc3\x9a\xfe_\xe05 \x90>\x02u\
$\xe5z\x89V\xd12\x11I\xb5Z\x9aR\x8c\xfa\xc2\
\xe9)\x14>@\x82S\xb3\xe1\x1cGM\x9a\x04Rx\
\xd0X2\x8c\xf7D\x92\x11P)\x9c\x96(\xea\x85>\
\xd3\x00\x0fu\xd3\xc4\xa9! f\xc6\xaf\xa2\x12\x87\xf4\
\x0f\x7f\x87\xd4@+\x83\x1d\x87\x06\xd8;Y\xa3j,\
W\xad\x9bd\xeb\xf2F\x918\x88#\xd6&\x7f\xbe5\
a\xb2\xb5\x9e{w\xa5\xd4\xc3\x94\x8ad\x5c\xbe\xe60\
\x7f\xb4a\x8c\xaa\xc9\x09\xc5\x81\x87\x9a4\x01\xe83\x8d\
\x22uD\xa9J\x8b\x14G\xcd\xb4\xc8K\x86\x13\xef\xc8\
\xd5\x9d\x9a\x97\x8e\x08hi\x9d\x00G#\x0b\x18\x9aY\
\xc2\xa6\xe5\x16[:\x8e\xb6\x84\xdb\x92M\xb5\x8ax\xed\
8\xad\xbe\xc5\x03\xe4\xd61\x9d\x06x\x89\xc9\xc2*\xcb\
\xcf\xbc\x80=R\xe3\xa7/L\xb3~\xcd8\x1b}\xf1\
\xe2^\x03\x9a\xf4\xc3\xd0\xfd\xdcx\xf5\x9fq\xf0\xaa\xab\
9px\x9c'_\x1c\xe1\x8e'\x17\xd3W\xd9\xcb\xe5\
g\x8e\xcdI\x18\xe9\xac\xd7\x0eKs\x12\x16,E\x5c\
\xb7X\xa22j\x9c\x82\x84-u\xd3$\xc0r\xe7\xee\
\xb3y\xc7\xba#8\xeb\xcbP\xa0@\x821\x8az\x83\
\xd3\x14\xa7\x827)\xd5\xd0\x13J\x85\x8d\xf5\xa3\xacZ\
v\x1e\x0f\x1cX\xc2;7\x8c\xb1(\xc8\xb8|\xf58\
\xaf_w\x01C\xb3U\xe2\x9a-4\x03\xc5\x88\xa3.\
M\x9c\xcd\xe1\xe9[X\xd3\xb7\x81\x0d\x8bV\xf1\x96?\
\xd8\xc6\x81\xf13\xd9\xdd\xb2\xbcS\x0e\x10\x88\xefh\x92\
x\xa5n\x8a\x0d\x13\xef\xa9I\x8b\x94*U\x93\x90k\
\x08\x02i\xb7\x84O\xc6\xb0 85 \x01\xc3\x8d*\
\xcd,\xe4\xae\xddg\xb0}\xe5$\x0d[\x01o\xa9\x04\
\x0e'1\xcf\x1c\xadq\xf6\xd2\x8cF\x0a\x1f>\x7f\x88\
zl\x08\xd3a>\xf1\xbe\xeb\xf9\xea7g\x98\xce\xf6\
q\xc9\xea\x09\xcc\xc4\xf3<rt\x96\xc1#\xeb0\x1b\
\xc0\xa9!\xb3\x1e\xe7\xc1\x18\xc3]\xbb^\xc7@\xa5\xc5\
\xfa\xa5S\xf4\x99av\x1c9\xcc\xdeC\x17p\xcd;\
\xd6\xe1\x09\x10-4\xc8\xa9\xc1\x13\xe0\xd5\x14\xe1\x87\x00\
W~T\x85\xa6\x87Y\xe7\x19w\x96\xcc\xfb6\xa8\xea\
\x01\x9b\x0b\x18\x0e(\xe2\xad\xc7\xb1\xb2\xcfr\xee\xca\x84\
G\x8eZ.?s\x86\xef\xef\xab\xb3ai\x8b\xbd\x93\
U6/\xcfid\xc2\x95g7x\xf8`\x9d\x5cc\
r5\xa8\xcb\xb9b\xe9\x93\xd4\xae\x7f\x07\x0f<\xf4\x10\
O<;\x89\x02\x03\xcb\x97\xf3\xb1k.bke\x07\
\xd9d\xccU\xdb\xd7q\xd6\xc0A2\x1f\xb2\xe8\x8c\x0b\
y\xfc\xe5\x19~r\xb8\x89\xa8\xa3o\xf12>v\xed\
\xc5\xbci\xd1\x0e\xb2\x91\x98\x80\x00\xab\x11\x19\x15r\x0d\
\xc9(b{\xf17\x8f\xd5\x88\x94\x98=\x99\xe5\xbf\xa7\
&x1\x19g_:\xd3\x9b.\x1e\x8fa\x8f'\x92\
\x9c\x00\xc7\xb6\x15S\x84\xe4lY1C-Ly\xfd\
\xb2Y2\xeb\xd8\xbeb\x92Z%$\x1chQ\x0b\x95\
\xf3\x97O\xd1\x17\xa6\x04\x12\x12J\x8e\x0c\xff\x94\xb7\xad\
\x99b\xdb\xbb/\xa6\xe5bT\x85z\xd0`Ik\x07\
\xe9\xc83D\x92\xf3\x917{\xaa\x13\x87\x09'2\xfe\
\xf0\x1c\xc7\xe5\xdb\xb7\x92\xfa\x1a\xa6\xcc\xb2\x96\xa4;q\
\x87\x1e#\x94|^\xa6U\xacQdZ!\x91d\xe4\
\x0aB\xca\x84m\xf2x\xe30\x07\xf3\x19P\x10\xd1S\
SiK\x88\x22\x5c\xb2\xa6\x81\x97\x90\x0bW7\x11B\
\xce[\x91P\x91\x14\x11O\xcb\xd7Y\xb7\xa8E\xcb\xd7\
\xd8\xb2\xaa\x89\xd7\x80\xbcT?\xa7\x9el\xe8a\xaa\xf1\
\x1e\xfa\xc3\x0a\x8e\x80\xc0\xcd\xe0\xb3\x09\xac\xab\xe0L\x88\
\xd9\xff\x1d\x8cN\xe14\xc4\x1f\xd9\xc1\xe2x'6\xa8\
S\x91\x8c\xcczl:\x89W-^Q\x0a\x07\xe7\x08\
q\x1a\xe0$D\x15\x9c\x06\xa4\x04\xbc\x94\xe6<8;\
\xc2\xa8\xcb\x99vI\x17\x96\x96\x933\xecpT%!\
(\xd3\xc5Hr\x14!&+3\xad\x04\x11p\x12R\
\x91\x14'\x86\x8ad\x05\x9aUO,y'\xbf&;\
B\x98Y2\x8d\xa8H\x86\x88\xe2\x84\x82\xceNP1\
MT\x0a$XIG\x11b\x22IA\xa3\x22\x89\x91\
\x80\x88\x1c#\x8a\x93\x80\x8aIq>(\xb2+\x01\xf5\
\x86\xaa\xa4\xec\xcdf\xf9\xc6\xc4\xcb\xf3\x8a\x07e\xc9\xa3\
\xd0g9\xa1\x0d'Z%\xc0u\xd2\xb7\xb6\xfb\xcf4\
.\xb5\xc0\x93i\xdcA1\x81\xbaR\xc2Q)\x89\xa0\
L\x0c*X\xc2Bc\xd4`h?\xdf\xa6\xb7\xa8\x1a\
R-sc\x22\x04-\xd0\x0f\xa5\xa3\x22$\xc4v\xa1\
\xacb\xdd\x5c\x95\x9d\xad\x9c#\xf9\x0c\xbb\x92f/\xb3\
\x85>\xa3\x99\x82GN\x98Z*J\x88\xedH\xb8\xfd\
=\x10K@@ \x16\x83\x12\x88#\xc0\x12\x88#\xc4\
\xe2D\xf1j\x08\xc4\x82BH\x11\xbb\x03)\xb0rA\
\xef\xe6\xd19\xbcx\x82\xf29\xaf\xc5z\x8e\xa0\x93\xaf\
\x87%Z2\xe2\xe6\xe6\xc0\xe2Ty`v\x82\xfbg\
\x0e\x90\xf6$\x19\x85\xdd\xfa\x5c\xc9\xc7<j\xf5\x16\x84\
\xc9\xe32l\xda\xa8GLGM\xad\x86\x08\x8a\xd5\x10\
C\x81P\xac\x86\xe4D\xe5\x18\xe3\xdbx\x16p\x04d\
\x1a\x95\x92-\xbci!\xb1`\x1e]T\xd2\x85\x9d9\
3\x0a:A\xf1\x1a\x94\xe1\xc7\xe0\xcau\x12\x1f0\xe1\
\x95T\x95\xc1|\x9aq\x97\xcc\xcb\x99\xa5\xcd\xac\xdaY\
\xfd\xa4K\xf4\xdf\x86\xeeJS\x80K\xeeY$\xc7\xb4\
\xe1H\xb2\x22\xb5\xd4\xc2>}\x89;\x15!.\xd1\x92\
%*qpH,\xe9\x02<\x5c\x91\x0c-%.h\
\x99\x9a\xba.\xfc\x1c\x11K\x8a\xa7\xd8\xd8\x22\xb1\x81\x8a\
d\xa0\x82\x88\xc7wI\xd8\x96\xeb\x8cX\xcbg\x0e\xff\
\x0a\x03\x1c\xce\xd2R\x8d\xcbj&\x8a\xcfi3{\xa3\
k\xe9\xd7\x86\xfe\xa3`\xf6\x84*\x1dH\x11\xd2\xbdh\
\x89\x8c\x8a\xf0n\xcaP_ \x13G \xbe\x83^P\
\x87+\x7fW\x91\x82\xaeL\x0b<AA_\xa2\x9d\x82\
\xae\xb8\x17\x9d\x9b\xd7\xe1:t\x06\x0f\x22\x18\x5c)\xe3\
\x82\x0e\x84\xfdys^%\xb40R\xb5\x90\x8f{o\
g\xf4&\xd7\xd2/\x0f\xdd\x9d\xf6T\xf1~\xf1\x81\x19\
=F.\x1d\xd2\xf4\xf5R\xc2\x82\x956Z\x8azr\
\xe9d\x01Z*L!'*CGP8()J\
<\x96\xf0\x04t\xc5\xbcV#\xbc/JE\xd2\xf1\x09\
1\x01\x8e\x07\x1b9\xcf$\x93\x8c\xe6Io9\xb7\x9d\
?X\xc8\xc7\xbc\xcd\xa7\xf5\xb3vZo\x1e\xfe\xaf\xd4\
\xb7\xd5\xb8\xcd\xec\xc9\xd1\x92\xccGK\xae\x07-Ui\
`\x15bi\xe1U0\xc4\xc4\x92wBV\xa0\x1e\xbc\
E}L(\x19\xa1\xf1xzQ\x96W!\xc5\x11K\
JNL\xd5$\xa5\x97\x9esZ\xa18\x9eO'\xf9\
\xe6\xc4\x1e\xb2\xb2tS\x14\xdf\x8b\xba\x95Z\xb0\x13.\
\xcb'\xf5\x8b\x83\xb7'\x9f;Q\xb9\xea8h\xa9\x8f\
\x80\x22dX\x09\xbb$<\x87\x87\x9b\xbe\xca7_x\
\x1d\xc3\xcd\x1a\xd5 \xa7\x1a(\xe7\xaeh\xb2}\xd5\x14\
\x22\x85\x84\x87\x1au\xee\xdb;\xc0\xafF\xfa\x11\x94\xb5\
\x8b\x12\xde\xb9q\x9a\xad\x03\x90\xf4\xa0\xac\x18GX\x14\
\xfb|q/\xe2\xc9\xbc0l\x9b8\xf5\x8c\xe6)\x16\
\xed9^AA\x9d\x92O\xf8$\x1b\xd7[\x07oO\
\xfea>?m\xc9\x1e\x9ba\x85\x5c-\xf5\xa0Q\xda\
p[\xc2\x8eX\xb2\x02\x95H\x82\x88b\xbd\xf0\xe3\xa1\
\xf5,_\x5c\xe3-\x1b+\xec\x1fi\xf1\xa5\xc7fy\
\xdf\xa6\x03\x5c\xbfe\x08u\x96/=~\x01\xd5\xfe\x15\
|\xf4\xbd[\xa8\xc5\xc2\xa3\xcf\xec\xe7\x85\xd9\xbd\x5c\xb6\
r\xb0\x83zT\x85\xa4\xd4\x9c\x8c\x98\xaaI\xc9\xd4b\
\xf0\xcc\xaa\xe7\x0bG\x9e\xe3\xb9t\xa6\xf7|\xaa\xad\xd2\
\x0e\xf2\x09mfc\xfa\xf5\xc1;\x92\x9b\xdal\xccW\
\xe3\x132,\x08^\x0d\x22\x1eU)\xe76\x1doZ\
T\x18=*\x01\x95\xbee\x5c\xb9}\x15\xd7\x9d{\x04\
\xfa\xcf\xe1\xae\xa7\xea\xfc\xf0\xc1'\xf8\xa0\x1b\xe6\x85\xf1\
e\xb4\xa2\xb5\xdc\xf0\xa7\xe7\xb0\xc9>L\xa8\x0d\xde\xf8\
\xd6\x0bI\xd3M\xf8\xbdO\x14\xf3\xa9\xf4\xcc\xab\x18T\
!\xf5J\xae\x9ei\xef\xba\xb2\x86\xc2\x13Ki\xbb\xa5\
d\x9b\xd9\xa8\xde6xG\xf2\xa9\xf9Rm3}|\
\x86\xcb\xbd\x085(\xeb\xc9E>\xad*d]@\xbb\
<\xab#\xf71\xaa\xca\xec\xd8A\x1a/\xfd\x98\x96\x0d\
\x98\x1ey+\x95\xbe\xa5\xa4\xd4\xe8_\xb9\x01\xddm\xd8\
\xf1\xc8\x03\xc8\xf2}\xf4G)\x8b\x87w\xe3L\x95\xaa\
T\xc95&)\xb3\xb9\xac\xcc\xb4\xda\xf1\xfa\xd94\xe7\
G\xb3\x13\xecK'\xd9\xd7\xf1\xc8\xe5q\x0dRJ\xb6\
\xc3\xec\x0d\xc7\x92\xec\xb1\xa4;\xc7pWZf)\xd4\
\xb7\xc8\x90\x0c\x952V\xb6\xe3d;\x0eg\x12\xe3\xbd\
\xb2{\xd8\xf2\x93\xd6b^\x9aZ\xc2\xc3#\x09\x1f|\
\xdb\xd9\xd4\x83\x9c\x81E#\x5cs\xd9\x15\xdc~\xdf$\
\xdf\x0f6\xb3nq\x8b7\xad\x1a\xe5\xf7\xcf\x9aaq\
-\xc5\x11R\x91\xa4#\xe1XR\x9c:\x22\x12Fm\
\x83\x87f\x0fq\xd46z\x0f\xd1UP\xab\xe4\xe3>\
)\xd5\xf8\x94%;\xc7\xf0\xbcS\xbd\x80v1\xcc`\
\xb5\x88\xa7\xed\x0c\xca\x96I\xbd\x94Y\x91W\x18\x9c\x0e\
yL\xb6\xf0\xf2T\xc4\x92\xa5K\xb8h\xd9 \xf9\x94\
\xc1\xcc\x0c\xf3\xfes\x86\xb9\xfa\xf7>\xcc\xe3\xcf\xee\xe7\
\xe9\xe7\xf7\xf1\xb5G\x0f\xf1\xcc\xc44\x7f\xff\xe6g\xcb\
\xac*\xee\x9c88u\xbc\x989\x9eJ&9\x98%\
\xb4|\xd6uZX$\x15E\x9c\xd5,\x1b\xd7[\xdb\
6\xbb\xfd\x8e~\xf9\xe5\xf5\xb3z<'\xb50\x93\xec\
v\x04\xbe\x90p\xd5\xb4\xa8H\x8bG\x07\xeb\x04\x9aa\
]\x86\xda\x14\xe3S\xaa\xd2\xa2jRbI\x89B\xe1\
\xfdW\xbd\x81\xcf\xff\xe5\xc5\xfc\xeb\xa7\xaff\xa0?\xe4\
\x9f\xff\xe7 \x91\x160R\xf7~\x8b%O\xdd\xc4\xdb\
\x97\xec\xe0\xef\xfex1\x9f\xfb\x9bk\xf9\xc1\x9eET\
MB,)US\xccW\x91\x84>Ix*\x19\xe1\
+\xa3/r\xef\xd4Af|\xde\x03\xde5\x17\xb21\
o\xb3q\xff\xc5\xc1\xdb\xe7\x1c\xd4/\xaf\x9f\xd5K\xee\
Y$'\x93lG\xc2:\xef@\xdatl\xd8q\xff\
\xc1\x95\x0c\xd4r\x1e<\xb4\x82\xb3\xfa\x9b,\xad+\x97\
\xaf\x19\xed \x1a\xeb<\xd3\x87w\xd1\xd4\x1f\xe2M\x9d\
w\xbf\xf9#\xdcr\xef\xeb\xf8\xe9\xe0\x11\xde\xb2f\x94\
\x97g\x16\xb18\xca\xa8N?\x8e\xd9\xf3\x08{F/\
f\xf5\xc022\x8d\xc95&SK\xea\x0b\x9b\x1d\xb3\
\x0d\x0efIo\x97@\xa9\xca\x9a+\xd9\xa8\xf7\xf9\x94\
~\xf6xq\xf6d\x92\xedU\xe9.;\xd6\xc2Wb\
\xf0l^\xdadu=\xa1\x16z6/k\xb0oz\
\x11\x22\xa5?5\x9e\xb5+\xfaY\xda?\x83\xc1\xa3\xbe\
\xc5\xeby\x92\xcb\xb6na\xdfl\x933fs\xbe\x7f\
p=\x81OY\x14g\xe4\x1e~9Q\xe1\xaf\xdfs\
\x11\xd2\xfa^9\x8f'W\xcf\x8ff'x\xa8q\xa8\
K\x8d;N\x19\xcd \x1b\xf5j\xa7\xf5&;\xad7\
\x9f\x8e\x83:%\xa7e\xcaC*P\xb6\xadj0\xd2\
\xaar\xce@\x8b\xe9,\xe2\xbc\x81&NCT\x8a\xb3\
\xdb\xbf\xb8b\x05\xfd\xc9$n:\xc4\xab\xa1\xd2\xdc\xc3\
\x87.\xde\xc2\xf0\xf8Z\xcep\xa3\x5c\xb3~;\xbb\x0f\
\xcd21\xdd\xa4?\x0e\xf9\xd4\xd5\xe7\xb3\xd9<\x85;\
\x18\x90ya\xb6\x0c=/g\x93\x1c\xb5\xb3\xbd\xed\x0e\
\xd2\x91\xac\xda\x19\xbd\x11\xe1+\xc3\xdfN\xfd\xe98\xa8\
SrZ\x1e%$'\x10\xc7\x96\x15\xd3T$!\xd1\
\x84HrR\xad\x14h\x08Oh2\xce\xcb~@+\
K\x08\xc9\xf1\x12\xe0\xed4+\xc6\xbe\xcb\xf2\xeaj\xa2\
\xd9\xfd,\x96\x80m[7\xe0\xa3e\x04\xbe\x81\x8e\xdd\
\xc3\xec\xf8\x01jb\x19\xb6M\xbep\xf49\x8c\x08{\
\xb3\xe6\x1c\xb3\xa5\xd9\xfa\x1c\xb2\x11\xafvF?\xe9\x9a\
\xfa\xb5\xa1\xbb\xd3\xac-\xd9\xb6DOG\xb2=\x12\xee\
\xb6\x1b/\xbe\x03\xb4\x8d\x18\x8c(\x81\x96\xa0\xbd\xac>\
\x88@\xa0\x0e3\xb5\x0b\xf1u\x02\xe3\x11U\x02\x02L\
k\x18m\x8db$C&\x9f\xc3O>]\xa6\x8ai\
YX\xed#\x14\x87S\xcf\xael\xa6\xab{\xa7\xcbt\
\xe7\x98\xbdQ\x9d~}\xe8\xee^\x88\xd7\xcd\xf4i3\
<\xbf\xbb&\x22\xa4\xe5\xfb\x08\xc4\xe1U\x8a\x94R\x8b\
\xa3\xc8\xa2|k\x10U\x12\xad\x81\xa73\xb6\x0b\x00\x9d\
2O\x89\x96\x8c8\x5c\x1b-\xe1y\xb0\x99\xf3|:\
\xc9\x98K{\xdb\x96|\x8f\x1a{;\xad7)\xfa\x95\
\xc1\xdb\x0b\xc9\x9e\xaes:e\x95\xce\xd5Q\x95VQ\
r)\x0bt\xe2\x0b\x00o\xf0T\xa5\xd5AK5i\
\xa2H\xe7l)\xa3BT\x16\x05*&\xc5\xf8B[\
rbbI\x09\xc4\xf3L2\xc9\x7fN\xee\xc1\x96y\
S\x8f\xcdZ%\x1b\xf56\x9f\xd4\xcf\xda)\x7f\xf3\xf0\
\xbd\x99?Yn\xfc\x8aT\xba\xbbu(\xf5\xca~'\
@\xc82\x13\xd3?\x0f-\xb5s\xe9D\xab\x9d\x13\xbc\
\x02\xf5\x14\xa7\x87\xb6]J\xf5AQp\xc3\x91\xf8\x80\
\x11g\x01a\xd4%d\xf8\x85mK\x16\xb2Q\xcd\xf2\
\x89\x93C\xbc_\xab\xd7\xf2\xa2;\x17io\xc5\xaf\x18\
/\x94\xe5|\xa2v\x16[\xa3\x88\xc4W\x89$#\xd3\
\xb9\xd3\xc3\x86\xef\xa3\xcf4h\xfaz\x89k\x8b\xaaf\
(y\x996\xa6e<\xb7\x0c\xe5\xca\xdf\x1e\xf9\x15\xfb\
\xb3\xf9\xd5\xc5\xd2oX%\x1f\xd3$\x1b\xf5\xb7v\xa3\
\x9e\xdf\xc4e\xe6W\x0e\xba\xef3-P\x8b\xed@\x86\
\xf2\xd3\xd5\x00\xd6.v\xb7\x7f\xa3\xeb\xf7\x5c\x95L\x95\
\x14\xc5\x1c\xab\x0b\xaf\x0d\xde\xc7|3\x1b\xf5_\x9d\x0f\
\xf1^I\xd89u\x95n\xe7\xadexx\xd1Ms\
[s\x98\x88\x80\x8f\xd67\xf2\x86\xb0V\x1cK\x96\xed\
c\xa9V\xcb\xb1\x82x_V$\xa3\xce\xe9\x80z\xc3\
\xce$\xe7g\x8d\x09\x06\xf3i\x0e\xe7\xe9\xdc\xc6\xea\x1c\
\xb3\xd9\xb8of#z\xdb\xe0\x9d\xa7\x0f\x04~m/\
\xdd\xe9gDhx\xcb\x93z\x04\x80\xf7\xf8\x01\xaa\xd2\
\x87\xaa\xa3Z:\xaf\xee\x9e\x8bZ\xd9\xe3\x91Q\x94\x82\
R\x02\xaa\x92r$\x9f\xe1\xfe\xc6\x01\xc6\xdb\xc7\x1f\xc7\
b\xf6\xa8\xbbm\xf0\xce\xf4\x86_7\x83:-\x95\x9e\
\x83_\xda\x01\x11\xdd\xb1\xf9\xe9\xac\xc1w[3<o\
=\x0d\x1f\x91h\xd9\xbd\xa3\xd5\xce\xd8\xfe\xde\xf41\xbb\
3\xcf\xb7\xa6g\xd9\x955I\xbd+\xa6\xed\xee\x85t\
\x90\x8d\xfb$\x1bq_\x1f\xbc3\xbd\xe1Ot@^\
\xad\xb0s\x8a\xb9\xb4B\xa7\x81Sz\xc3\x85\xc2\xbf\xb7\
\xf6\x02\xf0\xe1\xdaF\xb6E\xcb\xa8\x18\x83zC\xcd\xb4\
\x8ab\x9eI\xf0*dT\x10\x12\x1ej\x8e\xf0\x8d\xc9\
\x97;\xf4\xed*E\x11g!\x1buY6\xaa\xb7\x0e\
\xde\x91\xdet\x9d\xae\x94\xdd\xb7\xb7x5c\xedIl\
X;M\x22\x1dN\x178\x98B\xd5\xc7\x5c\xca\xcf\xd3\
\x84\x8a@\xa0\xe0ha\x00\xa7M\x84\x00\x83#\xd1\x94\
Q\x9b/,\xa5\xb6\x99\x1dq6\x1b\xd7/\x0e\xdeQ\
\x14\xdc\xee\x96\x11}\xb5c\xed\x89\x19\x16)\xbaW;\
\x1ew\xde\x99yy+\x0a?O\x8f\xf0b>\x8b`\
\xf0\xea1Z\x8c\x82\xe9\xb4\xe2{UF]\xb33E\
{&\x9f*\xe9\x88\xfa|\xb2\x80xo?\xb0L~\
\xb2nB_+\xc9vDw\xfe\xcd}z\xdc>\xe6\
n\x09\x9d\xa8/\xb9\xebY\xa1\x97\xa6\xfd\xddNy\xec\
\xb4~:\x9f\xf27\x0f\x7f\xfb\xd5\xcf\xa0NY\xc2\xc9\
!\xff\xf9\xe3\xfd\xff\x01\xf3z$\xda\xff\x94\xd1\xd3\xd4\
-\xf36\x03\x16t\xa7\xa3\x84\xae\xa9\xcf\xf9T\xefj\
3\xfb\x9b\x0c='\x94\xf0\xaaw\xc5\xf5\x9e\x83r\xe9\
\xd5h\x99\xffEz\xff\xa7\xe0\x18m\x14\x0b\x9e\x17\x83\
\x1c\xbe'k\xf0\xdbz\xfd\xa6\xb2\xa8\xdf]\xbf\xbb~\
\x0b\xaf\xff\x03\x05\xf2{\x06\xf0\x22\xceO\x00\x00\x00\x00\
IEND\xaeB`\x82\
\x00\x00\x08\xc4\
<\
?xml version=\x221.\
0\x22 encoding=\x22UTF\
-8\x22 standalone=\x22\
no\x22?>\x0a<!-- Creat\
ed with Inkscape\
 (http://www.ink\
scape.org/) -->\x0a\
\x0a<svg\x0a   xmlns:d\
c=\x22http://purl.o\
rg/dc/elements/1\
.1/\x22\x0a   xmlns:cc\
=\x22http://creativ\
ecommons.org/ns#\
\x22\x0a   xmlns:rdf=\x22\
http://www.w3.or\
g/1999/02/22-rdf\
-syntax-ns#\x22\x0a   \
xmlns:svg=\x22http:\
//www.w3.org/200\
0/svg\x22\x0a   xmlns=\
\x22http://www.w3.o\
rg/2000/svg\x22\x0a   \
xmlns:sodipodi=\x22\
http://sodipodi.\
sourceforge.net/\
DTD/sodipodi-0.d\
td\x22\x0a   xmlns:ink\
scape=\x22http://ww\
w.inkscape.org/n\
amespaces/inksca\
pe\x22\x0a   width=\x2234\
.133335\x22\x0a   heig\
ht=\x2234.133335\x22\x0a \
  id=\x22svg2985\x22\x0a \
  version=\x221.1\x22\x0a\
   inkscape:vers\
ion=\x220.92.1 r153\
71\x22\x0a   sodipodi:\
docname=\x22semiaut\
omaticclassifica\
tionplugin_train\
ing_input.svg\x22\x0a \
  inkscape:expor\
t-xdpi=\x2267\x22\x0a   i\
nkscape:export-y\
dpi=\x2267\x22>\x0a  <def\
s\x0a     id=\x22defs2\
987\x22 />\x0a  <sodip\
odi:namedview\x0a  \
   id=\x22base\x22\x0a   \
  pagecolor=\x22#ff\
ffff\x22\x0a     borde\
rcolor=\x22#666666\x22\
\x0a     borderopac\
ity=\x221.0\x22\x0a     i\
nkscape:pageopac\
ity=\x220.0\x22\x0a     i\
nkscape:pageshad\
ow=\x222\x22\x0a     inks\
cape:zoom=\x2211.19\
7802\x22\x0a     inksc\
ape:cx=\x22-14.9188\
89\x22\x0a     inkscap\
e:cy=\x2221.986198\x22\
\x0a     inkscape:c\
urrent-layer=\x22la\
yer1\x22\x0a     showg\
rid=\x22true\x22\x0a     \
inkscape:grid-bb\
ox=\x22true\x22\x0a     i\
nkscape:document\
-units=\x22px\x22\x0a    \
 showguides=\x22tru\
e\x22\x0a     inkscape\
:snap-global=\x22tr\
ue\x22\x0a     inkscap\
e:window-width=\x22\
1366\x22\x0a     inksc\
ape:window-heigh\
t=\x22708\x22\x0a     ink\
scape:window-x=\x22\
0\x22\x0a     inkscape\
:window-y=\x220\x22\x0a  \
   inkscape:wind\
ow-maximized=\x221\x22\
>\x0a    <inkscape:\
grid\x0a       type\
=\x22xygrid\x22\x0a      \
 id=\x22grid2997\x22\x0a \
      originx=\x220\
\x22\x0a       originy\
=\x220\x22\x0a       spac\
ingx=\x221.0666667\x22\
\x0a       spacingy\
=\x221.0666667\x22 />\x0a\
  </sodipodi:nam\
edview>\x0a  <metad\
ata\x0a     id=\x22met\
adata2990\x22>\x0a    \
<rdf:RDF>\x0a      \
<cc:Work\x0a       \
  rdf:about=\x22\x22>\x0a\
        <dc:form\
at>image/svg+xml\
</dc:format>\x0a   \
     <dc:type\x0a  \
         rdf:res\
ource=\x22http://pu\
rl.org/dc/dcmity\
pe/StillImage\x22 /\
>\x0a        <dc:ti\
tle />\x0a      </c\
c:Work>\x0a    </rd\
f:RDF>\x0a  </metad\
ata>\x0a  <g\x0a     i\
d=\x22layer1\x22\x0a     \
inkscape:label=\x22\
Layer 1\x22\x0a     in\
kscape:groupmode\
=\x22layer\x22>\x0a    <r\
ect\x0a       style\
=\x22fill:#e9ab16;f\
ill-opacity:1;fi\
ll-rule:evenodd;\
stroke:#18d6ff;s\
troke-width:2.17\
501283;stroke-mi\
terlimit:4;strok\
e-dasharray:none\
;stroke-opacity:\
1\x22\x0a       id=\x22re\
ct2999\x22\x0a       w\
idth=\x2232\x22\x0a      \
 height=\x2232\x22\x0a   \
    x=\x221.0666667\
\x22\x0a       y=\x221.06\
66667\x22\x0a       rx\
=\x225.330369\x22\x0a    \
   ry=\x223.8048785\
\x22 />\x0a  </g>\x0a</sv\
g>\x0a\
\x00\x00\x06\xa3\
\x00\
\x00L\x0cx\xda\xed\x5c[\x93\x9b6\x14~\xdf_\xa1\
\xb2/\xed4\x02\xc4\x1db;\x0f\xcdt\x9a\x99\xf4\xa5\
M\xd3\x99\xbed0\xc86\x0dF\xae\x80\xb5\x9d__\
\x89\x9b\x8d\xcdf\xbc\x0bd\xe4\x8d\xc9\xecl8\xe7H\
H\xdfw.\x92lv\xf2f\xb7\x8e\xc1\x03\xa6iD\
\x92\xa9\x84dU\x028\x09H\x18%\xcb\xa9\xf4\xd7\x87\
_\xa1#\x814\xf3\x93\xd0\x8fI\x82\xa7RB\xa47\
\xb3\xbb\xc9\x0f\x10\x82_(\xf63\x1c\x82m\x94\xad\xc0\
\xbb\xe4s\x1a\xf8\x1b\x0c~\x5ce\xd9\xc6S\x94\xedv\
+G\x95P&t\xa9\xfc\x04 \x9c\xdd\xddM\xd2\x87\
\xe5\x1d\x00\x80=7I\xbd0\x98JU\x83MN\xe3\
\xc20\x0c\x14\x1c\xe35N\xb2TA2R\xa4\x83y\
p0\x0f\xf8\xd3\xa3\x07\x1c\x90\xf5\x9a$i\xd12I\
\xef\x8f\x8ci\xb8h\xac\xf9h\xb6za\x84\x5c\xd7U\
TM\xd14\xc8,`\xbaO2\x7f\x07\xdbM\xd9\x18\
\xbb\x9aj\xaa\xaa*Lw\xb0\xbc\xcc\xcaK\x19\xa0\x1b\
\xf6\xd3\x98\xd7\x029%9\x0d\xf0\x82\xb5\xc3r\x823\
\xe5\xed\x87\xb7\x8d\x12\xaar\x98\x85G\xdd\xd4x\xb6\x9e\
\xda\x029\xf1\xd78\xdd\xf8\x01N\x95Z^\xb4\xdfF\
a\xb6\x9aJ\xba!#\x9d]f!\x5c\xe1h\xb9\xca\
N\xa5Q8\x95\xd8\xe85\xd7)\xef\x8f\x9c\x03\x95\x06\
U\xc7^\xa3QeW\x93\x11\xa0\xc8\xd4\xed\xd2\xa6\x9e\
\x82\x17\x92\x80\x8f\x89u\x89\xd7\x91\x9fgd\xcdX\x0b\
\x82\xd8O\xd3h\x11\x05\xec\x86$\x9b8_F\xc9\xa7\
B\xf8)#\x9f\x18\xa9\x19\xa1\xec\x7f$\x96k\x1c\x9b\
\x87\xe2\xdd\x86\xd0\x0c\xee\xc2\x0dC\xd3\xb2;\x95\xfbZ\
9c\xdaI\x88\x17)\xb7*\xa7\xc6\xef\xd8\xdcl\x09\
(\x85\xb6\x19)\x1ff\xf8\x10\xe1\xed\xc1v\xee\xa7%\
|\x00l\xfc%s\xb5\x98\xd0\xa9t\xbf(\xaeJ1\
'4\xc4\xb4VY\xc5\xd5R\x11FG\x94\xed\xcb\xe0\
\xaa\xfa\xae\xc7\xcb{m\xf4j\xb7>]\xf9!\xd9N\
%\xedT\xf9\x85\x905\xeb\x95\xd1\xe2\xda\x8ez\xa6\x0e\
vS\x09\x22Gvl\xdd\xa8X9\xd6\xf2\x01\x99L\
\xa99\xb6y\xa6\xcc)e\xe1\x07c\x7f\x8f\xd9\xac\x8a\
_u\x0f\xe9\x8al\x97\x94\xa3\x93\xd1\x1c\x9f\xb6\xe4\x1a\
8\x9f\x93]\xb7\x9ayC\xce\x03\x1b\xe6I\x94\xb1\xe0\
\xd9\xec\x8e{\xcd\xa3\x10\xa7\xdd\x0d\xd3\xc4\xdf\xc0eL\
\xe6~\xdcm\xb0\x8d\x12\x86\x12\xac\xfc\x1c\xe9\x0d\x09\xa7\
\x16\xb5\xd3\xdb\xaa\xf3\x88\x05\x1b\xbb\xfa\x88j\xff\xb8j\
\xed\xef\xa2u\xf4\x053`P\xe1w\xcc\xb7Z\xb0\x94\
\xcd\x00\xc8\xf6<\x80w{.\x93j!\xc7\x93\x0b4\
\xd7\xb5\x1b!\xa1\x11\x8b\x8b\xa3\xe1\xd4\xa2\xfd\xb1\x88\x87\
;\xcb\xd6\xbb\xc2\xc1\x0a\xf7\xb3Ou\xfbc]\xe5\xf7\
\xca\xb9\xe3\x17\xf25\xce\xfc\xd0\xcf\xfcC\x14\xd4\x126\
6\xb5\x9e\x19\xcb\x9c\xde\x1fo\x7f\x9dU\x0f\x9a\x04\x81\
\xf77\xa1\x9f\xeb\xe7\x02\xc0\x0d\xfc9\xc9\x19\xd2\xd2\xac\
\x11O\xc2\xc0c\xb9\x8e\xe5\x80Y\xb4f\xbe\xcd\xd3\xe4\
\xcf,\xb7M\x94\x83\xa2e\xcc\xc1:tZvKq\
\x994;+G\x18\xac#\xdeH\xf93\x8b\xe2\xf8\x1d\
\x7fH5\xe3\xa3N\xa3,\xc6\x07\xe1D\xa9F_\xcd\
M9\x9a\xdcD\xa9g_\xdc-\x0f\xa8\xb4\x82\xa2!\
:\xf6\xe7\x98y\xe8{\xae\x04\xe8<:H\xbeY\x93\
\x10W\xcd\x1b4Y\xc2k(\xcb\xf61\xd3/\xd8\xe8\
\xbd{M3MU}\xcdo`\x95'<T\xde\xd2\
<f\xf9\xee\x01'$\x0c_\xa7\x19%\x9f\xb1w\xaf\
\xb2\xbc\x14,\xaa\xdb2\x18<UvL\xbdH\xef\xb5\
\x9c!\x84i\xcc\xbc5\xf3\x8cZ\x16\xfa,\xcfP\xea\
\xef\xbd\x84\xd5\xf9Z\xda<\xb3\xe5\xa8|\xb8\xa6\xa3\xbb\
\x10A\x07\x1a\x8d\xaa\x8a=S\xd6\xf5C5\x01Gu\
\xc6\x90\xddBsh\xc2\x9cVWK\xa9\xd6\x08\xf7\xdc\
\xb2(HGB\xda\x0a\x03Zx\xb4e\xf0\xcb:\x8c\
\xedk5\x02|\xadN\xd4\xcep\xd5L \xe8\x8e\xc1\
\x05[\x858jq\xa1\x1b\x1b\x97\xb3\xe1Bm\x0c6\
\x90q#\xe1)!aB{\x0c\x1a\xdc\xaa\x9cZ7\
6.g\xc3\x1e\xa7Xh\xba\xec\xb4\x97=7..\
\x89\x0c\x13\xaa\xa3d(\xe7Tx\xa3\xe3\x82j1R\
p\xe8\xbal\xb7-ol\x5cT6\xd4qVS\x9a\
#\xdb.\xbf\x84\xe1\xc34CC`>\xfa\xb2\xa0\xa9\
\xb2\xd6\xae\xd4B\xee/\x0c\xc3\xf7\x85\x8e\x0a\xa3oz\
\xd2L\xf9\xc6AO\x0e\xa030\x09\x22n\xee\x04O\
H\xfd\x8f<:S\x92@\x1b;\xe1\xe3\xc0q\xa05\
p \x08\x04\xbf\xe0\xfe\xaf\xb24\x84F\x09\x01\xf16\
\xd5WP\x114\xa8\x0f\x1c\x0a\xe2\xd1 zD\xe8\xfd\
\xebrW<\x88w\xb0!|<X\x83\x17\x06\xf1H\
\x10\xbe>\xd8\xbd\x8f\xbe\xbbWH\xc2\x1d,]Ay\
\xb0\x06/\x0f7\x1a\x9e\xb3^\xed\xff\xe1\xdc)\x0f\xe2\
\x9d\xec]\xc3\xc2u\xa4J-\xdc\xa9\xdeU\xac\x5c\xed\
\xde\x1f\xce\x9dU\xeb\xdb\xf1\xeas\x82\xc2\x18',n\
)\xeaYlh\xe3\x1cz\xbf\x84/r\x94_\xbd<\
\xe1c\x8c\x8a\xdd\x93\x00W\xb6\x0a\xa4\x8d\xf6\x89w\xe9\
7\xfaE\xf0_1x\x10\x8d\x01\x1f\xf3_\xe3)\xfe\
{\xcd\x00\xbac\x00\x88\x0c\xd9x\xf9\xae\x07\xcd1\xb0\
se\xa3H\xa8\xda\x8b\x07\xd0\x1e\x03>\xcd8-H\
/\xd8\xffFq@\xe4\xca\xfa\xe5k\xa9\xab\xce}\xe3\
\xb8`\xfb-\x97\x17\xee\x82\xbd\xbf\xda\xd5\x1d\xc5\xae\xac\
=\xa3\xfen\xfcl\xd5\x09aY\xcd\xfbA\x88d\xcd\
\xd5U\xdbv\x9b\xd5x\x1c%\x98-G\xbd\xf4\xbf\xdc\
\xa7\xf8X\xfa/\x89\x12\xaf\x80\xfa\xe9\xb8s)Y,\
R\x9c\x1dX;\xe7\x82Q\xf1;\xe0\x0b\x15\x0d\xb9\x1a\
[\xed\xbdB\xbal\xb9\x96k\x83\xdf\x00\xb2\xc0G`\
\x974h&x\x0ftU\xd6-\x179\xe6+d\xcb\
&\xe2\xff\x98\xd1+\xcd\xae\x9a|\x04\x1a\xaaXc\xcd\
\x8fz\x05\xff\x9c\x91\xaf;\x08\x9d/\xc8\x03\x92$\xc5\
\xcbT0\xc8\xe9\x83\x9f\xe5\x14\xb7^\x1di^\x01!\
!\xe6oM\xa4S)\xa8\xae\x116S\xdf$\x02z\
\xfa=<\x7f\x89f\x84\x95\xfbSOg\xbeQ\xee\xe8\
\x89]]\xe3\xdd\xef\x10\xba\xde_\x0a\xe9\x04o\xf8-\
\x8f\x901\xdb{\xbb\xdd\x1d\xb5\x03\xeewD\xf5:\xc7\
\x19\xc3\xed\x06\x04NL\x7fS{\x87k\xb7\xc7\x0d\xbd\
K\x146\xd9\xf5\xfe\x84\xb7\xd3\xef\x86\x86OP\xe7\xd3\
G\xf1\xbd\xa1\xb7\xd8\xa2\xfa\x9e5\x86\xe7\x0d\x0d\x9e\xa8\
i\xcf\x1e\xa7\xd0\x0e|6!n\xda\x1b\xc5\xf9\xbe\x17\
\xf8\x1cg\x9c-\xc6\xd0';\xc2\xaeYz\xc3\xf7H\
\xe5x\xde\xb1\xce5\xaeZz'\xc0\xee\xea10\x80\
\x02;\xe0H\x0b\xe7\xef(\x84{/\x9d\xbb\x11|\xde\
Q\xc1DY\xce\xee&\xfc\xcf\xb0\xcc\xee\xfe\x07\xb1\xb1\
 Q\
\x00\x00\x07~\
\x00\
\x00,\xabx\xda\xedZ\xdb\x8e\xdbF\x12}\x9f\xaf\xd0\
j^l\xc4$\xfb~\x91\xa5\x09\xe05\x12\x04\xc8S\
6\x8b<\x1a\x1c\xb2\xa5\xe1\x9ab\x0b$5\x92\xf2\xf5\
\xa9&E\x8a\xa4\xa8\xd8\x89\x03\x8c\xa0\x1d\xd9\x03\x9bU\
\xd5\x97:U}\xaa\xd8\x9a\xf9\xf7\xfbu:y6y\
\x91\xd8l1\xc5>\x9aNL\x16\xd98\xc9V\x8b\xe9\
\x7f\x7f\xfd\xc1S\xd3IQ\x86Y\x1c\xa663\x8bi\
f\xa7\xdf?\xdc\xcd\xff\xe5y\x93\x7f\xe7&,M<\
\xd9%\xe5\xd3\xe4\xa7\xecs\x11\x85\x1b3y\xf3T\x96\
\x9bY\x10\xecv;?9\x0a}\x9b\xaf\x82\xb7\x13\xcf\
{\xb8\xbb\x9b\x17\xcf\xab\xbb\xc9d\x02\xebf\xc5,\x8e\
\x16\xd3\xe3\x80\xcd6O+\xc38\x0aLj\xd6&+\
\x8b\x00\xfb8\x98\x9e\xcc\xa3\x93y\xe4VO\x9eMd\
\xd7k\x9b\x15\xd5\xc8\xac\xb8\xef\x18\xe7\xf1\xb2\xb5v\xbb\
\xd9\xd1\xca\x08k\xad\x03D\x02B<\xb0\xf0\x8aCV\
\x86{\xaf?\x14\xf686\x94 \x84\x02\xd0\x9d,\xbf\
\xcejV\x00\xa0\x1b\xf8i\xcd\x1b\x81_\xd8m\x1e\x99\
%\x8c3~f\xca\xe0\xe3\xaf\x1f[\xa5\x87\xfc\xb8\x8c\
;\xd34x\xf6V\xed\x81\x9c\x85kSl\xc2\xc8\x14\
A#\xaf\xc6\xef\x92\xb8|ZL)\xf31\x85\x0f\xaf\
\x84O&Y=\x95Ci\x12/\xa6\xb0{\xa2U\xfd\
\xdcI\x0e\x5c\x1b\x1c'\x9e\xb5\x1a\xe4k\xe2\xe3I\x8e\
9\x95\xb5M\xe3\xc2,\xb6\x91\xdb\x13Li\xd6I\xb8\
-\xed\x1a\xa2\x16EiX\x14\xc92\x89\xe0\xc1f\x9b\
t\xbbJ\xb2OQj\xb7\xf1\xa7uX|\x86\xe4\xfb\
TZ\x9b\xfa\x0d\x8a\xed\x92f\xbf\xb1y\xe9\xed\xe3\x0d\
`)\xe4\xa8\xf2\xd0U>'f\xf7\xc1\xeea\x8f\x13\
4\xa1\x04\xfeN\x1f@>\x8f\xcd\xb2p\xfa\xda_\xf7\
\x04\x0e\xcbJ\x07\xdae\x92\x96&\xaf\xf5\x9d\x05\x22\x9b\
\xa6&\x02\xc4\xc2t\x17\x1e\x8aicP\x94\x87\x14\x5c\
\x04\xb5\xcd\xbd$\x83\xa1\x1b\x9bV\xaey\xf5L\x90\x01\
\xbf\xfc\xf8\xa1\xb5wK\xd6\x0a\x8c4k\xc5\xb0K\x08\
9&\x9aq\x85H+>\xc6\x0e\xfb\x84+\x8dE+\
?T\xe6\x84JF\x99\xa4\xad\xb8\x89*\xf6\x99dJ\
h~t\xca\xb9e~\x0c\xb7\x00|\x98}H\xb7\xad\
{_\xe1\xa0s1\xfeh\x9e\x93\xca)\x17p\x8a\x05\
\xc6B\xa8\x8eI\xe5Uo\x05\xf0NL'\xc1\x11\xd4\
\xa0v\xf9\x05 VC\x88\xa9fX\xf0\x11\x84\xa5R\
\x94\x0e\x11\xd6H\x0a\xca\xc5\x08\xc2\x5caN \xe5_\
\x0ea\x8c\xd0\xcb#\x8c;\xd9zD\x98)\xce\xd5\x91\
\x0c\xfa\x10k\x89\xb1dC\x8cA\xa4\xdc\x01\x1c\xc9b\
\xca\xb4\xd4\xf2E1f\xd7\x80\xb1\x18`L(\xa1\x82\
\xb2\x11\x8c\x99`\x92t\xbc\xaa1\xa6LP\xc2;\xa1\
:a,4\x11\xfcE\x11VW\x800F7L\xc5\
\x18\x93k\x80\x98\xdd0\x15cq\x0d\x08\xab\x9b\xa6b\
r\x0d\xe5\x8e\x90\x1b\xa6br\x0d\xc5\x8e\x88q*\xc6\
7A\xc5\xe4\x1a\xaa\x1dE7L\xc5\xf4\x1a\x8a\x1de\
7M\xc5\xf4\x1a\xca\x1dU7L\xc5l\xbc\xd8\xcd\x03\
w_Q\xfd\xaf\xbdgq\x97,\xb1\xbb\xec8]j\
<\x86\x859.\xb0\x09W\xa6\x82w1\xbd_V\x9f\
\xa3\xe2\xd1\xe6\xb1\xc9\x1b\x95\xa8>=\x95\xdd\x84QR\
\x1e\xea\xab\xc1\xbb\xbe\xbfn\xd6V\x8f\xc6\xf5\xc5S\x18\
\xdb\xddbJ\x86\xca\xdf\xad]/\xa6\xd4\xd7\x5c#\x82\
\xf4P\x1d\xb9hb\x86}\xc5\x15ggZXP\xfb\
\x04X\x89+z\xa6\xdc\xe6\xb9\xc9J/\x0d\x0f\x06\xbc\
\xaa\xfei\xd2\xa1x\xb2\xbbU\xee\xd0)\xf3\xad\x19\x8e\
t\x1a\xef\xf1\xd1]\x17\x8d\xa9c\x1bm\xdd\xb5\xa4\xb7\
\xcd\x92\xb2XL7\xfb\xee\xac\xdb$6\xc5\xf8\xc0\x22\
\x0b7\xde*\xb5\x8fa:n\xb0K2@\xc9kR\
\x95\xb6A\x18Z4\xc9)\x91\xba`\xe1\xae\xba.\xa8\
\x0e\x97U\xebp\x9f\xac\x93\xdf\x0d\x00\x83\xcfPq\x9e\
ua9fd\x0f\xb6&\x91\xcb\x83\xbb\x9e\xdc\x1f\x9c\
\xacw`\x9d\x80h}\xe22\x9b'\xab$\xebl\xb7\
\x11\x1d\xba\x22w\x99\x99d\xab\xfdi_\xad\xcc%\xe5\
\xf1|\xcc\x83\xf3\x83P\xc9\xd7\xa6\x0c\xe3\xb0\x0cO\xa7\
\xa2\x91\xc0^P\xe3I\x1e/g\xbf|\xfc\xa1=\xe9\
Q4\xfb\xcd\xe6\x9fO\x87\xd3\x19\x84\x8fv\x0b\xc8\xb7\
|\xe0.\x11\xa3\xd9\xd2\xe6\xeb\xb0|H\xd6\x90\xeb\xee\
\xd2\xf7\xbb\xfd:\x85\xf3\xd9*z\xc6\x0e\x9c\xd3\xa4\xf5\
\xb4\xb9\xa9\xaf\x80G\xef\xc1\xe3h\x9d\xb8A\xc1\x7f\xca\
$M\x7fr\x8b\xb4\x8c\xd0N\x9a\x94\xa99\x09\xe7\xc1\
q\xf7\x0dot\x9c\x9b\x07\x8d\xf7\xd5\xd3\xea\x84J\xef\
\x90\xb4\x81M\xc3G\x03\x19\xfb\xb3SN\xce\xf3\x22\xb7\
\xdb\xcd\xda\xc6\xe68\xbcE\x138p@\xed\xc0]\xe9\
\xec\x1e!\xcec\xf6\xde=xG\xde\x98\xe1\xfa1\xdf\
\xa6ff\x9eMf\xe3\xf8}Q\xe6\xf6\xb3q\xf6\xee\
s|\xac\x0f\xc7\x0c\xfbX\x0b\xa9\x09a\x8d\x1c\x102\
y\x0a\xd9[\xceZY\x1c\x02\xef\xe4yx\x98e6\
3\x8d\xb4]\xb3\x97\x98n\xbb\x90\x0c\xf4\xac`H\x1f\
\x18\xb8K\xd2me`>a\x9a\x0b\xdc-=\x9c\xfa\
\xd0\xf4\xf0N\xff\x04\xf9\xc9\x84\xcf\x11\xa5\x9d\x0a\x9e\xef\
\xabR\x84\x94\x12\xe84s~\xa8;S(\xea\xea$\
-\xf30+\x5c\x1eA\xd6\x86e\x9e\xec\xdf\xe0w\xe8\
\x1d\xd4,\xc5\x11\xa2B\xd2w\x08\xd6\x14\x92PF@\
\x81\xdeN\xcfJ\xee\xd8}\xf9\xe4\xcf\xee\xcc\xdbz\xd3\
\x8d\xe2\xc5\x8d@\x07\x82\xdd\x0flD h\xb9\x81\xc8\
\xfb\x1b\xa9\x1d\xe3B\xc2&\xf5\x17@\x00SB|\x8d\
\x80\xfeh\x17YJ\xa0\xc7gL\x8d\x94h\x0e\xd9\xc0\
\xa8T_\x8e]\x13i*;(\x0c\xb23\x0c!\xdb\
\xbe5;\xb1T\x1c`\xf8\x96\xec\x1c\x8dAo\xaf\xcb\
e\xb5\xf67\xee\x15A\xff\xae\x98&\xff\xe4I\x02|\
\xf5_8I\x02B\x0b%\xbcw\x92 \xaaD\x13\xc6\
z'\x09\xfb\x92J\xc2:\xa1\xfe\xb3\x93$$\xe3\xe4\
\xcb\xe7\x08\xac\xe0M\x93I\x97\xbe\x02\xba=z<F\
m\x00L\x9a&\x9b\xc2\x0cb\xd0G|vo\x84\xfb\
\xd3\x82]7X}\xb0\x11t\x9fJ2\xadU#O\
\x93\xcc\xc0\x09\x9c\x01\x89fqW\xf8?\x9bd\xb3*\
\x14#q!>\xff\xca\xc8\xbc\xaf\xfb\xc5\x19T\x937\
\xf7\xa7n\xf9m/b\x9b\xb0|R\xea\x04\xb4\xeb\xba\
0\x80\x8a\xa1\xe7:\xc5\xc4u[\x04\xda-\xa4\x10#\
\x03\xfc]\xf3L\xf4\x00~\xa49%\xf0\x8a}\xbb8\
\xb2Q\x1c=\xdaG\x12\x12Yh\xc9h\x1fI\xe9k\
\x8a\x89b=$aC\x9c:\xdf\x06PJ\xc6\xb0\x84\
\x97\xef\xdb\x85\x12\x8dC)\xfaPJx\x19\xa6J\x8b\
aRb\xe8\x84;\x00\xd7PJ `L\x06HR\
\x04oz\xecv\x81$b\x1cH\xd9\x03\x92@\xcb\x80\
\x05\xb4/\xc3\x9cD\x94k*\x06@j\x8a\x08\x16b\
X\xce\xb5\x14\x02\x91\x1b\x86\x92\x8cCyF\x94Z*\
\xc4Y\x0fJ\xac}$\x15U\xea\x95(\xabo#.\
\x10\xe59U*(\xfa\x9c\xf7\xb1\x94\xbeBX\xd0W\
\xa6\xac\xbf;\xbb\xc0\x94\xc3\xbc\x94\xbe\x847\x09\xa4\xcf\
\xf2\x92A<\xf4+W\xbaoz/p\xe5\xa0\xec\x10\
8\xa2\x92KA\xfaP\x0axK\x11D\x91Q\xb6\xa4\
\xffol\x89.\x14\x1e\xd2\xcfJ\xe2#w7\xabz\
P\x0a\x9f\x0a\xcc\x11\x96\xaflY\xfd\x1a\xcd%\xb6\xd4\
gl\x09t\xd7/<\xdc\x87N\x08\x9aM\xfe\xca\x96\
\xf5/}]bK<dK\x05\xaf;\x9a\x0c\xf3\x92\
08\xce\xf2\x95-\xdd\xaf(^bK2dK\x0c\
\xf8\xb0~\x11g>\x14\x1d\xaa\xb9\xfe\x1bl9\x0fV\
\x0fwsw\xaf\xfap\xf7\x07\x92\xa3\x93\xf5\
\x00\x00\x06|\
\x00\
\x00R\x92x\xda\xe5\x9c]\x8f\xa36\x14\x86\xef\xe7W\
P\xe6\xa6Ue0\x86\x84\x8fM\xb2\x17]\xad\xb4R\
\xaf\xda\xadzY9\xd8I\xd0\x00\x8e\x80L\x92\xfd\xf5\
\xb5\x09\x90\x900U%\x1b\xc9\x0a\x91V+\xce96\
\xf6\x83?\xde\x1c<Y|>e\xa9\xf1N\x8b2a\
\xf9\xd2t,h\x1a4\x8f\x19I\xf2\xed\xd2\xfc\xeb\xfb\
W\x10\x98FY\xe1\x9c\xe0\x94\xe5ti\xe6\xcc\xfc\xbc\
zY\xfc\x04\x80\xf1[AqE\x89qL\xaa\x9d\xf1\
-\x7f+c\xbc\xa7\xc6\xcf\xbb\xaa\xdaG\xb6}<\x1e\
\xad\xa41Z\xac\xd8\xda\xbf\x18\x00\xac^^\x16\xe5\xfb\
\xf6\xc50\x0c~\xdf\xbc\x8cH\xbc4\x9b\x02\xfbC\x91\
\xd6\x81$\xb6iJ3\x9aW\xa5\xedX\x8em^\xc3\
\xe3kx,\xee\x9e\xbc\xd3\x98e\x19\xcb\xcb\xbad^\
\xbe\xde\x04\x17d\xd3E\x8b\xd6\x1c\xdd:\xc8\x09\xc3\xd0\
\x86\xc8F\x08\xf0\x08P\x9e\xf3\x0a\x9f@\xbf(o\xe3\
PQ\x04!\xb4\xb9\xef\x1a\xf9\xff\xa2\xa2\x92\x03\xdd\xf3\
\x7f]xk\xb0Jv(b\xba\xe1\xe5\xa8\x95\xd3\xca\
\xfe\xf2\xfdK\xe7\x04\xd0\x22\x15\xb9\xa9\xa6\xe5\xd9\xbbk\
\x0fr\x8e3Z\xeeqLK\xbb\xb5\xd7\xe5\x8f\x09\xa9\
vK\xd3\xf5,\xc7\xe5\x9fYm\xdc\xd1d\xbb\xab\xee\
\xad\x09Y\x9a\xbc\xf5(\x0c.\xd77\x83\xc3\xb9\x044\
\x15G\x9d\x07Z!\xb2\x1c\xa3pf\xae\x7f\x89i\xbb\
\x10\x11\x16\x8b6\xf1*i\x96\xe0C\xc52\xfe\xd4\xe2\
8\xc5e\x99l\x92\x98_\xb0|\x9f\x1e\xb6I\xfeO\
\xdfh\xb5\x04\xbb\xdb\xd1\xd3\x9e\x15\x158\x91=\xe78\
\xf7\x07\x9d\xe7\xd6\xb9\xe2\xde\x05\xa1\x9bRD]:%\
\xaex\xaf|\xd3\xb0ko\xd7F\xd1@\xf2\x9e\xd0\xe3\
5v\x8d\xcb\x0b8\xc3\xd8\xe3-\x1fd)+\x96\xe6\
\xeb\xa6\xfe4\x8e5+\x08-Z\xd7\xbc\xfe\xf4\x5c\x8c\
?\x88\xa4:_\xa6USw\xdb^Qk\xe7\x87\xc3\
\xfer\x87\x09;.Mt\xef\xfc\xc1X\xb64}+\
t\x02\xe89\xfe\xbd;>-M\xe0\xba\x16r\xa1?\
s\x1f\xbc\xa2A\x9e\xe5\xfa\x81\x8b\x1ej\x8e\x0fE\xc1\
'\x1eH\xf1\x99\xf2^\xd5\xff9MP\xb9c\xc7m\
!\xe8T\xc5\x81\xde\x97\x14\x1e\xb0^\xb3\xd3\xb0\x9b\x8f\
\x83\x83\x98\xd2\xe0\x90'\x15\x9f6\xfb\xd3m\xad\x87\x84\
\xd0r\xb8`\x99\xe3=\xd8\xa6l\x8d\xd3\xe1\x80c\x92\
sJ\xa0\x19\xe1\x8e\xdb=\x84\xfb\x88v\xb8\xfb0\xf8\
 \x82\xb7\x1d~\xe0:\x7f\xec\xca\xf0)\xc9\x92\x1f\x94\
\x83q\xeaq\xc7\xc7V\x0f\xcb\xa5\x98aTg1u\
Oga3[\xa3\xe0)\x0c(\x0c\xfd\xce\xc8\x8a\x84\
\xcf\x88\x9b\xe6\xb4\xa6\xf3\xadILt\xbeN\x9f\xea\x01\
V\x0f?\xff\xdew\xbe\xf55\xe3\xde~\x1c\xf8\xb5=\
\xa3\x15&\xb8\xc2\xd7Y\xd0Zx\xdb`\xdb3\xbef\
F\x7f|\xf9\xbajn\xb4\x88\xe3\xe8oV\xbc\xb5\xf7\
5\x0c\x11\x80\xd7\xec\xc0I\x9b\xab\xce\xbc q\xc4W\
9>\xfbWI\xc6\xc7\xb6X \x7f\xe5\xab\xda\xc2\xbe\
:z\xc1\x02\xd6\xb5\xd2K\xb5\x05\xbd,\x97\x83{\x06\
\x89\xb3D\x14\xb2\xff\xac\x924\xfd&n\xd2\xf4\xf8\xa6\
\xd2\xa4J\xe9\xd5\xb8\xb0\x9b\xd67}\xb3o:\xb7\xb0\
\xdb\xde\xd7W\xdb+\x95\xde\xa4\xe8\x1et\x8a\xd7\x94\x8f\
\xd0\xdf\x85\xd3p\x1eg\x07;\xec3FhS\xbc\xa3\
I\xe3\xaa{d\xd59\xe5\xfe\x0do}\xf4\x0aa\x1c\
o6\x9f\xc4\x05h\xd6\x89\xc8\xb9\x5c\x16\x87\x94\xafw\
\xef4g\x84|*\xab\x82\xbd\xd1\xa8Y\x99\x9a\xcb\xcb\
d\x88`{\xc9\xc1\xd0\x22\xe5\x83\xb4\x8a\xbc\xd6F0\
_^\x8a\x02\x9f\xa3\x9co\xec\xad\xb5\xbbUo|\x8a\
V\xce\x027\xec\x8c\xcdd\xf3,T\x0f\xad\xab\xa3\x9d\
c\x8f\x9e\xde`>\x0fE\x14\xbd\x90\xa2\x1e\xba\x1e\x12\
\x1f\xb7{\x90\xff\x05\x0cc\xe2i\x06\x0c8\x92\xc8\x1e\
\x8d\xa3\xa0\x9b\xcf\x03\xa8\x1d:\x10H\xc2\x0b\xac\x99\x90\
5n0.<\xcf\x9b\xcd\xf4\x83\x07%\xe19\xc8\x1a\
\x95\xdbf\x830\xc2\xdaqse\xb1\xf9\x97\xedv\x8a\
\xec\x80/\x09\x0f9V=a\xbd)\xc2\x0b\xc0L\x16\
\xdf\xcc\x9aO\x91\x1c\x04\xb2\xb3\x16\x85V\xd0\xd7\xcf\xd3\
Q(\xc0\x1bC\xa3\xc0g\xd7&\xd2\xd2nP\x9d\xc0\
gW%\xd2{\xc4\xbd.\x81\xca\x16\xb70\xd4\x90\x98\
\x0b\xe6c(\x92'\xa7\x06|\x80\xc6\xd0\x22\xcf\x8e\x8d\
k\x10\x10*V!\xea\x964\x0d3\x22\xd2\xdfQ{\
9\x91\xde\xda\xf6\x9cb#\x08\xc6P\x1bJ\xc1\xe9*\
8\xc21\x04\x87Rr\xbaj\x8e\xb9b\xcd\xa1\x10Z\
\x00\xc5GC\xd9\x81\xc6\x90\x1d\xcf\x0f\x8e+\x0fw\x0c\
\xe51\x01rB|\x04\x8a\xc5\xc7\x04\xb0A\xe0\xca'\
\xde\x86\xf2\x1fJ\xb7\x06\x1d\xb5\x1b\x94N}\xf4\xd4\xdb\
\xe3\xfe\xfa\xa4\xf9\x22\xe9\xbdaP\xc3\xa9\xc7\xa7m\xe6\
H:\xd3;(\xe5\xd4\x03\xd46\x87$\xad\x85\xef\x15\
\x9djv\xc4\xd3T\xd6\xcd\xc7\x11v\x13\xe1'\xf2J\
\xe3\xbc\xe5\x9a\x0a\xc0:\xc3$\xfdr\xfa^\xe6M\x85\
\x9e\xd0zH\xfa\xcd\xc3\xa0\xdaS\x8dPl\xbe\xfa!\
\x84\xaeJ\xc5\xf78\x93\x9f\x91\x99#\x9d?\x19\xd4{\
S\x81\x17Ho\x18\x83jo*\xf8\xa0tN\xe0^\
\xeb\xa9&\x07!\x7f4Z\xa6\xf0\xfc1\xa4\x9ez|\
\x9e\x87u<\xcc$\x7f\x1egH\xe8\xa9\xc6\x87\xb0\xbf\
\xd1/\xb5r\x11z\xaeb\x99\xa7\x9a]\xe0cL\xa8\
\xa6)\xbdQ\xce4\xa9&(2\x04\x1a\xaa<\xe9-\
\xb7\xffZ\xf6a\x19|Fh\x22\xb17\x8a\xd0\x9b\x0a\
\xbe:\xb17Jfo*\x04Ef\xcfS\xfd\xaeV\
1;m\xd5\xde\x5cZ\xaf\x0c\xbf\xb2U\xceOW\xb9\
\x87\xa4\x97\xbf\xe17\xb7\x8a\x01\xea,\xf8B\xe5\x92O\
5=\x9d%\x1f\x92\xcf\x8b\x0e\xbe\xc7U\x8cp\x1d\x13\
w\xa6\xe3\x00\x0c\xc6\xf9s\xbbG\xa8O\xca\x8fO\xdf\
qRU\x13\x01\x08\xf9\x1e\xac\xfa\xa8\x99jv\xfa&\
\xab\xc6\x91/\xea\xf9\xe9*_\x5ci\xe9<\x9c\xafR\
\x0cPg\xf9\xa2\xfeO\xf0T\xd3\x0b\x02\x8cu\xcc\xb7\
x\xd2[o\xff\xc5\xda-\xc6g$V\x9f\xa2\x92\xde\
m\x87\xe5\xca\xf3\xb3\xab3-\xd2byX\xab<?\
\xbd\xfa\xfc\x94\xf4\x17\xb5\x07\xa1\xa2\x0e\x9c\xc6)\x16\xf9\
\xafh\xc3*E%<}\xf3+\xfe8g\xa7\x14\xd2\
\xd3;\xb9\x02\x95\x1f\x9cR\xb9\xdci\x9dYq\xc69\
5\xa5\x8e\xdfM\x9f\xc4$\xae\xcf\x9f\xf5\xd8 \xcb\xf1\
g\xd0A\x81\xab\x12\x12\x0a\xc3\x87\xb3\xb4.z r\
c\x1a\xfc\xb9\xb1\xf3\x90Q\xf0\x98\xf1\xf9\x0a\xdd\xdb\xdf\
P\xe0\xa1\xae\x15@/\xf0\x83Y\xf7\x93d\xdb\xd5\xcb\
B\xfc$\xd8\xea\xe5_\xd12\xdf`\
\x00\x00\x05\xf2\
\x00\
\x00N\xa2x\xda\xe5\x5cK\x8f\xa38\x10\xbe\xf7\xaf`\
\xe9\xcb\xaeV6\xe6\x91\xf0\x98$s\xd8\xd6H#\xcd\
iwV{\x1c\x11p'\xa8\x01G\xe0t\x92\xf9\xf5\
[\xe6\x15H\xa7\xa5]\x81%Z\xa65jQU6\
\xf6\xc7W\xe5\xb2\x8b\x9e\xd5\xe7s\x96j\xaf\xb4(\x13\
\x96\xafu\x13\x13]\xa3y\xc4\xe2$\xdf\xad\xf5\xbf\xbf\
\x7fA\x9e\xae\x95<\xcc\xe30e9]\xeb9\xd3?\
o\x1eV\xbf \xa4\xfdQ\xd0\x90\xd3X;%|\xaf\
}\xcd_\xca(<P\xed\xd7=\xe7\x87\xc00N\xa7\
\x13N\x1a!f\xc5\xce\xf8MCh\xf3\xf0\xb0*_\
w\x0f\x9a\xa6\xc1s\xf32\x88\xa3\xb5\xde48\x1c\x8b\
\xb42\x8c#\x83\xa64\xa39/\x0d\x13\x9b\x86~5\
\x8f\xae\xe6\x91xz\xf2J#\x96e,/\xab\x96y\
\xf9\xd83.\xe2\xe7\xceZ\x8c\xe6dWF\xa6\xef\xfb\
\x06\xb1\x0c\xcbB`\x81\xcaK\xce\xc33\x1a6\x851\
\xdekj\x11B\x0c\xd0]-\xff\x9bUP\x02\xa0\x07\
\xf8\xd7\x99\xb7\x02\x5c\xb2c\x11\xd1ghGqN\xb9\
\xf1\xf4\xfd\xa9S\x22\x82c\x1e\xf7\xbai\xf1\x1c<u\
\x00r\x1ef\xb4<\x84\x11-\x8dV^\xb5?%1\
\xdf\xafu\xdb\xc1\xa6\x0d\xd7\xa2\x12\xeei\xb2\xdb\xf3[\
i\x12\xafu\x18\xbd\xe5{\xf5}\x8f\x1cfm\xd0t\
\x1ct\x1a\x82}\x0b\x9bZa.l\xb7\xb6i\xa7\x10\
\xc4,\x12c\x82.i\x96\x84G\xce2xkQ\x94\
\x86e\x99<'\x11\xdc\xb0\xfc\x90\x1ewI\xfec(\
\xfcQ&\xf4\x95\xe2\x16\xc7\xee\xa1\xf4|`\x05G\xe7\
\xf8\x00h.\xdd\xbb\xcaK\xab\xdc\x80v\x15\xd3\xe7R\
X\xd5S\x13w07W\xd7\x8cJ\xdb\x8dT\x0c3\
~M\xe8\xe9j\xbb\x0d\xcb\x1a>M;\x84;\xa0Z\
\xca\x8a\xb5\xfe\xf8\x5c]\x8db\xcb\x8a\x98\x16\xadjY\
]\x03\x15\x83\xd7\x91\xf0K\xed\x5cM\xdf\xedxE\xaf\
\x9d\x9e\xdc\xd7\x97\xfb0f\xa7\xb5n\xdd*\x7f2\x96\
\xad\xf5\x05^\xf8\x9eO\xcc[mt^\xebh\xe1b\
\xcfw|\xff\xad\x16\x9e\xe7X\xd8q\x89\xb5|\xab<\
\x16\x05x\x1fJ\xc3\x0b\x85IU\xbfZ\xa3r\xcfN\
\xbbB\x80\xc3\x8b#\xbdm)4h\xbbe\xe7\xfbj\
 \xc3Q\xf85:\xe6\x09\x07\xdf9\x9c\xfb\xbd\x1e\x93\
\x98\x96\xf7\x1b\x96yx@\xbb\x94m\xc3\xf4\xbe\xc1)\
\xc9\x01$\xd4\xd0\xdc\xb4\xbbwpk\xd1r\xde%\xde\
;\x160v\xf2\x8e\xea\xf2\xbe*\x0b\xcfI\x96\xfc\xa4\
\x00\x8cY\xd1\x0e\xa85\x80\xa5n\xa6i\xfc\x22\xfc\xf7\
|\x112\xbd\x15\x0a<\x85\xc0\xf2}\xb7\x13\xb2\x22\x01\
\xb7\xe8\x0d\xa7\x15]\xfa\x22\xe1\xed\x10\xac\xcf\x15\xbf*\
\xf6\xb9\xb7\xbaK_\xd7\xd0\xdex\xcb\xfbJ\x9eQ\x1e\
\xc6!\x0f\xafN\xd0J`l\xa4\x9d\x19\x04\xce\xe0\xcf\
\xa7/\x9b\xe6A\xab(\x0a\xfea\xc5K\xfb\x5cM\x13\
\x06\xe1\x96\x1d\x01i}\xd3\x89Wq\x14@\xa8\x83\x10\
\xb0I2\xa0\xb6\x88\x92\xbfCh[\x19W\xc5\xc0X\
\x80u\xed\xb4\xee\xb6\xa0u\xcc\xbc\xbbp\xc4Q\x96\x88\
F\xc6_<I\xd3\xaf\xe2!\xcd\x8c{\x9d&<\xa5\
W\xe1\xcahF\xdf\xcc\xcd\xe8Mne\xb4\xb3\xaf\xee\
vWT\x06N\xd1\xbd\xe84\xdcR`\xe87\xa1\xd4\
\xcc\xb7\xde\xc1\x8e\x87\x8c\xc5\xb4i\xde\xa1I#\xde\xbd\
2~IA\xff\x0c\xa3\x0f\x1e\x09q\xfc\xad\xf5I\xdc\
\xa0&L\x04f}[\x1cS\x08w\xaf4gq\xfc\
\xa9\xe4\x05{\xa1\xc2^\x5c\xcdm\xed\x0c\x01\xc1\x8e\xed\
;\xe2\xdd\xb7r@\x88\x16)\xb0\x95\x07N+\x8bC\
\x083E\x11^\x82\x1c\x96\xf9V\xda=s@T1\
\xdc\x85g\xfb\xc8D^\xa7h<o\x81m\xfb\xba\x94\
h\xbdE\xc6\xc1~\xa5q:\x8d\xa0,\xc17\x94\x05\
\xae\xda\xd8\x1b\x84Qx\xed\x03'(*>/\x1dq\
-\xbb\xb7\xfb>\x8a[[\xfc\xcc\x19Ed\xca\xc0\x11\
\xbd\x0d\x08\xe3\x80\x9c?\x1d\x91/\x03H\xd3\xc6\xee\xd0\
r\x1c\x8e\x22{\x00\x5cfMH\xb4\x90\x81\xa4\x87\xbd\
j.\x96:H\xba2p\xb4l\xbcT\xc7\xa9\x81\x8c\
R\xd8hzX\xb5\x85\xc6\x97\xc3G\xdb\xc6\x8eb+\
\x0d\x90\x12\x11)\xbe\xed\xe1Ee\xaa\x04+G\x22H\
d&\x8esg\xe1H\xec\xde\x9a\xab\x98|;2P\
\x9c<\xf5\x9e9\x8c\xde\x94n<u\xba=\xff\xc5\xc4\
\x93\xc1\xc1\xa9a\x9c9\x05\xc9hO&2w*\xb3\
'\xa1\x83,\x19,\x9c\x1a\xc7\xb9\xb3\xd0\x9e\x92\x84*\
m\xf3\x962\xd87!\x80\xb3\x0f\x7f\xee\xa4k\xf0\xc4\
[\xe3\x0f\x10\xfe\xa4\x10P\xbd#\x06O\xd2\xbed\xe2\
\x13\x86\xf9g3\xa3q$2O\x15>B>3:\
$\xde_S\x94:\x9f\xa9\x998mn\xad\xa2/\x8f\
\xce\xae\x89\xca\xe7\x0b\xe2\xc0\xd5\x19\xcbAky\xbb\x16\
W\xe7]\xae\xad\x907\xd7'\xd7\xae\x0c$\x81\x93\x96\
J\x85\x14\x22\x03DS\x99\x0dK[CY\xc8\x80\xd1\
\xc3\xaa}\xf8\xe0\x8e^`\xee\x02i)Y\xd8[ \
\xb2\x94\xe2\xddj\xa5\x8eM\xc1Y\x0e3!\x89\xac,\
-\xc5J\xceHJ\x1a\x04\x9b\x1aE\xca-\xa3\xbf\x7f\
P;}\x1c\xed\xcb&\xbe\x11\xaa\x88\xa2\x83,O\x06\
\x90\x13\xe6\xe03wc\x0f\xd9\x93:\xb2R\x89\xf7x\
\xf0\xee\xb2\xcfT\xa6\x5cU\x1d\xe98\xde\xa4\x0c\x9cx\
\xcf\xf2\x11b \x92\x12\x04\xd5\xda\xfc\x11{\xe2\x94f\
\xea-\xdf\xec\xbf\xd1^\x8e?\x83\xb8GC\xc5\xb6\xce\
\x046z\xd3\x06DS\xbd\x92\xd5\x12\xd9\xa6\x94\x95Y\
\xb9\x83\x07\xb1[\xf6\x89\x94\xcd\x8aZ\x07\x0fu\xf5\xca\
\x9b6\xdbV\xe7\xb8\xa1)D#)n=!\x8c\x1f\
\xa3\x0a=\xfe\xaf\xd2\xa4\x9e!~\x8cB4\xf2\x97\x93\
\xa2\xa8V\xe1\xcf\x19\xff\xa1l\x8fo\xcaV\xa0G\x7f\
n7\x04Q\xb9\xe2\xf3\xe8\x5c{\x88\x9f\x82u\xe7\xd1\
K\xf2\x10A\xd5\x8eo\xaa\x92\xf3\xe8\xa3\x87!\x86\x96\
Z\x1f\x86\xf5\xaa\xcd\x13\xaf)\xaa\x16\x9aG\x9fk\xdf\
,\xcdj\xe5\x87\xbd\x1a\xf3\xe8*\xf3\x8dc\xff\xbf\x8d\
\xca\xca\xd8m\x1eV\xe2\x7f\x07\xda<\xfc\x0b\xedYd\
,\
\x00\x00\x06\x89\
\x00\
\x00\x1d.x\xda\xedX[\x8f\xeb\xb6\x11~?\xbfB\
\xd0\xbe$\xa8E\xf1\x22R\xa4\xd6\xde\x00\xc5A\xd0\x02\
\xedK\x9b\xb6\x8f\x01-\xd1^u%\xd1\xd5em\xe7\
\xd7w([\x17\xdb\xeb\xe6\xa0\xd9\xe6\xf4\xe0D\xde\x85\
\xcd\x99!9\xf3\xf1\x9b!\xa9\xe5w\x87\xb2\xf0^M\
\xdd\xe4\xb6Z\xf9\x04a\xdf3Uj\xb3\xbc\xda\xae\xfc\
\xbf\xfd\xf0} }\xafiu\x95\xe9\xc2Vf\xe5W\
\xd6\xff\xee\xe9\xc3\xb2y\xdd~\xf0<\x0f:WM\x92\
\xa5+\xff\xb9mwI\x18\xee\xba\xba@\xb6\xde\x86Y\
\x1a\x9a\xc2\x94\xa6j\x9b\x90 \x12\xfa\x93y:\x99\xa7\
\xb5\xd1m\xfejR[\x96\xb6j\xfa\x9eU\xf303\
\xae\xb3\xcdh\xbd\xdf\xef\xd1\x9e\xf5FD)\x15b\x1a\
R\x1a\x80E\xd0\x1c\xabV\x1f\x82\xcb\xae\xe0\xe3[]\
)\xc68\x04\xddd\xf9iVI\x03\xa8\xec\xe0\x7f4\
\x1f\x04\xa8\xb1]\x9d\x9a\x0d\xf43\xa82m\xf8\xf1\x87\
\x8f\xa32\xc0(k\xb3\xd90y\xf5\xd2\xa4zg.\
f\x1d\x84'\x04ti\x9a\x9dNM\x13\x0e\xf2\xbe\xff\
>\xcf\xda\xe7\x95\xcf\x22D\x18<\xbc\x17>\x9b|\xfb\
\xdc^K\xf3l\xe5\x83\xf7T\xc9S{\xb6\xc2\xe4d\
p\x1e8\x99\xaf=\xa2\xde7F\x8aT\xc6X\xc6j\
\xe1QLI\x80I@\xf8\xb7}\xa7!\xa6$\xb3\xa9\
s\x12\xe60e\xae\xbb\xd6\x96\xb0\x8ciZ\xe8\xa6\xc9\
7y\x0a\x0d[\xed\x8an\x9bW?\xd66\xff\xb1\xb5\
\xb6@\x03\x98\xe3\xcc\xe6\xb0\xb3u\x1b\x1c\xb2\x1d@*\
\xe27\x95\xc7\xb9\xf257\xfb\xdf\xdb\xc3\xca\xc7\x1e\xf6\
\x18\x85?\xff\x09\xe4\xcb\xccl\x1a\xa7?\x85\xedZ\x10\
w\xec{a\xaf\x1d\x9dv\x1egn\x8c\xc9v\xad\x9b\
\x13\xb4\x9e\xb7\xd3[\xa0aa\xeb\x95\xff\xb0\xe9\x9f\xb3\
bm\xeb\xcc\xd4\x83J\xf4\xcf\x85\xca\xc2R\xe5\xed\xf1\
\x94=\xe7\xb1\x870\xdc\xa8\xa3\x1e\xbf\xado\x9euf\
\xf7+\x9f^+\x7f\xb2\xb6\x84\x85E\x8a+L\xb1\xba\
V\xa7\x80D\xc0(\xa2RrFn\xb40!\x8dQ\
$\xb9\xe0\xf2F\xd9\xd55\xa4fP\xe8\xa3\x81\xa8\xfa\
\xafa\x84\xe6\xd9\xee\xb7\xb5Cg\xa3\x8b\x11\x9e\xb1\xab\
S\x05\xeb\xb5[\x86\xb6\xeen\xd4\xc0\x8c\xcee}\xd0\
Uy\x0b\x99\xb5;\xcc\x87\xed\xf2\xcc4w\x06\xde\xe7\
\x15\xc0\x10\x9cIN\xd8\x88\xf2\xb5\xc5\xc0\xf8\x18\xdf\xb3\
p\x14\xb9\xa3:\xdeW\x95\xfa\x90\x97\xf9O\x06\x22'\
w\xc3\xaam\xdb\xb3\xdb\x0d\xf3\xd4\x1b-/\xa09\xf5\
\xf3\xbc\xf6\xe82\xfcpt2\x7f\x10:P\x9d\x80\xc5\
\x82\x8fB[\xe7\x90'3\x97\x07\xd1q.r\xf5\x00\
j\xf2a\xf2m\x949\xe6\x0dd\x0fo\xd9\xde\xcbK\
\xd3\xeaL\xb7z\xa2\xfe \xa1J\x8d\x91@)M\xfe\
\xf2\xf1\xfb\xa7\xf3\x04\xcb4M\xfea\xeb\x97a>\xcf\
s\x06zm;@\xdf\x7f\x1a\xc5\xcb,M\xa0\xf8A\
\x0dx\xcaK \xb4\xab\x9b\xbf\x83b\xb7\x0c'\xc5\x85\
\xb1\x03g\x1a\xf44lmNU\xf4\xcd\xad$K\xcb\
\xdcu\x0a\xff\xda\xe6E\xf1G7\xc99\xe2\xd9\xa0y\
[\x98I\xb8\x0c\xcf\xde\x9fc\x0bg\xc1-\xc3!\xfa\
\xbe\xb5\x9dP\xb9\xc8\x84qa\x0b\xbd6\xc5\xca\xff\x93\
Sz\xe46#l\xb7+mf\xce\xddG4M\xda\
\x8eK\xd5\x1e\x0b\xd0o\xc0\xfb\xe4a\xa36\xeb\x8dy\
t\x8d\xe0\x5c\x1c\x12rj\xd6]\x01\xb5\xef\xd5T6\
\xcb\x1e\x9b\xb6\xb6/&y\x90D\x13\xad\xce\xcdS\x82\
$xh\x16ye\xc0\x8d\xa4\xf9W\xa7k3\x97\xfe\
\xd3\xe6U\x02\xb8\x99z\x90\xf6\x8d\x02H\xde&\xd1 \
\xcb4\xd4\x9f\xba\xd6\xc7\xa4\x82\x0d~.\xb5\x9bMc\
\xdai\xa6\xd1\xd5\x0b>\xbb(\x99R\x93\xf0\x9c\xc0\x94\
#\xe5\x1e9*\x86\xbc%\x021A\xb0`\xa3\xe6\xd0\
W9\xc9\xe3xJ\x0b\xc7\xea\x08Qx\xc44D}\
\xe8\xab,\x13x\xaax =\xce\xa5\x03\x05\x96;\xdd\
>\xbf\x85\xff,\xce\xe4!R\x22\x12\xebKl\x09\x8a\
\x98p\xae_c\xbc\xee\xda\xf6\xbd\x10\xbeE\x13\xc0\xfc\
\xb3w\xc6\x81\xa9\xc5\x18\xbd\xf7w\x8fa\xc4\xa5\xdb\xdd\
/\xa0w\x01B\xfa\x8aI8\xd6w[\x81\xc7\xad\xad\
\x03\xa8\xf4\xaf\xba\xedjsQL\xc6\x22\x01\xacuy\
\x0559M\x7f\x1e\xb9\x07\x89\xd7l\xb3\xf9\x19\xf0\x14\
\x07\xa7`\xcf\xfa\x0c\xe8Q\x09\xd4\xc2qL\x17T!\
\x0e\xbfD\xec\xfda\xc2\xf4-\xf4\xe4o\xe8\x9d\xd0+\
\xbd\x081.\x95\x8a\xc8\x82\x0a\x14)\x86\x01\xbd\xd4#\
\x88r\x12\xc7J-\xf0\xbd\xdf7\xb82X\x82\x00\x7f\
2\xb2\xef\x91\xb2\x9c\xd1\xbe\xde|\x06\xd6qDY\xcc\
9f\x0b\x0aT\x83\x83\x0b\xf7bD\x08\xa7Dr'\
\x8a(g\x90\xc6\x04#8Xs\x1e-\x88BpP\
'\x98x\x04\x1a\x12I\xca$\x91^\x01L%TE\
Q\xb4\x88\x90\xc0\x84\xf3A\xc0\x17P\xdf(\xe5B\xb8\
E\x92\x84R\xb9\xa0\x08G\x1c\x8e\xfc0=\xc61!\
l\xe1@`\x92\xdf\xacF\x84Y\xfc~k\xf1\x7fO\
c\x85\x00Y)\x89\xab\x01p\xd0\xa2\x12H\x8c\x17\xc1\
\x88\xd7\x9d\xdf\xb7$\x96\x11\x0e\xe4W\x04\x1c\xe1\xa7\xea\
\x19\xbd\x0br\xea+B\x8e\x12$\x88\x82\x8b\xe1\xbb \
\xc7~\xd5\xc2\xf9\xb9\xce:n\xbf\x11\x84\x08A!S\
1l=\xb1\x10r\xb6\xdf\xf0\xd9\x1es\xf5\xfb\xce~\
\xf3\x15\x02\x07)K\xa3H2\xfe\xcb\x80\xfb/r\xf5\
\x8d\xdbM\xff\x8e$y\xc0\xfd\xf3\x98\xe5\xcd\x0e\xeeC\
I^9\x14\x1e\xed\xab\xa97\x85\xdd'\xafy\x93\xaf\
\x0b\xf3\xd8\x7f\xe7\x85\x0bo\x10\x9d\x92\x1d\x8e\x14k\x1d\
}\xfa\xf5\xc8\xf0\x0d\x1e\x8b\xc3p=B\x82\x0bN\xfe\
\xa7\xb5\xe0?\xde\x91\x1eK]\xbf\x98\xfa\xd4\xc1T\x1a\
\xc2\x0b\xd6:}q\x97\xc5*Kt\x9aveW\xe8\
\xd6\xdc\x5c\xa6\x5c\x11\x0b8|D \xae/U\x0a\xc2\
R8f\xb7\x97\xaa[\x0d\x5c\x95(\x92\x8aJ\x11\xb3\
\xf9\xad\x0a#w\x1e\xa04\xbe\xbaU\x09,\x15'\xf4\
\xeaVE\x22\x19\xc9x\x1a\xb5\xadu\xd5\xb8;=8\
\xeb^\x85\x98o\x02\x8ch\x0c\x1f\xce\xd9\xb7\xbf\x06=\
\xb8\x81\xb3\x92~\x17zH\x15}\xe1\x04\x09\xe2;\x14\
\xa1\xea\x1eEf\x1aXw\x09\x07U\x1a1E\xaf(\
Bc\xa1H\xf4\x85R\xe4\x5c\xaf\x7f\xa3HO\x11\xfe\
\x0b)B\x22w\x09Q<\xbe\xae\x22\x82\xc2I\x87}\
\xa1\x1ca\x1c\x5c\xca\xde\x87#R~\xf1\x1c\x99\x9d\x9d\
.YB\xee\xb2\x84\x5c\xb2\x04\x0e\xbeJ\xc0\xea]\xb2\
\x84\x098x\xd0\x19\xa1\xde\x91%7g\x96\xd1>H\
M\x05\xf0\x06\xfd\x1e\x08\x87\x9f(\x22\xe2\x13\xcc\xc1\x89\
\x80 \xc9\x98\x02\xff\xc6W\xea\xdb\xa7\x0fK\xf7J\xfb\
\xe9\xc3\xbf\x01\xccf\xba\x05\
\x00\x00\x18\xa1\
<\
?xml version=\x221.\
0\x22 encoding=\x22UTF\
-8\x22 standalone=\x22\
no\x22?>\x0a<!-- Creat\
ed with Inkscape\
 (http://www.ink\
scape.org/) -->\x0a\
\x0a<svg\x0a   xmlns:d\
c=\x22http://purl.o\
rg/dc/elements/1\
.1/\x22\x0a   xmlns:cc\
=\x22http://creativ\
ecommons.org/ns#\
\x22\x0a   xmlns:rdf=\x22\
http://www.w3.or\
g/1999/02/22-rdf\
-syntax-ns#\x22\x0a   \
xmlns:svg=\x22http:\
//www.w3.org/200\
0/svg\x22\x0a   xmlns=\
\x22http://www.w3.o\
rg/2000/svg\x22\x0a   \
xmlns:xlink=\x22htt\
p://www.w3.org/1\
999/xlink\x22\x0a   xm\
lns:sodipodi=\x22ht\
tp://sodipodi.so\
urceforge.net/DT\
D/sodipodi-0.dtd\
\x22\x0a   xmlns:inksc\
ape=\x22http://www.\
inkscape.org/nam\
espaces/inkscape\
\x22\x0a   width=\x2234.1\
33335\x22\x0a   height\
=\x2234.133335\x22\x0a   \
id=\x22svg5320\x22\x0a   \
version=\x221.1\x22\x0a  \
 inkscape:versio\
n=\x220.92.1 r15371\
\x22\x0a   sodipodi:do\
cname=\x22semiautom\
aticclassificati\
onplugin_downloa\
d_image_preview.\
svg\x22\x0a   inkscape\
:export-xdpi=\x2267\
.5\x22\x0a   inkscape:\
export-ydpi=\x2267.\
5\x22>\x0a  <defs\x0a    \
 id=\x22defs5322\x22>\x0a\
    <linearGradi\
ent\x0a       inksc\
ape:collect=\x22alw\
ays\x22\x0a       id=\x22\
linearGradient60\
23\x22>\x0a      <stop\
\x0a         style=\
\x22stop-color:#00f\
fff;stop-opacity\
:1;\x22\x0a         of\
fset=\x220\x22\x0a       \
  id=\x22stop6025\x22 \
/>\x0a      <stop\x0a \
        style=\x22s\
top-color:#00fff\
f;stop-opacity:0\
;\x22\x0a         offs\
et=\x221\x22\x0a         \
id=\x22stop6027\x22 />\
\x0a    </linearGra\
dient>\x0a    <line\
arGradient\x0a     \
  inkscape:colle\
ct=\x22always\x22\x0a    \
   id=\x22linearGra\
dient5971\x22>\x0a    \
  <stop\x0a        \
 style=\x22stop-col\
or:#000080;stop-\
opacity:1;\x22\x0a    \
     offset=\x220\x22\x0a\
         id=\x22sto\
p5973\x22 />\x0a      \
<stop\x0a         s\
tyle=\x22stop-color\
:#000080;stop-op\
acity:0;\x22\x0a      \
   offset=\x221\x22\x0a  \
       id=\x22stop5\
975\x22 />\x0a    </li\
nearGradient>\x0a  \
  <linearGradien\
t\x0a       inkscap\
e:collect=\x22alway\
s\x22\x0a       xlink:\
href=\x22#linearGra\
dient5971\x22\x0a     \
  id=\x22linearGrad\
ient5977\x22\x0a      \
 x1=\x2215\x22\x0a       \
y1=\x2222\x22\x0a       x\
2=\x224\x22\x0a       y2=\
\x2230\x22\x0a       grad\
ientUnits=\x22userS\
paceOnUse\x22\x0a     \
  gradientTransf\
orm=\x22matrix(0.53\
774105,0,0,0.537\
74105,16.396704,\
17.276308)\x22 />\x0a \
   <linearGradie\
nt\x0a       inksca\
pe:collect=\x22alwa\
ys\x22\x0a       xlink\
:href=\x22#linearGr\
adient6023\x22\x0a    \
   id=\x22linearGra\
dient6029\x22\x0a     \
  x1=\x22-7.7272725\
\x22\x0a       y1=\x2211.\
454545\x22\x0a       x\
2=\x223.1818182\x22\x0a  \
     y2=\x222.36363\
63\x22\x0a       gradi\
entUnits=\x22userSp\
aceOnUse\x22\x0a      \
 gradientTransfo\
rm=\x22matrix(0.322\
64463,0,0,0.3092\
011,31.453453,29\
.452783)\x22 />\x0a  <\
/defs>\x0a  <sodipo\
di:namedview\x0a   \
  id=\x22base\x22\x0a    \
 pagecolor=\x22#fff\
fff\x22\x0a     border\
color=\x22#666666\x22\x0a\
     borderopaci\
ty=\x221.0\x22\x0a     in\
kscape:pageopaci\
ty=\x220.0\x22\x0a     in\
kscape:pageshado\
w=\x222\x22\x0a     inksc\
ape:zoom=\x227.9180\
417\x22\x0a     inksca\
pe:cx=\x22-42.31056\
5\x22\x0a     inkscape\
:cy=\x2219.835671\x22\x0a\
     inkscape:cu\
rrent-layer=\x22lay\
er3\x22\x0a     showgr\
id=\x22true\x22\x0a     i\
nkscape:grid-bbo\
x=\x22true\x22\x0a     in\
kscape:document-\
units=\x22px\x22\x0a     \
showguides=\x22true\
\x22\x0a     inkscape:\
guide-bbox=\x22true\
\x22\x0a     inkscape:\
window-width=\x2213\
66\x22\x0a     inkscap\
e:window-height=\
\x22708\x22\x0a     inksc\
ape:window-x=\x220\x22\
\x0a     inkscape:w\
indow-y=\x220\x22\x0a    \
 inkscape:window\
-maximized=\x221\x22>\x0a\
    <inkscape:gr\
id\x0a       type=\x22\
xygrid\x22\x0a       i\
d=\x22grid5346\x22\x0a   \
    originx=\x220\x22\x0a\
       originy=\x22\
0\x22\x0a       spacin\
gx=\x221.0666667\x22\x0a \
      spacingy=\x22\
1.0666667\x22 />\x0a  \
</sodipodi:named\
view>\x0a  <metadat\
a\x0a     id=\x22metad\
ata5325\x22>\x0a    <r\
df:RDF>\x0a      <c\
c:Work\x0a         \
rdf:about=\x22\x22>\x0a  \
      <dc:format\
>image/svg+xml</\
dc:format>\x0a     \
   <dc:type\x0a    \
       rdf:resou\
rce=\x22http://purl\
.org/dc/dcmitype\
/StillImage\x22 />\x0a\
        <dc:titl\
e />\x0a      </cc:\
Work>\x0a    </rdf:\
RDF>\x0a  </metadat\
a>\x0a  <g\x0a     id=\
\x22layer1\x22\x0a     in\
kscape:label=\x22La\
yer 1\x22\x0a     inks\
cape:groupmode=\x22\
layer\x22 />\x0a  <g\x0a \
    inkscape:gro\
upmode=\x22layer\x22\x0a \
    id=\x22layer3\x22\x0a\
     inkscape:la\
bel=\x22Livello\x22>\x0a \
   <rect\x0a       \
style=\x22color:#00\
0000;display:inl\
ine;overflow:vis\
ible;visibility:\
visible;fill:#b3\
b3b3;fill-opacit\
y:1;fill-rule:no\
nzero;stroke:#15\
ff00;stroke-widt\
h:2.24000001;str\
oke-linecap:butt\
;stroke-linejoin\
:miter;stroke-mi\
terlimit:4;strok\
e-dasharray:none\
;stroke-dashoffs\
et:2.83280158;st\
roke-opacity:1;m\
arker:none;enabl\
e-background:acc\
umulate\x22\x0a       \
id=\x22rect3007\x22\x0a  \
     width=\x2244.7\
99999\x22\x0a       he\
ight=\x2237.333332\x22\
\x0a       x=\x22-6.40\
00001\x22\x0a       y=\
\x22-2.1333334\x22\x0a   \
    ry=\x229.371020\
3\x22 />\x0a    <path\x0a\
       style=\x22fi\
ll:#b3ff80;strok\
e:#000000;stroke\
-width:1.1377776\
9px;stroke-linec\
ap:butt;stroke-l\
inejoin:miter;st\
roke-opacity:1\x22\x0a\
       d=\x22M 11.3\
77778,0 34.13333\
3,11.377778 22.7\
55555,34.133333 \
0,22.755555 Z\x22\x0a \
      id=\x22path29\
97\x22\x0a       inksc\
ape:connector-cu\
rvature=\x220\x22 />\x0a \
   <g\x0a       id=\
\x22g3000\x22\x0a       t\
ransform=\x22matrix\
(1.2934423,0,0,1\
.2781296,-7.5257\
625,-10.376751)\x22\
>\x0a      <path\x0a  \
       inkscape:\
connector-curvat\
ure=\x220\x22\x0a        \
 id=\x22rect5348\x22\x0a \
        d=\x22m 23.\
303314,17.141873\
 c -0.550822,0 -\
0.99146,0.440638\
 -0.99146,0.9914\
6 v 7.209092 h -\
3.764186 c -1.07\
5483,0 5.91515,8\
.066115 5.91515,\
8.066115 l 0.537\
741,0.537741 0.5\
37742,-0.537741 \
c 0,0 6.990633,-\
8.066115 5.91515\
2,-8.066115 h -3\
.764188 v -7.209\
092 c 0,-0.55082\
2 -0.440638,-0.9\
9146 -0.99146,-0\
.99146 z\x22\x0a      \
   style=\x22fill:u\
rl(#linearGradie\
nt5977);fill-opa\
city:1;fill-rule\
:evenodd;stroke-\
width:1.06666672\
\x22 />\x0a      <elli\
pse\x0a         id=\
\x22path5982\x22\x0a     \
    style=\x22fill:\
url(#linearGradi\
ent6029);fill-op\
acity:1;fill-rul\
e:evenodd;stroke\
:#000000;stroke-\
width:0.31585136\
;stroke-opacity:\
1\x22\x0a         cx=\x22\
29.840229\x22\x0a     \
    cy=\x2231.30798\
9\x22\x0a         rx=\x22\
3.2264464\x22\x0a     \
    ry=\x223.092011\
\x22 />\x0a      <elli\
pse\x0a         id=\
\x22path6043\x22\x0a     \
    style=\x22fill:\
none;stroke:#000\
000;stroke-width\
:0.09043921;stro\
ke-miterlimit:4;\
stroke-dasharray\
:none;stroke-opa\
city:1\x22\x0a        \
 cx=\x2229.705795\x22\x0a\
         cy=\x2231.\
307989\x22\x0a        \
 rx=\x221.2099174\x22\x0a\
         ry=\x222.9\
575758\x22 />\x0a     \
 <ellipse\x0a      \
   style=\x22fill:n\
one;stroke:#0000\
00;stroke-width:\
0.13481882;strok\
e-miterlimit:4;s\
troke-dasharray:\
none;stroke-opac\
ity:1\x22\x0a         \
id=\x22path6045\x22\x0a  \
       cx=\x2229.84\
0229\x22\x0a         c\
y=\x2231.307989\x22\x0a  \
       rx=\x222.688\
7054\x22\x0a         r\
y=\x222.9575758\x22 />\
\x0a      <ellipse\x0a\
         style=\x22\
fill:none;stroke\
:#000000;stroke-\
width:0.09347273\
;stroke-miterlim\
it:4;stroke-dash\
array:none;strok\
e-opacity:1\x22\x0a   \
      id=\x22path60\
47\x22\x0a         tra\
nsform=\x22matrix(0\
.00594028,0.9999\
8236,-1,0,0,0)\x22\x0a\
         cx=\x2231.\
30854\x22\x0a         \
cy=\x22-29.721489\x22\x0a\
         rx=\x221.2\
099575\x22\x0a        \
 ry=\x223.1592054\x22 \
/>\x0a    </g>\x0a    \
<path\x0a       sty\
le=\x22fill:#0066ff\
;stroke:#ffffff;\
stroke-width:0;s\
troke-linecap:bu\
tt;stroke-linejo\
in:miter;stroke-\
miterlimit:4;str\
oke-dasharray:no\
ne;stroke-opacit\
y:1\x22\x0a       d=\x22m\
 21.333333,5.866\
6667 -4.102564,4\
.5948713 -2.2974\
36,4.471795 -1.1\
48718,4.430769 v\
 6.646154 3.3230\
77 L 0,22.68718 \
11.48718,0.53333\
333 18.133333,3.\
7333333 Z\x22\x0a     \
  id=\x22path3009\x22\x0a\
       inkscape:\
connector-curvat\
ure=\x220\x22\x0a       s\
odipodi:nodetype\
s=\x22cccccccccc\x22 /\
>\x0a  </g>\x0a</svg>\x0a\
\
\x00\x00\x0a\xa3\
\x00\
\x00-\x07x\xda\xedZ\xdbn\xdb\xd8\x15}\xcfW\x10\
\xf2K\x8c\x8a\xd4\xb9_\x14;\xf3\xd0\xc1\x14\x03\xcc\xa0\
@g\x06\x05\xfa2\xa0H\xcafC\x91\x02I\xc5r\
\xbe\xbe\xeb\x90\x22EJ\xb2-\xdbB\x81\x14\x15\x13D\
<\xfb\x5c\xd7\xbe\xad}\x94\x9b\x1f\xb6\xab\xcc\xfb\x9a\x94\
UZ\xe4\xb7\x13\x1a\x90\x89\x97\xe4Q\x11\xa7\xf9\xdd\xed\
\xe4\x8f\xdf\x7f\xf2\xcd\xc4\xab\xea0\x8f\xc3\xac\xc8\x93\xdb\
I^L~\xf8\xfc\xe1\xa6\xfaz\xf7\xc1\xf3<\x0c\xce\
\xabyQ-n'\xf7u\xbd\x9e\xcff\x0f\x0f\x0fA\
\xb1N\xf2\xea!\xac\xa3\xfbEQ|\x09\x8a\xf2n\xb6\
)\xd3\x19#\xc4\xce\xd0w\xb2\x1f\x19G\xfd\xc0\xf5\xa6\
\xcc\x9a\xaeq4K\xb2d\x95\xe4u5\xa3\x01\x9d\x0d\
\xbaG\xfb\xeeQ\x99\x84u\xfa5\x89\x8a\xd5\xaa\xc8\xab\
fd^]\x0d:\x97\xf1r\xb4\xab\x07\xdet\xa2\xd6\
\xda\x19a3\xc6|\xf4\xf0\xab\xc7\xbc\x0e\xb7\xfex(\
Nwj(\x0e@f\x90\xed{\x9e\xd7k\xbe\xcd\xd2\
\xfc\xcb\x93\x9bi\xa4\xc3\xd5\x81\xfe\x1a\x7f\xfb\x01]C\
P\x15\x9b2J\x96\x18\x99\x04yR\xcf~\xfc\xfd\xc7\
^\xe8\x93 \xae\xe3\xc14\x98\xb4\x8a\xc2u2Z\xb7\
kl\xf1\x0aWI\xb5\x0e\xa3\xa4\x9au\xed\xcd\xf8\x87\
4\xae\xefo'\x5c\x04\x94\xe3#\x9b\xc6\xfb$\xbd\xbb\
\xaf\x0f[\xd3\xf8v\x82\xb32ku\xf3>\xb0$\xda\
v\xd8M<\x1f\xdaX\xc0\xbc\x8f\x89Q\x91\xd1\xc4h\
;\xf5\x18a\xd4'\xd4\xa7\xf2\xba\x19\xd4\x9di\x1e\x17\
\x91\xdb$\xd6HVi\xb8\xa9\x8b\x15\x94\x1eEYX\
U\xe92\x8d\xf0R\xe4\xebls\x97\xe6\x7ff\xb0\xd1\
*\xac\xcd\x9fuQdA\x87\x7f\xbf|\xb2]\x17e\
\xedo\xe35pU\xfa\xa4\xf0\xb1\x13~\x86\xf4\xa6\xdf\
\x84\xdbA\xfc5M\x1e\xdc\x98\xf6\xc8\x8b\xb0j\xa1\xf2\
\xbcux\x07#\xcc\x8a\xf2vr\xb5l>;\xc1\xa2\
(\xe3\xa4\xecD\xaa\xf9\x8cD\x05\xa0O\xeb\xc7\xd6\xeb\
vsw;r\xb3\xf6rrZ^\xdd\x87q\xf1p\
;a\x87\xc2oE\xb1\xba\x9d\xe8\xc0RC\x04\xd5\x87\
\xe2h{;\x91\x811\xc2Rn\x8e\x84X\x8f\xe9\x80\
\x13\xc24?\x12n\xca\x12~\xe9g\xe1c\x82C5\
\xff\xd0]\xa7\xea\xbex\xb8+\x1d8u\xb9I\x0eG\
:\x89\xbfX\x14\xdb\xd3b\xe8y\xe3<\xde\xdf\xe4i\
\x0d\xafZo\x87\xb3n\xd28\xa9N\x0f\xac\xf2p\xed\
\xdfe\xc5\x22\xccNwxHs\x80\xe4\xefL\x9a\xf2\
^\x07\x87=:\xfb\xd6\xe4\xa9\x1e\xd8;yB\xf4\xf8\
\xb4h\x15n\xd3U\xfa-\x010\xf4\xc9c\x97E\xdd\
\xd8\xb2\x9b\xe6s\xd3\xe9f\x04];\xae\xb5=\xf7\x0e\
\xf5\xc8I\xd7X?:'\xdf>:A\xdfX\x94)\
\xbcb\xb0\xe5\xae\xe9q\xd8\xe4\xbc\x1f\x91~\xdb\xd8`\
c\xa1\xfaP\xf68\x94y\xb3\xc65f\xc7\xbe\xd1\xb4\
\xc7\xc9\xb2\xda;\x89{C`\xb0\xdd\x89\x10\xe6\x92\xb0\
\xfc[\x19\xc6)\xce<<\xd2X\xa2\x88P\xbb1\xce\
\x0d\xebb\xdd\xf5\xdd\xc5\x1b\xb4\xa0\x8f\x99\xec\x9b\x8b\xe5\
\xb2J\xea\xe1\xc9\xb0\xff\xfa1K\xda\xde~\xe3\x85\xf3\
+\xad\xdc\xf3\xa9i\xday\xd7\x9c~\xda\x9d\xea\xd9\xd5\
$9\xb1\x1a}~5\xce\x84T\xe6\xc9\xd5nf\xe3\
c\xbf\x12%iv\x81\xea\xc4\xbeOl&\x8ec\x1b\
\xdb\xa3\xcd<\x0faw~\xace\x9fF\xe9\xc4j*\
r\xcf\x19\xab\xd1\x93\xabiz9\x94\xa4}\x05J6\
\x0aCB\xde\x8e\x12}\x15J\x88\xbf1]\xbc\x19%\
\xc5/\x87\x12\xdb/\x01\x86\x86\xf4\x92\xe6X\xb7*2\
\x84\x94\xf3\x0f\xb4T\xe0>\x07\xf0\x91@\x1b\xc3\xb8\xe4\
\xaf\xc0\x91]\xf0dT^\xe4d\xcb\x85^\xe87\x1b\
\x06\xd5\x17;\x90\xa6\xea\x15\xfb\x96D3#\xde\xbao\
M\xcd\xcb\xc1Qb\x85\xd7\x07G\xbap!\xe2\xd0T\
\x845\x84[\xc6>\xbd\xca\x8f\xb86\xb1\x89\x0f\xe6:\
\xdb\x8f4#oTNO\x8b\x8a,K\x22\xcc\x1ff\
\x0f\xe1c\xd5/\xd2\x10\xfb\xf9}\x99\xa0\x10\xb9:\xa1\
\xc6\xe7\xb4\xcc\xd8~\x1az;1\x01c\xc6(b\xfb\
\xd6G\xb4R\x1bXe\xf5>go\x19\xd8\x9b\x08\xe0\
m.\x16\xf5]\xd9\x89\xaew\xbb\xa5\xfeh\x19\xd7\xa6\
J\xca\xdf\x5c-\xf0\xf7\xfc\x8f\x9e\xdb:\x12\x80:+\
\xfe5\xa9\xef\x0blr\x1d\xc6G\xe3\x7f/\xc3\xbcB\
I\x02\xc6\x09r^\xa6\xdb\x8f=]\x98\x12<\xfb7\
_\x04\xd2pC\x18\x9b\xfa\x14\xf5\x81\xe2\x92\xe9\xeb=\
\xf6\xa7Q~n\x1d\xaa%a\x92N}\x16pJ\x0d\
\x93\x89o\xb0\xa0\x14\xdc\x0a\xbe{\xa1\xda\x12\xaa9\xfa\
\xa8\xc0h'jV\xb7D\x0bF\xaf\x9f\xc7\xe8\x098\
O\x22\x7fRI/\xc3\xf7<\xfc\xa7,\xc3\xb0s\x0c\
\xac!Q/Z\xea\x0b\xd8\xbf\xcb\xc2]\xe6}\x96\xbe\
\xc8\x11x\xd0\x89\xa6B\x0dx\xad\xc3\x19\xa5\x0f\x95\x94\
\x10a\xd5H+\x9c\x06\x06%\x0a\xe1#\x05\x9e\xea}\
\x1e\xd0O[\x19\xf2\x17\xd1Z\xc0\x9e\xa6\xf8\x8a\xf8$\
\x84\x855\x11X\x90e\xb0!\x8bf)\xc1+\xa95\
S\xdf\x04\xd2\x15\xc7b\xff\x8d\x0e,\xdc-\x12f\x97\
Ey\xc0\xd8\x1d\xca\xe3%@\xa5\xf6\x08\xb9\xbao\x10\
V\x5c\xa5G\xb1\xcb\xbea9\x96/\x0f\xe5\xa5\xab)\
\x89m>g\x01g(\xbcL\x916\x0e\x90@\xc1\xe1\
\x10\x07\x00\x1e\x17\xf0\x1ec\xe4\x94\x07\x9a\x13\x14\xa2\xec\
\xfaL}\xbdd\xb0\xa7\xa8\x8d\xf6\x89o_*(\xd0\
\xcf\xfa\xda\xa7\xaf/*\x96!\xa5'8\xe3\xcby\xd3\
p\x8a\x9d\xbd!w.\xd5ryD\xb3^,,.\
o|\xe3\x18sd|\xdcH}17\xf4y\xc0x\
\xf3LY (\x17\xca8'4\x94(\xeb\x12\x0a\xfc\
QHC\xb4\xb4S\xcb\x03\x85\xe8\xc3\xf8\x94Jd\x1c\
\xa9\xb5\xbd\x1e9\x81k\x1e\xbb\x81\x86g\x0bc\xf5\xc8\
\x17F\xdd\x96'\xbb\x95\xad\x8b(&\xfb\xd2\xd8U\xbd\
\xcd\xb7UR\x87qX\x87\xfb\x82\xb8kq\x97+]\
Q\x5c\xc6\xcb\xf9?~\xfc\xa9\xb7\x95(\x9a\xff\xb3(\
\xbf\xec\xf5\xef:\x84\x8bb\x03\xcd\xf46\xecJ\xedh\
\xee\xf0\x09\xeb\xcf\xe9*\xbcK\xdc\x85\xe3_\xb6\xab\x0c\
\xeb\xf7\x82QgwI\xb0\x9f\xb4\x9d\xb6L\xda\x0b\xc5\
\x93w\xb0q\xb4J\xdd\xa0\xd9ou\x9ae?\xbbE\
\x066\xbd\x9b4\xad\xb3d`\xe8\xb3\xdd\xee;;\x1c\
\x1c\xeef\xd6\x9d\xbey\xbb;\xba\x1f*6\xebU\x11\
'\xbb[\xa5\xc3\x9b\x92,\x5c$\xd9\xed\xe4\x17'\xf3\
\xfa{\x94\xb8\xbf\x83\xda\xad\x98dY\xba\xae\xfa\x83\xee\
|g\x89\x03\xccq\xb4\x8fW\xc7\x06z\xfd\xc9I\x07\
\x8e\xdb\xbc\x96\x9b,\x99'_\x93\xbc\x88\x1d\xaf,\x8b\
/\xc9\xfc\x8a\x90]u\xe3^\xdb\x1b\xa5y\xff\x0a\xb0\
\x922K\xf1\xcf\x5ctmqX\xdd\x87e\x19>\xce\
\xf3\x22O\xba\xd6~\xa9\x91\xeb\xac\xc3\xfa^)\xce\xc6\
\xd1\xda\x06\x94S\xce\xec\xc8Z\xb9r\xdc\xc9\x9a\xbd\xef\
\x95\xae\xaf\xd8\xbf\xba;<x\xc9 \xf1\xc0\xb3\x9f\x04\
\xe5\x98`\xbc\x17\x94\x80R\xad\x09\xbb\x146n\xf7\x82\
I\xe2\xefO\xdc\xdd\xe7\x19G\x03\x04\xd9\xc3\xd6]\xe3\
\x81\x8b\xa1\xe4dd\x8f\x0a0\xf2\xe1\xc1\x80\xd3\x98\x01\
\x99sI\x0d\x9c\x01\x84[\x8d\x00\xe4\xc8\xdf\x9aH\xaa\
G(\xf7\x9cs\x7f\xfbv\x22\xf1)0\x13AU\x13\
\x96@\x19\x84\x12\x9a\x22\x01\x1a\x22\x19\x08\xa8p\x8c\xc1\
2<R\xba\xc4x}\xcc\xd3\xfaI\xfd\x08*IJ\
\xbf\xd9<\xf4n9\xb5\xf4\x8c\xfe8\x80\x0f\x130Z\
)\xc4\xe8\xb7\xd9\x01\xbb\x80\x1d8\xee\xaf/m\x07G\
V\xa0\xdb\x1a\xc3\x1cY\x81\x0e\xc4\xc1\xad&\x80\x14\x01\
S\x84S)\x86F\xa0\x02A\x04\xe8;;0\x02v\
\xa0\xfe\xc3[\xd2\x81\xfa\x9bK\xdc\xe4\xa3\xc3]\x01w\
Gjz\xe0\x9d{\x9f\x0b<\x98\xf1\xbb\x81'FY\
*\x9e\xf5\xc0c\x8c\x01\xf1\xaf\xde\x8e\xb72\x89<\xdb\
\xfc\xd0\xc3\xa9\x077k\xbfN)l\xca\x8b<\xd82\
\xd7\xd4(X\xb2\xe5\x84Q\xe9!?\x13\xa1-\xec\xdc\
Y\x1d\x05\xb7\xf1P\xef\x11\x09\xad(\xd0<E\x19\xb2\
\xa4\x97y\xaeT\x13\x98S\xa24C\xe5\xad5f\xf3\
\x01+\xc1 \xed\x18\xb6p7\x16n:Pk\xa1\x85\
\xec\x96\x10n>\xd6\xa0\x8f6\xef\x177S\xbb)9\
\xed\xd4Lw\x935*R\xa8\xf3\x02j$\xfe\xec\x1b\
\xe1\x92\xd0)\xc6&~S\x90\xb6\x13z\xf0B\xafm\
\xea&\xf5:Y;\xa2E\x99\xa3\xb6#\x9c\x1b\xef\xaf\
\x9e\x0a\xb8\xe3\xc1\xe0\xb0\xfd\xdc\xd6C$\xd1-v\x9d\
\xa1\xd0\x93x\xfe\xeb\x84Y\x0by\xaa\x5c\xcbs\x08\x8b\
\xd2\x8f6\xe5\xd7\xb0\xde\x94\xc9\xe8\xf6\xbe\xbf\x85G\xe2\
t\xb9\x1a\xc4\xaaj>\xd1\xb7Am\xf7\xba\xa4\xe8J\
\x86\xf7\xfb=\xaa|\x22/\x99\x1b\xb9e\xdc\xe7\xcfD\
]\x1f\x11\xd6\xc5[\xe6\xec\x9e\x09\x17d\xadT\xd2\x0a\
\xa1\xc6A6\xda\xc5R+,b\xf9\x98\x07J\x18*\
\xb1|\xec\xf4\x12E\x0a\x97\xfc \xc1\x0a\xd8\x1cq&\
\xf2\xb2\x93\x0fN\xf8\x14`\xbcwU\x17\x0c\xa0\xfc\xf9\
bS\xd7\xc3\xb6\x7f\x17i>o\x90\xbc\x04\xac\x8d\xab\
w\xc6.\xe0\xa0\xb4)\xeb\xa8\xb7s%d&\xca\x03\
3\xfc\xd1r\xaf\x0bi\xac:\xdbX\xbf[t\x06\x1e\
n\x83\xd6\xf3\x05B\x84\x07#ik\xe0)E\xa6\x7f\
\x1a\xa1\x81\xb5\x9e\x8d\xd1S\xf9\xf9*Q\xeey\xb7[\
\x82=\x88Kfci\xe91'C\xecc\x06^x\
\x94\x8d%\xf2\x01`\x1cgc\x98\x1e\xb3\x86\x0e|\xae\
\xbdwP\x12\xa9\xc0\x1cd_\xae\x8d\xa2\x82\x1f\xe4h\
\x0dBg\xc8\xf3\x94\xcc*k\x0c'\xb2\x09\x11\x82K\
M\x89\x99\xbah!\x94&\xb4\xc92RJ\x0b%\xb7\
\xd1\xe2\xbf\xa5\x12d@\xa5\xcd\xa5u\xe2\x8bC\xad8\
\xa3\xd5T\x90c\xad \xbbQ+\xed\xe0\xa2\xc8\xfdj\
\x8c\x04O\x0c\x95\x03R\xdc\xfcG\x04$B\xaa\xcd\x98\
\x13\xbb\xa4m\x15\x88\x99\x1cW (\xd3\x05P\x7f\x81\
*\x0b\x0d\x9a\xae]\xb8\xd6\x8a!p\xbb\xeb\x5c\xf7\x1d\
\x96\xe2\x8ay\xd7\x83\xc3\x98\x1ck>\x9b*c\xbc\xe6\
\x88\xfc\xfa<\xa6\x0c\xae!\x08jx\xfb\xddk\xdd\xb7\
\xef\xd4;\xd8\x8a\x01p\x8c\x0f\xd5\xee\xbb\xc8!\x90/\
\x8d\xfc\xbf\xe2\xdf\xa9x\xd0D\xacwI\xcd+B\x8e\
\xb4\x8e\xa0\x8a\x0a\x80\x0e\x04\x9d\xd6Y\x80B\x97\x83\x16\
\x8d\xbd\x1d\xf9M\xa3R5C\xb5\x8b\x80S\xb4iq\
\xa0t\x10\x06X\x1b\x1dWJ\xae\xba5\xdc\xf2AU\
uJ\xeb\x18(\xb9\x95m5\xac\x98V\xa4\xd1:w\
\xbf\x16P\xa3\x1b\xb2\xefLM\xbcN\xeb\xd6\xfd\x98\xc3\
\x04?\xb32\xc6>\x0c\xa3\x5c3\xfa\xbd+~pa\
\xfd6\xd5[\x94^\x8a\x09:\xd2<R*\xf6K\x84\
\xfd^4\xcf\xe9+5O\xf4w\xafy\xf6N\xcd\xa3\
:G\x01$\x14\x1f\xfb\xbcd\x5c\xa8A\xfc\xff\x9f\xd5\
\xfc\xcd\xec\xee\xf3\x87\x1bwq\xfe\xf9\xc3\x7f\x00\x961\
Zb\
\x00\x00\x066\
<\
?xml version=\x221.\
0\x22 encoding=\x22UTF\
-8\x22 standalone=\x22\
no\x22?>\x0a<svg\x0a   xm\
lns=\x22http://www.\
w3.org/2000/svg\x22\
\x0a   width=\x2234.13\
3335\x22\x0a   height=\
\x2234.133335\x22\x0a   v\
iewBox=\x220 0 34.1\
33335 34.133335\x22\
\x0a   version=\x221.1\
\x22>\x0a  <g>\x0a    <re\
ct\x0a       style=\
\x22fill:#49646b;fi\
ll-opacity:1;str\
oke:#e6e6e6;stro\
ke-width:2.4;str\
oke-linecap:squa\
re;stroke-miterl\
imit:4;stroke-da\
sharray:none;str\
oke-opacity:1\x22\x0a \
      width=\x2232\x22\
\x0a       height=\x22\
32\x22\x0a       x=\x221.\
0666667\x22\x0a       \
y=\x221.0666667\x22\x0a  \
     ry=\x226.09523\
82\x22 />\x0a    <rect\
\x0a       x=\x225.5\x22 \
y=\x2214\x22 width=\x2215\
\x22 height=\x2213\x22\x0a  \
     style=\x22fill\
:none;stroke:#ec\
ecec;stroke-widt\
h:1.0;stroke-das\
harray:2.0,1.4;s\
troke-opacity:0.\
5;\x22 />\x0a    <rect\
\x0a       x=\x224.0\x22 \
y=\x2215.5\x22 width=\x22\
15\x22 height=\x2213\x22\x0a\
       style=\x22fi\
ll:none;stroke:#\
ececec;stroke-wi\
dth:1.0;stroke-d\
asharray:2.0,1.4\
;stroke-opacity:\
0.7;\x22 />\x0a    <re\
ct\x0a       x=\x222.5\
\x22 y=\x2217\x22 width=\x22\
15\x22 height=\x2213\x22\x0a\
       style=\x22fi\
ll:none;stroke:#\
ececec;stroke-wi\
dth:1.2;stroke-d\
asharray:2.0,1.4\
;stroke-opacity:\
1.0;\x22 />\x0a    <ci\
rcle cx=\x227\x22  cy=\
\x2222\x22 r=\x222.0\x22 sty\
le=\x22fill:#ececec\
;\x22 />\x0a    <circl\
e cx=\x2211\x22 cy=\x2226\
\x22 r=\x222.0\x22 style=\
\x22fill:#ececec;\x22 \
/>\x0a    <circle c\
x=\x2210\x22 cy=\x2220\x22 r\
=\x222.0\x22 style=\x22fi\
ll:#ececec;\x22 />\x0a\
    <circle cx=\x22\
25\x22 cy=\x228\x22 r=\x222.\
8\x22 style=\x22fill:#\
e8622a;\x22 />\x0a    \
<path d=\x22M 22.2,\
5.2 L 27.8,10.8 \
M 27.8,5.2 L 22.\
2,10.8\x22\x0a        \
  style=\x22stroke:\
#ffffff;stroke-w\
idth:1.9;stroke-\
linecap:round;fi\
ll:none;\x22 />\x0a   \
 <circle cx=\x2227\x22\
 cy=\x2223\x22 r=\x222.0\x22\
 style=\x22fill:#e8\
622a;opacity:0.7\
5;\x22 />\x0a    <path\
 d=\x22M 25.1,21.1 \
L 28.9,24.9 M 28\
.9,21.1 L 25.1,2\
4.9\x22\x0a          s\
tyle=\x22stroke:#ff\
ffff;stroke-widt\
h:1.4;stroke-lin\
ecap:round;fill:\
none;opacity:0.7\
5;\x22 />\x0a  </g>\x0a</\
svg>\x0a\
\x00\x00\x0b\xb1\
<\
?xml version=\x221.\
0\x22 encoding=\x22UTF\
-8\x22 standalone=\x22\
no\x22?>\x0a<!-- Creat\
ed with Inkscape\
 (http://www.ink\
scape.org/) -->\x0a\
\x0a<svg\x0a   xmlns:d\
c=\x22http://purl.o\
rg/dc/elements/1\
.1/\x22\x0a   xmlns:cc\
=\x22http://creativ\
ecommons.org/ns#\
\x22\x0a   xmlns:rdf=\x22\
http://www.w3.or\
g/1999/02/22-rdf\
-syntax-ns#\x22\x0a   \
xmlns:svg=\x22http:\
//www.w3.org/200\
0/svg\x22\x0a   xmlns=\
\x22http://www.w3.o\
rg/2000/svg\x22\x0a   \
xmlns:sodipodi=\x22\
http://sodipodi.\
sourceforge.net/\
DTD/sodipodi-0.d\
td\x22\x0a   xmlns:ink\
scape=\x22http://ww\
w.inkscape.org/n\
amespaces/inksca\
pe\x22\x0a   width=\x2234\
.133335\x22\x0a   heig\
ht=\x2234.133335\x22\x0a \
  id=\x22svg2985\x22\x0a \
  version=\x221.1\x22\x0a\
   inkscape:vers\
ion=\x220.92.1 r153\
71\x22\x0a   sodipodi:\
docname=\x22semiaut\
omaticclassifica\
tionplugin_enter\
.svg\x22\x0a   inkscap\
e:export-xdpi=\x226\
7\x22\x0a   inkscape:e\
xport-ydpi=\x2267\x22>\
\x0a  <defs\x0a     id\
=\x22defs2987\x22 />\x0a \
 <sodipodi:named\
view\x0a     id=\x22ba\
se\x22\x0a     pagecol\
or=\x22#ffffff\x22\x0a   \
  bordercolor=\x22#\
666666\x22\x0a     bor\
deropacity=\x221.0\x22\
\x0a     inkscape:p\
ageopacity=\x220.0\x22\
\x0a     inkscape:p\
ageshadow=\x222\x22\x0a  \
   inkscape:zoom\
=\x227.9180417\x22\x0a   \
  inkscape:cx=\x22-\
66.279946\x22\x0a     \
inkscape:cy=\x2225.\
98287\x22\x0a     inks\
cape:current-lay\
er=\x22layer1\x22\x0a    \
 showgrid=\x22true\x22\
\x0a     inkscape:g\
rid-bbox=\x22true\x22\x0a\
     inkscape:do\
cument-units=\x22px\
\x22\x0a     showguide\
s=\x22true\x22\x0a     in\
kscape:window-wi\
dth=\x221366\x22\x0a     \
inkscape:window-\
height=\x22708\x22\x0a   \
  inkscape:windo\
w-x=\x220\x22\x0a     ink\
scape:window-y=\x22\
0\x22\x0a     inkscape\
:window-maximize\
d=\x221\x22\x0a     inksc\
ape:snap-global=\
\x22true\x22>\x0a    <ink\
scape:grid\x0a     \
  type=\x22xygrid\x22\x0a\
       id=\x22grid3\
765\x22\x0a       orig\
inx=\x220\x22\x0a       o\
riginy=\x220\x22\x0a     \
  spacingx=\x221.06\
66667\x22\x0a       sp\
acingy=\x221.066666\
7\x22 />\x0a  </sodipo\
di:namedview>\x0a  \
<metadata\x0a     i\
d=\x22metadata2990\x22\
>\x0a    <rdf:RDF>\x0a\
      <cc:Work\x0a \
        rdf:abou\
t=\x22\x22>\x0a        <d\
c:format>image/s\
vg+xml</dc:forma\
t>\x0a        <dc:t\
ype\x0a           r\
df:resource=\x22htt\
p://purl.org/dc/\
dcmitype/StillIm\
age\x22 />\x0a        \
<dc:title />\x0a   \
   </cc:Work>\x0a  \
  </rdf:RDF>\x0a  <\
/metadata>\x0a  <g\x0a\
     id=\x22layer1\x22\
\x0a     inkscape:l\
abel=\x22Layer 1\x22\x0a \
    inkscape:gro\
upmode=\x22layer\x22>\x0a\
    <path\x0a      \
 style=\x22fill:#f2\
f2f2;stroke:#2e2\
e2e;stroke-width\
:3.71789002;stro\
ke-linecap:butt;\
stroke-linejoin:\
miter;stroke-mit\
erlimit:4;stroke\
-dasharray:none;\
stroke-opacity:1\
\x22\x0a       d=\x22M 0,\
3.7019607 H 32 V\
 31.588672 H 0 Z\
\x22\x0a       id=\x22pat\
h3028-2\x22\x0a       \
inkscape:connect\
or-curvature=\x220\x22\
 />\x0a    <rect\x0a  \
     style=\x22colo\
r:#000000;displa\
y:inline;overflo\
w:visible;visibi\
lity:visible;fil\
l:#c7e9af;fill-o\
pacity:1;fill-ru\
le:nonzero;strok\
e:#15ff00;stroke\
-width:0;stroke-\
linecap:butt;str\
oke-linejoin:mit\
er;stroke-miterl\
imit:4;stroke-da\
sharray:none;str\
oke-dashoffset:2\
.83280158;stroke\
-opacity:1;marke\
r:none;enable-ba\
ckground:accumul\
ate\x22\x0a       id=\x22\
rect3851\x22\x0a      \
 width=\x2216\x22\x0a    \
   height=\x2220.91\
5033\x22\x0a       x=\x22\
16\x22\x0a       y=\x227.\
8849673\x22\x0a       \
rx=\x220\x22\x0a       ry\
=\x229.3710203\x22 />\x0a\
    <path\x0a      \
 style=\x22fill:non\
e;stroke:#007602\
;stroke-width:2.\
56104565;stroke-\
linecap:butt;str\
oke-linejoin:mit\
er;stroke-miterl\
imit:4;stroke-da\
sharray:none;str\
oke-opacity:1\x22\x0a \
      d=\x22M 21.06\
6667,25.662746 2\
6.4,18.691068 21\
.066667,11.71939\
\x22\x0a       id=\x22pat\
h2999\x22\x0a       in\
kscape:connector\
-curvature=\x220\x22 /\
>\x0a  </g>\x0a</svg>\x0a\
\
\x00\x00\x0e\x9e\
<\
?xml version=\x221.\
0\x22 encoding=\x22UTF\
-8\x22 standalone=\x22\
no\x22?>\x0a<!-- Creat\
ed with Inkscape\
 (http://www.ink\
scape.org/) -->\x0a\
\x0a<svg\x0a   xmlns:d\
c=\x22http://purl.o\
rg/dc/elements/1\
.1/\x22\x0a   xmlns:cc\
=\x22http://creativ\
ecommons.org/ns#\
\x22\x0a   xmlns:rdf=\x22\
http://www.w3.or\
g/1999/02/22-rdf\
-syntax-ns#\x22\x0a   \
xmlns:svg=\x22http:\
//www.w3.org/200\
0/svg\x22\x0a   xmlns=\
\x22http://www.w3.o\
rg/2000/svg\x22\x0a   \
xmlns:sodipodi=\x22\
http://sodipodi.\
sourceforge.net/\
DTD/sodipodi-0.d\
td\x22\x0a   xmlns:ink\
scape=\x22http://ww\
w.inkscape.org/n\
amespaces/inksca\
pe\x22\x0a   width=\x2234\
.133335\x22\x0a   heig\
ht=\x2234.133335\x22\x0a \
  id=\x22svg2985\x22\x0a \
  version=\x221.1\x22\x0a\
   inkscape:vers\
ion=\x220.92.1 r153\
71\x22\x0a   sodipodi:\
docname=\x22semiaut\
omaticclassifica\
tionplugin_selec\
t_all.svg\x22\x0a   in\
kscape:export-xd\
pi=\x2267\x22\x0a   inksc\
ape:export-ydpi=\
\x2267\x22>\x0a  <defs\x0a  \
   id=\x22defs2987\x22\
 />\x0a  <sodipodi:\
namedview\x0a     i\
d=\x22base\x22\x0a     pa\
gecolor=\x22#ffffff\
\x22\x0a     bordercol\
or=\x22#666666\x22\x0a   \
  borderopacity=\
\x221.0\x22\x0a     inksc\
ape:pageopacity=\
\x220.0\x22\x0a     inksc\
ape:pageshadow=\x22\
2\x22\x0a     inkscape\
:zoom=\x225.598901\x22\
\x0a     inkscape:c\
x=\x222.6469288\x22\x0a  \
   inkscape:cy=\x22\
16.709498\x22\x0a     \
inkscape:current\
-layer=\x22layer1\x22\x0a\
     showgrid=\x22t\
rue\x22\x0a     inksca\
pe:grid-bbox=\x22tr\
ue\x22\x0a     inkscap\
e:document-units\
=\x22px\x22\x0a     showg\
uides=\x22true\x22\x0a   \
  inkscape:windo\
w-width=\x221366\x22\x0a \
    inkscape:win\
dow-height=\x22708\x22\
\x0a     inkscape:w\
indow-x=\x220\x22\x0a    \
 inkscape:window\
-y=\x220\x22\x0a     inks\
cape:window-maxi\
mized=\x221\x22\x0a     i\
nkscape:snap-glo\
bal=\x22true\x22>\x0a    \
<inkscape:grid\x0a \
      type=\x22xygr\
id\x22\x0a       id=\x22g\
rid3765\x22\x0a       \
originx=\x220\x22\x0a    \
   originy=\x220\x22\x0a \
      spacingx=\x22\
1.0666667\x22\x0a     \
  spacingy=\x221.06\
66667\x22 />\x0a  </so\
dipodi:namedview\
>\x0a  <metadata\x0a  \
   id=\x22metadata2\
990\x22>\x0a    <rdf:R\
DF>\x0a      <cc:Wo\
rk\x0a         rdf:\
about=\x22\x22>\x0a      \
  <dc:format>ima\
ge/svg+xml</dc:f\
ormat>\x0a        <\
dc:type\x0a        \
   rdf:resource=\
\x22http://purl.org\
/dc/dcmitype/Sti\
llImage\x22 />\x0a    \
    <dc:title />\
\x0a      </cc:Work\
>\x0a    </rdf:RDF>\
\x0a  </metadata>\x0a \
 <g\x0a     id=\x22lay\
er1\x22\x0a     inksca\
pe:label=\x22Layer \
1\x22\x0a     inkscape\
:groupmode=\x22laye\
r\x22>\x0a    <rect\x0a  \
     style=\x22fill\
:#cccccc;fill-op\
acity:1;fill-rul\
e:evenodd;stroke\
:#454545;stroke-\
width:2.4000001;\
stroke-linecap:s\
quare;stroke-lin\
ejoin:miter;stro\
ke-miterlimit:4;\
stroke-dasharray\
:none;stroke-das\
hoffset:0;stroke\
-opacity:1\x22\x0a    \
   id=\x22rect3010\x22\
\x0a       width=\x223\
2\x22\x0a       height\
=\x2232\x22\x0a       x=\x22\
1.0666667\x22\x0a     \
  y=\x221.0666667\x22\x0a\
       ry=\x226.095\
2382\x22 />\x0a    <re\
ct\x0a       style=\
\x22color:#000000;d\
isplay:inline;ov\
erflow:visible;v\
isibility:visibl\
e;fill:#0000ff;f\
ill-opacity:1;fi\
ll-rule:nonzero;\
stroke:#fffd40;s\
troke-width:2.38\
513923;stroke-li\
necap:butt;strok\
e-linejoin:miter\
;stroke-miterlim\
it:4;stroke-dash\
array:none;strok\
e-dashoffset:2.8\
3280158;stroke-o\
pacity:1;marker:\
none;enable-back\
ground:accumulat\
e\x22\x0a       id=\x22re\
ct2995\x22\x0a       w\
idth=\x2232\x22\x0a      \
 height=\x223.2\x22\x0a  \
     x=\x226.400000\
1\x22\x0a       y=\x225.3\
333335\x22\x0a       r\
x=\x220\x22\x0a       ry=\
\x222.2829273\x22 />\x0a \
   <rect\x0a       \
style=\x22color:#00\
0000;display:inl\
ine;overflow:vis\
ible;visibility:\
visible;fill:#00\
00ff;fill-opacit\
y:1;fill-rule:no\
nzero;stroke:#ff\
fd40;stroke-widt\
h:2.38513923;str\
oke-linecap:butt\
;stroke-linejoin\
:miter;stroke-mi\
terlimit:4;strok\
e-dasharray:none\
;stroke-dashoffs\
et:2.83280158;st\
roke-opacity:1;m\
arker:none;enabl\
e-background:acc\
umulate\x22\x0a       \
id=\x22rect2995-7\x22\x0a\
       width=\x2232\
\x22\x0a       height=\
\x223.2\x22\x0a       x=\x22\
6.4000001\x22\x0a     \
  y=\x2214.933333\x22\x0a\
       rx=\x220\x22\x0a  \
     ry=\x222.28292\
73\x22 />\x0a    <rect\
\x0a       style=\x22c\
olor:#000000;dis\
play:inline;over\
flow:visible;vis\
ibility:visible;\
fill:#0000ff;fil\
l-opacity:1;fill\
-rule:nonzero;st\
roke:#fffd40;str\
oke-width:2.3851\
3923;stroke-line\
cap:butt;stroke-\
linejoin:miter;s\
troke-miterlimit\
:4;stroke-dashar\
ray:none;stroke-\
dashoffset:2.832\
80158;stroke-opa\
city:1;marker:no\
ne;enable-backgr\
ound:accumulate\x22\
\x0a       id=\x22rect\
2995-6\x22\x0a       w\
idth=\x2232\x22\x0a      \
 height=\x223.2\x22\x0a  \
     x=\x226.400000\
1\x22\x0a       y=\x2224.\
533333\x22\x0a       r\
x=\x220\x22\x0a       ry=\
\x222.2829273\x22 />\x0a \
 </g>\x0a</svg>\x0a\
\x00\x00\x0ey\
<\
?xml version=\x221.\
0\x22 encoding=\x22UTF\
-8\x22 standalone=\x22\
no\x22?>\x0a<!-- Creat\
ed with Inkscape\
 (http://www.ink\
scape.org/) -->\x0a\
\x0a<svg\x0a   xmlns:d\
c=\x22http://purl.o\
rg/dc/elements/1\
.1/\x22\x0a   xmlns:cc\
=\x22http://creativ\
ecommons.org/ns#\
\x22\x0a   xmlns:rdf=\x22\
http://www.w3.or\
g/1999/02/22-rdf\
-syntax-ns#\x22\x0a   \
xmlns:svg=\x22http:\
//www.w3.org/200\
0/svg\x22\x0a   xmlns=\
\x22http://www.w3.o\
rg/2000/svg\x22\x0a   \
xmlns:sodipodi=\x22\
http://sodipodi.\
sourceforge.net/\
DTD/sodipodi-0.d\
td\x22\x0a   xmlns:ink\
scape=\x22http://ww\
w.inkscape.org/n\
amespaces/inksca\
pe\x22\x0a   width=\x2234\
.133335\x22\x0a   heig\
ht=\x2234.133335\x22\x0a \
  id=\x22svg2985\x22\x0a \
  version=\x221.1\x22\x0a\
   inkscape:vers\
ion=\x220.92.1 r153\
71\x22\x0a   sodipodi:\
docname=\x22semiaut\
omaticclassifica\
tionplugin_osm_a\
dd.svg\x22\x0a   inksc\
ape:export-xdpi=\
\x2267\x22\x0a   inkscape\
:export-ydpi=\x2267\
\x22>\x0a  <defs\x0a     \
id=\x22defs2987\x22 />\
\x0a  <sodipodi:nam\
edview\x0a     id=\x22\
base\x22\x0a     pagec\
olor=\x22#ffffff\x22\x0a \
    bordercolor=\
\x22#666666\x22\x0a     b\
orderopacity=\x221.\
0\x22\x0a     inkscape\
:pageopacity=\x220.\
0\x22\x0a     inkscape\
:pageshadow=\x222\x22\x0a\
     inkscape:zo\
om=\x223.9590209\x22\x0a \
    inkscape:cx=\
\x22-72.981677\x22\x0a   \
  inkscape:cy=\x224\
7.062935\x22\x0a     i\
nkscape:current-\
layer=\x22layer1\x22\x0a \
    showgrid=\x22tr\
ue\x22\x0a     inkscap\
e:grid-bbox=\x22tru\
e\x22\x0a     inkscape\
:document-units=\
\x22px\x22\x0a     showgu\
ides=\x22false\x22\x0a   \
  inkscape:windo\
w-width=\x221366\x22\x0a \
    inkscape:win\
dow-height=\x22708\x22\
\x0a     inkscape:w\
indow-x=\x220\x22\x0a    \
 inkscape:window\
-y=\x220\x22\x0a     inks\
cape:window-maxi\
mized=\x221\x22>\x0a    <\
inkscape:grid\x0a  \
     type=\x22xygri\
d\x22\x0a       id=\x22gr\
id3765\x22\x0a       o\
riginx=\x220\x22\x0a     \
  originy=\x220\x22\x0a  \
     spacingx=\x221\
.0666667\x22\x0a      \
 spacingy=\x221.066\
6667\x22 />\x0a  </sod\
ipodi:namedview>\
\x0a  <metadata\x0a   \
  id=\x22metadata29\
90\x22>\x0a    <rdf:RD\
F>\x0a      <cc:Wor\
k\x0a         rdf:a\
bout=\x22\x22>\x0a       \
 <dc:format>imag\
e/svg+xml</dc:fo\
rmat>\x0a        <d\
c:type\x0a         \
  rdf:resource=\x22\
http://purl.org/\
dc/dcmitype/Stil\
lImage\x22 />\x0a     \
   <dc:title />\x0a\
      </cc:Work>\
\x0a    </rdf:RDF>\x0a\
  </metadata>\x0a  \
<g\x0a     id=\x22laye\
r1\x22\x0a     inkscap\
e:label=\x22Layer 1\
\x22\x0a     inkscape:\
groupmode=\x22layer\
\x22>\x0a    <rect\x0a   \
    transform=\x22m\
atrix(1,0,-0.600\
89241,0.79932991\
,0,0)\x22\x0a       ry\
=\x229.8932657\x22\x0a   \
    rx=\x226.616838\
5\x22\x0a       y=\x22-14\
.678962\x22\x0a       \
x=\x221.8461905\x22\x0a  \
     height=\x2265.\
388107\x22\x0a       w\
idth=\x2255.516846\x22\
\x0a       id=\x22rect\
3771\x22\x0a       sty\
le=\x22fill:#e6e6e6\
;fill-opacity:1;\
fill-rule:evenod\
d;stroke:#ffffff\
;stroke-width:5.\
40307045;stroke-\
miterlimit:4;str\
oke-dasharray:no\
ne;stroke-opacit\
y:1\x22\x0a       inks\
cape:export-xdpi\
=\x2267\x22\x0a       ink\
scape:export-ydp\
i=\x2267\x22 />\x0a    <r\
ect\x0a       style\
=\x22fill:#91bdfc;f\
ill-opacity:1;fi\
ll-rule:evenodd;\
stroke:#ffffff;s\
troke-width:3.46\
952653;stroke-mi\
terlimit:4;strok\
e-dasharray:none\
;stroke-opacity:\
1\x22\x0a       id=\x22re\
ct2993\x22\x0a       w\
idth=\x2227.174047\x22\
\x0a       height=\x22\
35.411373\x22\x0a     \
  x=\x2213.672481\x22\x0a\
       y=\x222.5406\
938\x22\x0a       rx=\x22\
3.2387698\x22\x0a     \
  ry=\x225.3577647\x22\
\x0a       transfor\
m=\x22matrix(1,0,-0\
.54310313,0.8396\
66,0,0)\x22\x0a       \
inkscape:export-\
xdpi=\x2267\x22\x0a      \
 inkscape:export\
-ydpi=\x2267\x22 />\x0a  \
  <text\x0a       x\
ml:space=\x22preser\
ve\x22\x0a       style\
=\x22font-style:nor\
mal;font-weight:\
bold;font-size:1\
2.80000019px;lin\
e-height:0%;font\
-family:sans-ser\
if;-inkscape-fon\
t-specification:\
'Sans Bold';lett\
er-spacing:0px;w\
ord-spacing:0px;\
fill:#000000;fil\
l-opacity:1;stro\
ke:#ffffff;strok\
e-width:1.066666\
72;stroke-opacit\
y:1\x22\x0a       x=\x22-\
1.4302186\x22\x0a     \
  y=\x2223.481997\x22\x0a\
       id=\x22text3\
795\x22><tspan\x0a    \
     sodipodi:ro\
le=\x22line\x22\x0a      \
   id=\x22tspan3797\
\x22\x0a         x=\x22-1\
.4302186\x22\x0a      \
   y=\x2223.481997\x22\
\x0a         style=\
\x22font-style:norm\
al;font-variant:\
normal;font-weig\
ht:bold;font-str\
etch:normal;font\
-size:14.6666669\
8px;line-height:\
1.25;font-family\
:sans-serif;-ink\
scape-font-speci\
fication:'sans-s\
erif, Bold';font\
-variant-ligatur\
es:normal;font-v\
ariant-caps:norm\
al;font-variant-\
numeric:normal;f\
ont-feature-sett\
ings:normal;text\
-align:start;wri\
ting-mode:lr-tb;\
text-anchor:star\
t;stroke:none;st\
roke-width:1.066\
66672\x22>OSM</tspa\
n></text>\x0a  </g>\
\x0a</svg>\x0a\
\x00\x00\x04\xdf\
\x00\
\x00\x1aax\xda\xedXYo\xe36\x10~\xf7\xafP\
\x95\x97\x16\x0d\xa9\xcb\xb2\x8e\xd8\xde\x87\x06\x0b,\xd0\xa7\
v\x8b>\xd3\x12m\xb3\x91H\x81\xa2|\xec\xaf\xdf\xa1\
n\x1fYd\x93\x06]4Q\x108\x9co\x86\x9c\xf9\
\xe6\x10\x9d\xf9\x87C\x9e\x19;*K&\xf8\xc2t\xb0\
m\x1a\x94'\x22e|\xb30\xff\xfa\xfc\x11\x85\xa6Q\
*\xc2S\x92\x09N\x17&\x17\xe6\x87\xe5d\xfe\x13B\
\xc6o\x92\x12ESc\xcf\xd4\xd6\xf8\xc4\x1f\xca\x84\x14\
\xd4\xf8y\xabT\x11[\xd6~\xbf\xc7\xac\x15b!7\
\xd6/\x06B\xcb\xc9d^\xee6\x13\xc30\xe0\x5c^\
\xc6i\xb20[\x83\xa2\x92Y\xad\x98&\x16\xcdhN\
\xb9*-\x07;\x969\xa8'\x83z\xa2Og;\x9a\
\x88<\x17\xbc\xac-yy3R\x96\xe9\xba\xd7\xd6\xde\
\xec\xbdZ\xc9\x89\xa2\xc8\xb2]\xcbu\x11h\xa0\xf2\xc8\
\x159\xa0SS\xf0\xf1\x9a\xa9k\xdb\xb6\x05\xd8\xa0\xf9\
4\xad\xb8\x04B\x0b\xf8\xed\xd5;\x01.E%\x13\xba\
\x06;\x8a9U\xd6\xfd\xe7\xfb\x1eD6NU:\xda\
\xa6\xe3\xf3\xe4\xd4\x13\x929\xc9iY\x90\x84\x96V'\
\xaf\xed\xf7,U\xdb\x85\xe9M\xb1\xe3\xc1\xe3\xd7\xc2-\
e\x9b\xad:\x97\xb2ta\x82\xf7n\x146\xebQq\
8\x8dB\xbbq\xdc#6\x8e\x5c\xec\x18\xd2\xf1\xbd\xa0\
\xd1\xe9B\x88S\x91h\x9f\x16\xe6\xa6b)\xc5\x1d-\
\xfd\x1e\xf4P\x08\xa9\xd0!-\x80\x9cYp\x15<v\
\xe0\x12\xd0yJ\xd7\xa5\xd6j<\xd5+p50\x0d\
\xabF\xfb\x83\xf5\xa9\xe9\x8e\xd1\xfd\xa0\xbb\x22e\xc3\x86\
a\x14d\x03\x95\x93\x09\xb90o\xd6\xf5\xd3\x02+!\
S*;hV?'\x90\x00v\x99:6\xbd\xd2\xee\
\xdd\xf9\xabw\xedq\xfb:^nI*\xf6\x0b\xd3=\
\x07\xbf\x08\x91/L\x1f\xfbQ\x18\xd9\xce9\x9a\x1c\x16\
&\x0a|\x0c\xee\x84\xb6\x7f\x81\xc2y\xc8\xc53\xc7\xb1\
=?\xb8@+)\xa1\x9bPF\x8e\x14\xa2\xaa?\xba\
\x03\xca\xad\xd8o\xa4fG\xc9\x8a\x9e[j\x04\xadV\
\xe2p\x1d\x86\xe4V\xbaOQ\xc5\x99\x82^(\x0e\xe3\
]u\xc2\xcb\xeb\x86{\xc6\x81\x04\xd4V\xa5\xe3\xf5\x1c\
\x9fkt%\x1a\xd8\xe1#\x1a\xe0\x9a\xfd\x08t|\x1c\
\xca\xc9\x81\xe5\xec\x0b\x85\xb8/\xa8.9)\xd0&\x13\
+\x92\xb5\xde/k\x8d\xf9\x09-\x8d\x91a\xa8\xa3\xee\
\xc7\xc3Q\xcb\xccN\xa8\xf9\xd4\x02/\x98\xf9\xbdPH\
\xb6a|\xe4o':\x8eE\xba{a\xf8\x1e\xea\x02\
\xab\xcb/8\xc7\x8ec\xac\xad{\xeb\xb2\xf0kyN\
\x15I\x89\x22C\x17t\x127\x8a\xec.2\x18\x84\xf1\
\x1f\xf7\x1f\x97\xedA\xf3$\x89\xff\x16\xf2\xa1;\xd70\
\xb4\x02Y\x89\x0aRa.{\xf1<Mb\x18]9\
QK\x96Cm\xeb\xa9\xf7+\x8c\xaa\xb95\x00'\xca\
\x9a\xaca\xd3f[I\x9b\x19x\xf5E\x90&9\xd3\
F\xd6\x9f\x8ae\xd9'}H\x1b\xf1hS\xa62:\
\x08\xe7V\xeb}\x1b\x9b5\x0annu\xd1\xd7\xab\xcd\
\xc0\xcaIS\xf4\x89\xce\xc8\x8aB\x11\xfc\xaeA\xc3\xb9\
\xec\x0eQ\x15\xb9Hik\xde\xb3I\x13\xd5\xa7L\x1d\
3\xc0\xeb\x81\x12\xdf\xd8\xf5s\x97\xb2\xb2\x00\x0b\x98\xe7\
\x19\xe3\xf4N\xc0 ]gb\x1f\xefX\xc9V\x19\xbd\
\xab?Y\x06\x91\xf7\xa25\x84_\xdb\xaf]\xb7^\xa0\
v\xd0\xc4N\xb3\x94UFc.\xf8\x17\x18Qw\xa5\
\x92\xe2\x81\xf6\xfa\xcd\xb2i\xb7\xd8\xee\x96\xfal\x88#\
^UJ\x8de\xff\x08\xc6c\xa0\x9d\xcaNZ/2\
h\x18\x15O;YJ`\x92I\x09Q\xc0\xa1t,\
\x15\xebuIU\xec\xe2\xd0sC\xdb\xf1\xc3\x0e\x1c<\
\xce\x89|\xa0\xb2\xb1\xa4\x9c@\x80hE\x92\x07M(\
Oc\x92\xc0X\xa92\xb8\x5c\x9c4\x94\xa6\xd5\x83\x88\
P\xd8\x8b\xbb\xd7\x9a\xdbK\xba\x811\x1d\x94t+\xcd\
\xfa\xd5I\xb3I\x8dM\xb1\x17zSoh3\x09:\
\x01vfa\xe8\xd9Q_n\xefi}\xe5\xb4:h\
\xf6\xdd\x89E?xfi\xa8\x7f\x9e\x9e\xd9Y\xe4\x10\
\x87\xfc\xcf2\xfb\xfd\xed\x1a4\xaf\xb7p\x9c[\xb7\xb9\
\xa4z\xd3\xf7\x1c\xff\x90\xdd\xfb\x8c\xde\x9d\xe2\xa8N\xe9\
\xbf\x98\xe6\x82\xa8\xedY\x9a\xbf5c\xbf5Q=\xec\
5\x97,\xe75\x93\xd3\xfb\xd2G\xa6\xefhF\xd7\x02\
\xc1m\x80\xa7\xcdU\xcfH\x0c\xfb\xd6\x0b\xb0\xd7<\x8f\
/N\x12\xa4\x09\xf1lwh\xc2\xe1k\x81\xe0\x10\x8e\
\x12\x12\xc1\x17\x84\x1dQ\x95\xa4z\x82\xbe\x06\x95\x0e\x9e\
6\x99\x9e\xfe\x07T\xba.\x9e\xde:P\xf9@\xa0c\
\xe3\x86\xcc[\xfb\xb1\xbf/\xd9\x0b\xa27\xcf^\xd8v\
\xe5\x0b(D\xfe\x1b'\xd1\xf5\x9aN\x0e^B\xe2\xec\
\xad\x93\x18\xbe\xa8\x8f\x91\x8f\xbc\xb7\xcb`\xff_\x83\xf3\
q8\xf3F\xdc],\xae3\x19\xbc\xf3\x18\x5c\x1d\x8c\
\xcf!\xd3G\xf6;\x9d\xc1\xd5\x11\xf9\x1c:go\xf9\
e3\xa23|q\x97\xc3\xbc\x1c]\xed\x9f\xc6\xe5\xdc\
\xda,'s\xfd\xcf\xc0\xe5\xe4+\xe2\xa2\xf8f\
\x00\x00\x0b\xf9\
<\
?xml version=\x221.\
0\x22 encoding=\x22UTF\
-8\x22 standalone=\x22\
no\x22?>\x0a<!-- Creat\
ed with Inkscape\
 (http://www.ink\
scape.org/) -->\x0a\
\x0a<svg\x0a   xmlns:d\
c=\x22http://purl.o\
rg/dc/elements/1\
.1/\x22\x0a   xmlns:cc\
=\x22http://creativ\
ecommons.org/ns#\
\x22\x0a   xmlns:rdf=\x22\
http://www.w3.or\
g/1999/02/22-rdf\
-syntax-ns#\x22\x0a   \
xmlns:svg=\x22http:\
//www.w3.org/200\
0/svg\x22\x0a   xmlns=\
\x22http://www.w3.o\
rg/2000/svg\x22\x0a   \
xmlns:sodipodi=\x22\
http://sodipodi.\
sourceforge.net/\
DTD/sodipodi-0.d\
td\x22\x0a   xmlns:ink\
scape=\x22http://ww\
w.inkscape.org/n\
amespaces/inksca\
pe\x22\x0a   width=\x2234\
.133335\x22\x0a   heig\
ht=\x2234.133335\x22\x0a \
  id=\x22svg2985\x22\x0a \
  version=\x221.1\x22\x0a\
   inkscape:vers\
ion=\x220.92.1 r153\
71\x22\x0a   sodipodi:\
docname=\x22semiaut\
omaticclassifica\
tionplugin_optio\
ns.svg\x22\x0a   inksc\
ape:export-xdpi=\
\x2267\x22\x0a   inkscape\
:export-ydpi=\x2267\
\x22\x0a   viewBox=\x220 \
0 32 32\x22>\x0a  <def\
s\x0a     id=\x22defs2\
987\x22>\x0a    <filte\
r\x0a       inkscap\
e:collect=\x22alway\
s\x22\x0a       style=\
\x22color-interpola\
tion-filters:sRG\
B\x22\x0a       id=\x22fi\
lter4505\x22\x0a      \
 x=\x22-0.023748621\
\x22\x0a       width=\x22\
1.0474972\x22\x0a     \
  y=\x22-0.02425675\
7\x22\x0a       height\
=\x221.0485135\x22>\x0a  \
    <feGaussianB\
lur\x0a         ink\
scape:collect=\x22a\
lways\x22\x0a         \
stdDeviation=\x220.\
27923723\x22\x0a      \
   id=\x22feGaussia\
nBlur4507\x22 />\x0a  \
  </filter>\x0a  </\
defs>\x0a  <sodipod\
i:namedview\x0a    \
 id=\x22base\x22\x0a     \
pagecolor=\x22#ffff\
ff\x22\x0a     borderc\
olor=\x22#666666\x22\x0a \
    borderopacit\
y=\x221.0\x22\x0a     ink\
scape:pageopacit\
y=\x220.0\x22\x0a     ink\
scape:pageshadow\
=\x222\x22\x0a     inksca\
pe:zoom=\x225.59890\
11\x22\x0a     inkscap\
e:cx=\x22-51.169445\
\x22\x0a     inkscape:\
cy=\x22-6.5384476\x22\x0a\
     inkscape:cu\
rrent-layer=\x22lay\
er1\x22\x0a     showgr\
id=\x22true\x22\x0a     i\
nkscape:grid-bbo\
x=\x22true\x22\x0a     in\
kscape:document-\
units=\x22px\x22\x0a     \
showguides=\x22true\
\x22\x0a     inkscape:\
snap-global=\x22fal\
se\x22\x0a     inkscap\
e:window-width=\x22\
1366\x22\x0a     inksc\
ape:window-heigh\
t=\x22708\x22\x0a     ink\
scape:window-x=\x22\
0\x22\x0a     inkscape\
:window-y=\x220\x22\x0a  \
   inkscape:wind\
ow-maximized=\x221\x22\
>\x0a    <inkscape:\
grid\x0a       type\
=\x22xygrid\x22\x0a      \
 id=\x22grid2997\x22\x0a \
      originx=\x220\
\x22\x0a       originy\
=\x220\x22\x0a       spac\
ingx=\x221\x22\x0a       \
spacingy=\x221\x22 />\x0a\
  </sodipodi:nam\
edview>\x0a  <metad\
ata\x0a     id=\x22met\
adata2990\x22>\x0a    \
<rdf:RDF>\x0a      \
<cc:Work\x0a       \
  rdf:about=\x22\x22>\x0a\
        <dc:form\
at>image/svg+xml\
</dc:format>\x0a   \
     <dc:type\x0a  \
         rdf:res\
ource=\x22http://pu\
rl.org/dc/dcmity\
pe/StillImage\x22 /\
>\x0a        <dc:ti\
tle />\x0a      </c\
c:Work>\x0a    </rd\
f:RDF>\x0a  </metad\
ata>\x0a  <g\x0a     i\
d=\x22layer1\x22\x0a     \
inkscape:label=\x22\
Layer 1\x22\x0a     in\
kscape:groupmode\
=\x22layer\x22>\x0a    <r\
ect\x0a       style\
=\x22fill:#333333;s\
troke:#000000;st\
roke-width:1.031\
25;stroke-lineca\
p:round;stroke-l\
inejoin:round;st\
roke-miterlimit:\
4;stroke-dasharr\
ay:none;stroke-o\
pacity:1;filter:\
url(#filter4505)\
\x22\x0a       id=\x22rec\
t4500\x22\x0a       wi\
dth=\x2227.587313\x22\x0a\
       height=\x222\
8.179316\x22\x0a      \
 x=\x22-30.069643\x22\x0a\
       y=\x221.9300\
201\x22\x0a       tran\
sform=\x22rotate(-9\
0.083094)\x22 />\x0a  \
  <path\x0a       s\
tyle=\x22fill:none;\
stroke:#12ff22;s\
troke-width:2.99\
999976;stroke-li\
necap:butt;strok\
e-linejoin:miter\
;stroke-miterlim\
it:4;stroke-dash\
array:none;strok\
e-opacity:1\x22\x0a   \
    d=\x22m 4.79222\
62,14.197043 c 0\
,0 8.6898938,16.\
363008 9.3718288\
,12.536873 C 17.\
972984,5.3631783\
 28.812903,4.098\
1562 28.812903,4\
.0981562\x22\x0a      \
 id=\x22path4502\x22\x0a \
      inkscape:c\
onnector-curvatu\
re=\x220\x22\x0a       so\
dipodi:nodetypes\
=\x22csc\x22 />\x0a  </g>\
\x0a</svg>\x0a\
\x00\x00\x0c'\
<\
?xml version=\x221.\
0\x22 encoding=\x22UTF\
-8\x22 standalone=\x22\
no\x22?>\x0a<svg\x0a   xm\
lns:dc=\x22http://p\
url.org/dc/eleme\
nts/1.1/\x22\x0a   xml\
ns:cc=\x22http://cr\
eativecommons.or\
g/ns#\x22\x0a   xmlns:\
rdf=\x22http://www.\
w3.org/1999/02/2\
2-rdf-syntax-ns#\
\x22\x0a   xmlns:svg=\x22\
http://www.w3.or\
g/2000/svg\x22\x0a   x\
mlns=\x22http://www\
.w3.org/2000/svg\
\x22\x0a   xmlns:sodip\
odi=\x22http://sodi\
podi.sourceforge\
.net/DTD/sodipod\
i-0.dtd\x22\x0a   xmln\
s:inkscape=\x22http\
://www.inkscape.\
org/namespaces/i\
nkscape\x22\x0a   widt\
h=\x2234.133335\x22\x0a  \
 height=\x2234.1333\
35\x22\x0a   id=\x22svg29\
85\x22\x0a   version=\x22\
1.1\x22\x0a   inkscape\
:version=\x221.0.2 \
(e86c870879, 202\
1-01-15)\x22\x0a   sod\
ipodi:docname=\x22s\
emiautomaticclas\
sificationplugin\
_move_down.svg\x22\x0a\
   inkscape:expo\
rt-xdpi=\x2267\x22\x0a   \
inkscape:export-\
ydpi=\x2267\x22>\x0a  <de\
fs\x0a     id=\x22defs\
2987\x22 />\x0a  <sodi\
podi:namedview\x0a \
    id=\x22base\x22\x0a  \
   pagecolor=\x22#f\
fffff\x22\x0a     bord\
ercolor=\x22#666666\
\x22\x0a     borderopa\
city=\x221.0\x22\x0a     \
inkscape:pageopa\
city=\x220.0\x22\x0a     \
inkscape:pagesha\
dow=\x222\x22\x0a     ink\
scape:zoom=\x2211.1\
97802\x22\x0a     inks\
cape:cx=\x2210.7160\
62\x22\x0a     inkscap\
e:cy=\x2217.023\x22\x0a  \
   inkscape:curr\
ent-layer=\x22layer\
1\x22\x0a     showgrid\
=\x22true\x22\x0a     ink\
scape:grid-bbox=\
\x22true\x22\x0a     inks\
cape:document-un\
its=\x22px\x22\x0a     sh\
owguides=\x22true\x22\x0a\
     inkscape:wi\
ndow-width=\x221366\
\x22\x0a     inkscape:\
window-height=\x227\
06\x22\x0a     inkscap\
e:window-x=\x220\x22\x0a \
    inkscape:win\
dow-y=\x220\x22\x0a     i\
nkscape:window-m\
aximized=\x221\x22\x0a   \
  inkscape:snap-\
global=\x22true\x22\x0a  \
   inkscape:docu\
ment-rotation=\x220\
\x22>\x0a    <inkscape\
:grid\x0a       typ\
e=\x22xygrid\x22\x0a     \
  id=\x22grid3765\x22\x0a\
       originx=\x22\
0\x22\x0a       origin\
y=\x220\x22\x0a       spa\
cingx=\x221.0666667\
\x22\x0a       spacing\
y=\x221.0666667\x22 />\
\x0a  </sodipodi:na\
medview>\x0a  <meta\
data\x0a     id=\x22me\
tadata2990\x22>\x0a   \
 <rdf:RDF>\x0a     \
 <cc:Work\x0a      \
   rdf:about=\x22\x22>\
\x0a        <dc:for\
mat>image/svg+xm\
l</dc:format>\x0a  \
      <dc:type\x0a \
          rdf:re\
source=\x22http://p\
url.org/dc/dcmit\
ype/StillImage\x22 \
/>\x0a        <dc:t\
itle />\x0a      </\
cc:Work>\x0a    </r\
df:RDF>\x0a  </meta\
data>\x0a  <g\x0a     \
id=\x22layer1\x22\x0a    \
 inkscape:label=\
\x22Layer 1\x22\x0a     i\
nkscape:groupmod\
e=\x22layer\x22>\x0a    <\
rect\x0a       styl\
e=\x22fill:#49646b;\
fill-opacity:1;f\
ill-rule:evenodd\
;stroke:#e6e6e6;\
stroke-width:2.4\
;stroke-linecap:\
square;stroke-li\
nejoin:miter;str\
oke-miterlimit:4\
;stroke-dasharra\
y:none;stroke-da\
shoffset:0;strok\
e-opacity:1\x22\x0a   \
    id=\x22rect3010\
\x22\x0a       width=\x22\
32\x22\x0a       heigh\
t=\x2232\x22\x0a       x=\
\x221.2796222\x22\x0a    \
   y=\x221.2244012\x22\
\x0a       ry=\x226.09\
52382\x22 />\x0a    <p\
ath\x0a       style\
=\x22color:#000000;\
font-style:norma\
l;font-variant:n\
ormal;font-weigh\
t:normal;font-st\
retch:normal;fon\
t-size:medium;li\
ne-height:normal\
;font-family:San\
s;-inkscape-font\
-specification:S\
ans;text-indent:\
0;text-align:sta\
rt;text-decorati\
on:none;text-dec\
oration-line:non\
e;letter-spacing\
:normal;word-spa\
cing:normal;text\
-transform:none;\
writing-mode:lr-\
tb;direction:ltr\
;baseline-shift:\
baseline;text-an\
chor:start;displ\
ay:inline;overfl\
ow:visible;visib\
ility:visible;fi\
ll:#e7e7ff;fill-\
opacity:1;fill-r\
ule:nonzero;stro\
ke:none;stroke-w\
idth:4.07088;mar\
ker:none;enable-\
background:accum\
ulate\x22\x0a       d=\
\x22m 20.351929,8.5\
332833 h -4.9279\
02 -1.642633 l 0\
.522002,6.668392\
7 -6.3525557,0.0\
078 9.1158267,12\
.523858 8.883081\
,-12.545792 -6.3\
52556,0.0078 z\x22\x0a\
       id=\x22path3\
013-8\x22\x0a       in\
kscape:connector\
-curvature=\x220\x22\x0a \
      sodipodi:n\
odetypes=\x22cccccc\
ccc\x22 />\x0a  </g>\x0a<\
/svg>\x0a\
\x00\x00\x0a\xea\
<\
?xml version=\x221.\
0\x22 encoding=\x22UTF\
-8\x22 standalone=\x22\
no\x22?>\x0a<!-- Creat\
ed with Inkscape\
 (http://www.ink\
scape.org/) -->\x0a\
\x0a<svg\x0a   xmlns:d\
c=\x22http://purl.o\
rg/dc/elements/1\
.1/\x22\x0a   xmlns:cc\
=\x22http://creativ\
ecommons.org/ns#\
\x22\x0a   xmlns:rdf=\x22\
http://www.w3.or\
g/1999/02/22-rdf\
-syntax-ns#\x22\x0a   \
xmlns:svg=\x22http:\
//www.w3.org/200\
0/svg\x22\x0a   xmlns=\
\x22http://www.w3.o\
rg/2000/svg\x22\x0a   \
xmlns:sodipodi=\x22\
http://sodipodi.\
sourceforge.net/\
DTD/sodipodi-0.d\
td\x22\x0a   xmlns:ink\
scape=\x22http://ww\
w.inkscape.org/n\
amespaces/inksca\
pe\x22\x0a   width=\x2234\
.133335\x22\x0a   heig\
ht=\x2234.133335\x22\x0a \
  id=\x22svg2985\x22\x0a \
  version=\x221.1\x22\x0a\
   inkscape:vers\
ion=\x220.92.1 r153\
71\x22\x0a   sodipodi:\
docname=\x22semiaut\
omaticclassifica\
tionplugin_roi_s\
ingle.svg\x22\x0a   in\
kscape:export-xd\
pi=\x2267\x22\x0a   inksc\
ape:export-ydpi=\
\x2267\x22>\x0a  <defs\x0a  \
   id=\x22defs2987\x22\
 />\x0a  <sodipodi:\
namedview\x0a     i\
d=\x22base\x22\x0a     pa\
gecolor=\x22#ffffff\
\x22\x0a     bordercol\
or=\x22#666666\x22\x0a   \
  borderopacity=\
\x221.0\x22\x0a     inksc\
ape:pageopacity=\
\x220.0\x22\x0a     inksc\
ape:pageshadow=\x22\
2\x22\x0a     inkscape\
:zoom=\x2211.197802\
\x22\x0a     inkscape:\
cx=\x22-14.918889\x22\x0a\
     inkscape:cy\
=\x2221.986198\x22\x0a   \
  inkscape:curre\
nt-layer=\x22layer1\
\x22\x0a     showgrid=\
\x22true\x22\x0a     inks\
cape:grid-bbox=\x22\
true\x22\x0a     inksc\
ape:document-uni\
ts=\x22px\x22\x0a     sho\
wguides=\x22true\x22\x0a \
    inkscape:sna\
p-global=\x22true\x22\x0a\
     inkscape:wi\
ndow-width=\x221366\
\x22\x0a     inkscape:\
window-height=\x227\
08\x22\x0a     inkscap\
e:window-x=\x220\x22\x0a \
    inkscape:win\
dow-y=\x220\x22\x0a     i\
nkscape:window-m\
aximized=\x221\x22>\x0a  \
  <inkscape:grid\
\x0a       type=\x22xy\
grid\x22\x0a       id=\
\x22grid2997\x22\x0a     \
  originx=\x220\x22\x0a  \
     originy=\x220\x22\
\x0a       spacingx\
=\x221.0666667\x22\x0a   \
    spacingy=\x221.\
0666667\x22 />\x0a  </\
sodipodi:namedvi\
ew>\x0a  <metadata\x0a\
     id=\x22metadat\
a2990\x22>\x0a    <rdf\
:RDF>\x0a      <cc:\
Work\x0a         rd\
f:about=\x22\x22>\x0a    \
    <dc:format>i\
mage/svg+xml</dc\
:format>\x0a       \
 <dc:type\x0a      \
     rdf:resourc\
e=\x22http://purl.o\
rg/dc/dcmitype/S\
tillImage\x22 />\x0a  \
      <dc:title \
/>\x0a      </cc:Wo\
rk>\x0a    </rdf:RD\
F>\x0a  </metadata>\
\x0a  <g\x0a     id=\x22l\
ayer1\x22\x0a     inks\
cape:label=\x22Laye\
r 1\x22\x0a     inksca\
pe:groupmode=\x22la\
yer\x22>\x0a    <rect\x0a\
       style=\x22fi\
ll:#e9ab16;fill-\
opacity:1;fill-r\
ule:evenodd;stro\
ke:#18d6ff;strok\
e-width:2.175012\
83;stroke-miterl\
imit:4;stroke-da\
sharray:none;str\
oke-opacity:1\x22\x0a \
      id=\x22rect29\
99\x22\x0a       width\
=\x2232\x22\x0a       hei\
ght=\x2232\x22\x0a       \
x=\x221.0666667\x22\x0a  \
     y=\x221.066666\
7\x22\x0a       rx=\x225.\
330369\x22\x0a       r\
y=\x223.8048785\x22 />\
\x0a    <path\x0a     \
  style=\x22fill:#9\
99999;stroke:#ff\
ffff;stroke-widt\
h:3.24005604px;s\
troke-linecap:bu\
tt;stroke-linejo\
in:miter;stroke-\
opacity:1\x22\x0a     \
  d=\x22m 17.066667\
,7.4666667 c 0,1\
9.2000003 0,19.2\
000003 0,19.2000\
003\x22\x0a       id=\x22\
path3769-6\x22\x0a    \
   inkscape:conn\
ector-curvature=\
\x220\x22 />\x0a    <path\
\x0a       style=\x22f\
ill:#808080;stro\
ke:#ffffff;strok\
e-width:3.589095\
12px;stroke-line\
cap:butt;stroke-\
linejoin:miter;s\
troke-opacity:1\x22\
\x0a       d=\x22m 7.4\
666667,16.602289\
 c 19.2000003,0 \
19.2000003,0 19.\
2000003,0\x22\x0a     \
  id=\x22path3847\x22\x0a\
       inkscape:\
connector-curvat\
ure=\x220\x22 />\x0a  </g\
>\x0a</svg>\x0a\
\x00\x00\x12 \
<\
?xml version=\x221.\
0\x22 encoding=\x22UTF\
-8\x22 standalone=\x22\
no\x22?>\x0a<!-- Creat\
ed with Inkscape\
 (http://www.ink\
scape.org/) -->\x0a\
\x0a<svg\x0a   xmlns:d\
c=\x22http://purl.o\
rg/dc/elements/1\
.1/\x22\x0a   xmlns:cc\
=\x22http://creativ\
ecommons.org/ns#\
\x22\x0a   xmlns:rdf=\x22\
http://www.w3.or\
g/1999/02/22-rdf\
-syntax-ns#\x22\x0a   \
xmlns:svg=\x22http:\
//www.w3.org/200\
0/svg\x22\x0a   xmlns=\
\x22http://www.w3.o\
rg/2000/svg\x22\x0a   \
xmlns:sodipodi=\x22\
http://sodipodi.\
sourceforge.net/\
DTD/sodipodi-0.d\
td\x22\x0a   xmlns:ink\
scape=\x22http://ww\
w.inkscape.org/n\
amespaces/inksca\
pe\x22\x0a   width=\x2234\
.133335\x22\x0a   heig\
ht=\x2234.133335\x22\x0a \
  id=\x22svg2985\x22\x0a \
  version=\x221.1\x22\x0a\
   inkscape:vers\
ion=\x220.92.4 (5da\
689c313, 2019-01\
-14)\x22\x0a   sodipod\
i:docname=\x22semia\
utomaticclassifi\
cationplugin_und\
o_save_roi.svg\x22\x0a\
   inkscape:expo\
rt-xdpi=\x2267\x22\x0a   \
inkscape:export-\
ydpi=\x2267\x22>\x0a  <de\
fs\x0a     id=\x22defs\
2987\x22 />\x0a  <sodi\
podi:namedview\x0a \
    id=\x22base\x22\x0a  \
   pagecolor=\x22#f\
fffff\x22\x0a     bord\
ercolor=\x22#666666\
\x22\x0a     borderopa\
city=\x221.0\x22\x0a     \
inkscape:pageopa\
city=\x220.0\x22\x0a     \
inkscape:pagesha\
dow=\x222\x22\x0a     ink\
scape:zoom=\x2211.1\
97802\x22\x0a     inks\
cape:cx=\x224.54880\
85\x22\x0a     inkscap\
e:cy=\x2216.104989\x22\
\x0a     inkscape:c\
urrent-layer=\x22la\
yer1\x22\x0a     showg\
rid=\x22true\x22\x0a     \
inkscape:grid-bb\
ox=\x22true\x22\x0a     i\
nkscape:document\
-units=\x22px\x22\x0a    \
 showguides=\x22tru\
e\x22\x0a     inkscape\
:snap-global=\x22tr\
ue\x22\x0a     inkscap\
e:window-width=\x22\
1366\x22\x0a     inksc\
ape:window-heigh\
t=\x22707\x22\x0a     ink\
scape:window-x=\x22\
0\x22\x0a     inkscape\
:window-y=\x220\x22\x0a  \
   inkscape:wind\
ow-maximized=\x221\x22\
>\x0a    <inkscape:\
grid\x0a       type\
=\x22xygrid\x22\x0a      \
 id=\x22grid2997\x22\x0a \
      originx=\x220\
\x22\x0a       originy\
=\x220\x22\x0a       spac\
ingx=\x221.0666667\x22\
\x0a       spacingy\
=\x221.0666667\x22 />\x0a\
  </sodipodi:nam\
edview>\x0a  <metad\
ata\x0a     id=\x22met\
adata2990\x22>\x0a    \
<rdf:RDF>\x0a      \
<cc:Work\x0a       \
  rdf:about=\x22\x22>\x0a\
        <dc:form\
at>image/svg+xml\
</dc:format>\x0a   \
     <dc:type\x0a  \
         rdf:res\
ource=\x22http://pu\
rl.org/dc/dcmity\
pe/StillImage\x22 /\
>\x0a        <dc:ti\
tle />\x0a      </c\
c:Work>\x0a    </rd\
f:RDF>\x0a  </metad\
ata>\x0a  <g\x0a     i\
d=\x22layer1\x22\x0a     \
inkscape:label=\x22\
Layer 1\x22\x0a     in\
kscape:groupmode\
=\x22layer\x22>\x0a    <r\
ect\x0a       style\
=\x22fill:#e9ab16;f\
ill-opacity:1;fi\
ll-rule:evenodd;\
stroke:#18d6ff;s\
troke-width:2.24\
751306;stroke-mi\
terlimit:4;strok\
e-dasharray:none\
;stroke-opacity:\
1\x22\x0a       id=\x22re\
ct2999\x22\x0a       w\
idth=\x2233.066666\x22\
\x0a       height=\x22\
33.066666\x22\x0a     \
  x=\x224.2632566e-\
15\x22\x0a       y=\x22-5\
.2106468e-15\x22\x0a  \
     rx=\x225.50804\
81\x22\x0a       ry=\x223\
.9317079\x22 />\x0a   \
 <path\x0a       st\
yle=\x22color:#0000\
00;font-style:no\
rmal;font-varian\
t:normal;font-we\
ight:normal;font\
-stretch:normal;\
font-size:medium\
;line-height:nor\
mal;font-family:\
Sans;-inkscape-f\
ont-specificatio\
n:Sans;text-inde\
nt:0;text-align:\
start;text-decor\
ation:none;text-\
decoration-line:\
none;letter-spac\
ing:normal;word-\
spacing:normal;t\
ext-transform:no\
ne;writing-mode:\
lr-tb;direction:\
ltr;baseline-shi\
ft:baseline;text\
-anchor:start;di\
splay:inline;ove\
rflow:visible;vi\
sibility:visible\
;fill:#000000;fi\
ll-opacity:1;str\
oke:none;stroke-\
width:3.41333342\
;marker:none;ena\
ble-background:a\
ccumulate\x22\x0a     \
  d=\x22M 30.406954\
,11.695108 C 26.\
004198,3.3100758\
 19.369158,4.528\
6701 10.666667,7\
.4666667 L 8.666\
0107,1.9410624 2\
.2095076,15.9027\
 3.6296161,16.49\
7635 16.927452,1\
7.068651 13.6155\
69,11.514548 c 5\
.803999,-1.28610\
5 11.609948,-2.5\
918088 14.384264\
,2.691866 2.5246\
13,2.282428 3.99\
2384,1.734392 2.\
407126,-2.5113 z\
\x22\x0a       id=\x22pat\
h2988-7-0\x22\x0a     \
  inkscape:conne\
ctor-curvature=\x22\
0\x22\x0a       sodipo\
di:nodetypes=\x22cc\
ccccccc\x22 />\x0a    \
<path\x0a       sty\
le=\x22color:#00000\
0;font-style:nor\
mal;font-variant\
:normal;font-wei\
ght:normal;font-\
stretch:normal;f\
ont-size:medium;\
line-height:norm\
al;font-family:S\
ans;-inkscape-fo\
nt-specification\
:Sans;text-inden\
t:0;text-align:s\
tart;text-decora\
tion:none;text-d\
ecoration-line:n\
one;letter-spaci\
ng:normal;word-s\
pacing:normal;te\
xt-transform:non\
e;writing-mode:l\
r-tb;direction:l\
tr;baseline-shif\
t:baseline;text-\
anchor:start;dis\
play:inline;over\
flow:visible;vis\
ibility:visible;\
fill:#0000ff;fil\
l-opacity:1;stro\
ke:none;stroke-w\
idth:3.41333342;\
marker:none;enab\
le-background:ac\
cumulate\x22\x0a      \
 d=\x22M 30.092036,\
9.3809141 C 25.6\
89282,0.99588107\
 19.054241,2.214\
4756 10.351749,5\
.1524722 L 8.351\
0933,-0.37313269\
 1.8945902,13.58\
8505 3.3147011,1\
4.183442 16.6125\
34,14.754458 13.\
300652,9.2003541\
 c 5.803999,-1.2\
861045 11.609947\
,-2.5918096 14.3\
84263,2.6918639 \
2.524612,2.28242\
8 3.992383,1.734\
392 2.407127,-2.\
5112996 z\x22\x0a     \
  id=\x22path2988-7\
\x22\x0a       inkscap\
e:connector-curv\
ature=\x220\x22\x0a      \
 sodipodi:nodety\
pes=\x22ccccccccc\x22 \
/>\x0a    <rect\x0a   \
    style=\x22fill:\
#ff0000;fill-opa\
city:1;fill-rule\
:evenodd;stroke:\
#ffffff;stroke-w\
idth:1.12;stroke\
-linecap:square;\
stroke-linejoin:\
miter;stroke-mit\
erlimit:4;stroke\
-dasharray:none;\
stroke-dashoffse\
t:0;stroke-opaci\
ty:1\x22\x0a       id=\
\x22rect3010\x22\x0a     \
  width=\x2214.9333\
33\x22\x0a       heigh\
t=\x2214.933333\x22\x0a  \
     x=\x2218.13333\
3\x22\x0a       y=\x2219.\
200001\x22\x0a       r\
y=\x222.8444445\x22 />\
\x0a  </g>\x0a</svg>\x0a\
\x00\x00\x0e\x87\
\x00\
\x00\x80\xebx\xda\xed]k\x8f\xe28\x16\xfd\xde\xbf\x02\
\xd1Z\xa9KK\x82\x9f\xb1MW\xf5H\xb3\xad\x99]\
i\xa5]\xcdC\xfb9\x05\x81\x8a\x1a\x08\x0a\xa9*\x98\
_\xbfv\xdeN\x1c\x12\x9e\x9d*5\xa8T`;\x89\
\xef\xf1\xbd\xc7\xd7\xd77\xe1\xfe\xa7\xddj9x\xf1\xc2\
\xad\x1f\xac\x1f\x86\xd0\x06\xc3\x81\xb7\x9e\x063\x7f\xbdx\
\x18\xfe\xf9\xc7/\x16\x1f\x0e\xb6\x91\xbb\x9e\xb9\xcb`\xed\
=\x0c\xd7\xc1\xf0\xa7/\x1f\xee\xb7/\x8b\x0f\x83\xc1\xe0\
\xd5\x9fEO\x0fCLl\x88\xe5\x8b\x0eU\xe1\x93\xe7\
/\x9e\xa2j\xa9?{\x18\xca\xa3\x90\xe0\xc9\xf7\xd25\
a\xd2`\xfdm;u7\xde\xa4TC\x06\x9f<6\
\xc5s\xef\x11\x020\x1a \x80\x88\x05\x81\x05\xc4]|\
\xc8V\xf6s#\xff&\xb3`\xbavW\xb2{[o\
\xe5\xbb\xcfQ\xb0r#\x7f:]\xba\xdb\xad?\xf7\xa7\
\xf2K\xb0\xde,\x9f\x17\xfe\xda\x96}\xd0/\xe7\xed6\
A\x18Y\xbb\xd9\xc6\x7f\x18R\x02\x8c\xb5{\xadVb\
\xb6\xdeN\xb26\x0f\xc3\xa7(\xdaL\xc6\xe3\xd7\xd7W\
;+\xb4\x83p1V}\xdan\xdc\xa9\xb7\x1dg\xe5\
\xa5\xe3\xb3\xde\xe7\xc7g\x05\xf66x\x0e\xa7\xde\x5c\x9e\
\xc2\xb3\xd7^4\xfe\xfa\xc7\xd7\xbc\xd2\x02\xf6,\x9a\x95\
N\xb3[\xcask}x\xc5\xf1\xd5\xa1\x10b\x1c\xd7\
\x16\xadM\xed\x10\x00`\x9c\xc1\x92v\xede\xd1\xb1e\
8\x9b7^\x1b\xa01B\x96lam\xf7\xeb\xc8\xdd\
Y\xeb\xed\xc7\xd2\xa1\xd3i~\xe44\xf4\xe4\x18\xbdx\
\xd3`\xb5\x0a\xd6\xdb\x04<\xad\xf1\xach\xbcy\x0e\x97\
q\x8b\xd9t\xec-\xbd\x95\xb7\x8e\xb6c\xa9E\xe3\xe1\
\x17\xd9\xfe~\xe6\xcd\xb7\xea\xb8D\xe5\xd47\xa9s,\
\xae\x93\xb5s\x7f\x19yaR_\x1a\xe6i\xb0\x5cz\
S\xa9\xb4\xee\xf2\xd5\xddo\x87Y\x83m\xb4_\xca\x01\
\x96\xd5Ah\xf9ky\xe8&X\xc6\xead%g\x92\
X\xfd\xf6\xeb\xcfy{u\xc9\xa4\xc2\xa1\x1c\xe6\xc5\xbb\
\x87\xa1\x1c7\x80\x1d\xa0^Eyj?\xd2\xec\x18\xca\
\x0b\xf7\x0d\x8d3\xbbJZ\x7fI\x8b\xef\xe7\xde\xaf\xee\
\xb3\xd4sw\xfd\xf3\xf29\x97\xac\x83lJ\xba\xd9W\
\xef\xc5\x8f\xe5y\x18\x02\x1bR\x11\xbfJMb\x81\xb4\
+H\xc1\xf0p0N\xf1\x1c'\xd2\xa6\xdf\xa6K\x7f\
\xf3_7z\xca\x8e\xcf\xbe\xff\xb9\xf6#\xa9{\xcf[\
/\xfc]\xd9\xc3\x7f\xd6\x7fn=\x0d\xb4\xac%\xe4R\
e\x1c\xf9.I(\x0f+:$\xa1\x04\xa5\xfe\xed\xf5\
\xaf\xb1\xbaO\x9eBOj\xe5\xc7\x05\xe4\x90[\x1cZ\
\xf2\x94\xbc\x22\x93<\xa7\xbc\x14\xb1(\xb0\xa0\x05K\x95\
\xd9\x90\x00\xf0\xb7Ri\x8e\xbd*.\x84\xcfz}q\
\xf1/*\xfc\x01\xd1{&\xf8\xe5\xc4n\x94\xb9oC\
\x8d/9\xd4\xcd#-.$\xf7\xcd\xf8\x93 \x07W\
\xf8\x13\xa5\xfcT\xa7O\x82k\xf4Y\x22\xd4\x828!\
!\xd7!N\x81\x0er\xa6\x14\x866q\xe6\xed\x10\xc5\
\x8cV\x10\x85\x80\xab9\x06\xd5\x11E\xd0\xa9 \x0a\x01\
S\xe0s\x03\xac\xaa\xf1\x95`U\xdd#\x87\xb1\xc5\x8c\
}\x7fl\x09\x15Ul\xb9h\xc0\x163^\xd3V\x1a\
\xab63\xe9,\x85W\x9a\xed\x9dx\xf0\xf1at\x89\
\x03{\x80\xee\xfb\xd4\x5c\xd2\x07\xcd\xa55l\x11\xc1\xba\
b\x14<\xcb\x1d\xcd%M\xf1\x95\xc4l\xc2\x96\xe0\xab\
`+\xc7\xac\x83\xde\xd2~`+\xde%\xb6\xbc\x07\x9c\
\xa0\x96!\xef\x90\x13(\xef\x81\xa7\xe0\x80\x1a\xb6\x9c+\
\xbc\x88i6c\x9aS\x96\xcfh\x8e.\xedMf\xb4\
\xb8+\xcea\x84\x1d\xd0\x0b\x84Y\xdd_\xe8\xe8*T\
L\xf4v\xae\x02l\x03V\xf4\x00X\x08\xdf\x1f\xb0\x10\
\xf7\x01\xd8\xba\x0f\xc6\x1a\xd6c&\xbe\xbd-\xd5\xc2\xf6\
@\x96\x94\x88\xf5\x01V\xf1~\x96\xb9\x0e\xea\x81c\xe0\
\x88\x06Ee&E\xa5\x86\xc9+u$\x88Ycc\
{\xbd\x8a\xf3\xc5\xe3n\xd2\x16\x8cE\x0f\xb4\x96Qh\
\xc6\x98w$\x03\xddQ\xbb\x99\xf3\xd5\xa2\xbf\x8c\x9a\x89\
\xf6~\xac\xf6\x11\xe2O\xf9\x9e\x93\xda\xdc\x99\xbd\xf8\xde\
k\xb1\xd9\xf0\xe8\xe6\xb1\xbe\x8d\xbb\xf0b`\x1f\x86\x1f\
\xe7\xf1+\xadx\x0c\xc2\x99\x17fUN\xfc\xd2\xaa\x82\
\x8d;\xf5\xa3}\xb2\x19\xf7A\x97W\x9d5\xaf\x07\xe6\
\xfa\xed\x93;\x0b^\x1f\x86\xa8Z\xf9W\x10\xac\x1e\x86\
\xd4F\x88\x08Nh\xb5z*\xc7\x11\xdb\x94\x009%\
\xe1Ze|=A\x1d!\xeb\xeb\xb5\xcfa\xe8\xad#\
k\xe9\xee=)U\xfc/\xd3\x8f\xedS\xf0\xba\x08\x15\
:Q\xf8\xecU\x8fT5\xd6\xe3c\xb03W\xcf\x82\
\xe9\xb3\xda\xdf\xb1\x9e\x93\xb0\xeafW>\xeb\xb3?\xf3\
d\xe1\xdc]nkGn\xd7\xee\xc6Z,\x83Gw\
i>\xf5\xab\xbf\x960Y\x99\x96B\xcc\x1aZd\xba\
\xc9\x1d\xd2\xd0\xa2\x14\xaa\xadV\xed\x9b\xabV\xee\xce_\
\xf9\x7fy3C\x93X\xb4.\xb8\x84A\x94\xa9x\x0d\
\x01\x09\xd1A}\x88U\xf4\xc9\x9b~\xf3\xc2\xc7\xc0\x0d\
M\xfd\x90\xf8~\xcbTu\x06\xd5;\xdbG\xd3F0\
\xb3\xa9h\xafvCw{U\xa6\xb1\x86*@e\x02\
\x0eB\x7f\xe1\xaf\xb5\x18wR\xa4\xc5\xb9\xd5\xde\xa9\xbf\
^\xecb[\x88-\x85U\xeb\xf6\xa6\xbaB[\x12c\
\xbe\x1f\xd7\xad6._y\x91;s#\xb70\xe1\xac\
D\xf6\x16d\xb2\x86\xb3\xf9\xe4\xb7\xaf\xbf\xe4\xb44\x9d\
N\xfe\x17\x84\xdf\x0a&Q\x0d\xdc\xc7\xe0YjIN\
^j'r:\x99\x07\xe1\xca\x8d\xbe\xf8+\x89\xb5\xda\
9\xfd\xfbn\xb5\x94d\x92Wh\x8d\x15|\xc5I\x93\
\xd3\x86^\xb2\x19l\xdc\xfd\x9cMW\xbe:h\xfc{\
\xe4/\x97\xffR\x17\xc9\xe9+?\xa9\x1f-\xbd\xa2\xf0\
~\x9c\xf6>#\xb9\x92p\xf7\xe3L\xfa\xf8\xdb\xa2@\
E\xb3\xe8|\xe8\x97\xee\xa3'\xad\xeb\xdf\xaar\x00\xeb\
\xa6\x1d<oV\xc1\xccK\x0f\xcf\xd1\x94\x84]\x99\x81\
$\xd1.'\x1f!c\x92\x5c>\xab/VJr\x13\
\xf8y\x1b\x85\xc17/\xb1\xd3\x09\xb01\xa2\x18CM\
\xb9\xd4\x09\x85\xa3vR*S\x0fF6h\x9a\xc7\xab\
*c\xd4\xb1\xbdb\xc4x\xde\x00\xa5ya\xa1i6\
\xa9N\xa7I\x87'\x1f\xe3\xc3@\xd6\xff&\x81\xb2\xaf\
3W\xdai\x18\xba\xfb\xc9:X{\x9f\x13D\xe6s\
w\x8eP\x05\x91bz,#Y\xc1\xd2x\xe4gs\
\xd7*=\x91*\xe5\x85KIM\xd1\x844\xf4\xae*\
SeRU\xfd\xa2TPK\xed\xe8\xd5\xb7\x9d\xa0\xcd\
\x8a\xb4\x90\xca\xb8 \xbb\xbcQ+\x07\x05!\x9b\xe8\xdb\
`\xd4VGc\xe9\xe2\x96\xb4\xba\xffP\x1c\x07\x04\x92\
\xde`\xd95\xc8T\x94')5\xd8\x0c\x89xK\x90\
\x18\x00\x11\x89\xb1A\x13 \xdc\xae\xedV$\x0e\x0b'\
\x02\x03\xecY\xa5\x80J\x19\x14\x5c\x0e\xf6,\x8c&\x0c\
\x01\xe4\xa8\xb4C\x1a\x85\xeez\xab\x08ZM\xbe\xf2\xa3\
\xf4\x89\xbdO\x19\x99\xc0\x91\xa5t\x12\x13\x07;wC\
#\x91\x11\x84\xa5\x1b[\x857\xf1&'\x92\xbe?}\
,RD\xee\x9a\xccYJ@\x80M\x95\x04L\x97\xd9\
\xaa\xd8D\x0eQ\xaa\x1b\xa4\x8e\xac\xa9*\x1b\x0b\xce\xb9\
\xe5@KH\x04\xb4|\x80\x0e\x22\xa5\x1aS\x1e\xf5D\
]\xb0-\xceQ\x98F-V\x84\xec\xc4\x96a\xc2\xa4\
\xea\xe0_\x06\x18na\x8b\xbd\x01\x5cx\x1d\x80\xeb)\
\x8bD\x05\xf4\x1f\x93F\x03r\xec\x98\x5c\xf9e\x81\x81\
\x16\xb1\x986\xe5\xbd5\x5cHRN/\xac0\x16\x90\
\x7f\xe2MkL:\x1f\xf3K#\xa3\x9c$\xace\xa7\
\xbd1d2\x97\x84^\xda\x96\x84E\x98\x04\x87\xbe\x01\
hP\x9dN\xaeF\xbd\xea\x8d\xdf\x00&\xc4\xe8\xaf]\
\x07\x13E.LKq\xeb\x01*M\xde&)oP\
\x1a]M+\x17y\x14'\x02KW\x13sZ\xf2\x14\
\x17M~=V\xef\xeaz\xb1hl\xbcZr1$\
\xe8\x08a\x9b(=\x86w\x15\xa8\xa5\x87L1,\x87\
66\xa5\xd4\xc7n\xdd\xb8\x1a\xde\xe5n\xa8\x00\xce\x00\
\x02e\x8e\x00:#\xb5\x9c\x04\x80q8x\x19(1\
\x11\x878\xfb\x80\x06\xff\x1cpEi\x08`8p\x94\
\xf3\x84\x05p\xca-\x9f\xf2\xb64\xff$\xd2\x06\x849\
\xb4\xda2.{\x19Xy\xb1\x95\x97>\x19\xae_n\
\xf9\x94\x7fF\xa5\xd2\x17c\xe9_\x9a\xc8\x874H\x0d\
\xaae\x1cU\xb3\x09\x95-:\xd7\xde\x065FFu\
L\xb4\x05\x12\xac\xb9A\xc6>f\xe1\x169L\xc9'\
\xce\xef\x8e\xb3\xe0\xfa\x8aJ\xa58\xde\x95\xf5T\xe7\xa5\
\xf3xA\xba\x00\x8c8\x14\x1eV\xc1\x0cW\x08\xa1\xd0\
\xd6\x0d\x07\x09\xad`B\x92.\xfc\xf5ZE\x9d\xdc\x16\
Pj(\xe3r\xad\xcb\xb5\xda}\xbc>N7c\xb5\
\x00\xe0e\xe5\x87\x82 \xc0\x8f\x90\x1fk\xd3w\x0d\x01\
fD \xad\xa5\xb0\x8a@v\x18\xaa\x0a\x8f\x81-\x92\
\x0a\x83\x02\x1f\x0e\x85\x1c\x8d\x01\xc6NcL\xaf\x03}\
\x19t\x169\xf8\xce0\xb7%\x0adJ\xdc6)P\
\x06\x9e\x93\xac\x02\xb5\x18J)\xb6\xe9\xe81\x12\x04\xd3\
\xc8Q\xc7\xc0\xd1)ha\xc6\xea\x80\x19`p\xa08\
\x04\x83)\x82v9 \xe2\xc0c\x09\x83\x1a\xa5a\xed\
6\x0a3\xe9f\xe7\xc6\xa3l\x06\xa7\xd8Liu\xd9\
\xfbE[\xdaR\xed\x5c\xe22\x1f&A\xe7\xc9\x8a\x02\
\xf3\xbeq\x966y\x9d\xcbZf\x5c\x1a\xc4\xbf\x1ak\
\x01\x06\x1c\xd1\xd1\x0e\xe1a;<\xd6\x12\x8b@\xacf\
\x89&\x03U\xe9\x01\x95=\x80\x92\xa9\xc5\x9b\x9d\xde'\
\x01\xee\xaeFWG\xc0\x04X\x1bL\xa6\xdb\xab.\x08\
\x94i\x8f\xa0\x15\xad*\xb1\x11FD'\x8ab\x14^\
\x9b\xa2\xea\xb8\x1f\xa2\xa8\x14\xe23|,\xc6\xab\xb6\x9a\
B\x0d\xab\xa6j\xe9\xf72wE\xfb:d\xc6N\xc4\
\xe9\x14\xa4\xcc\x9c\xb7+\x93\xd7e\xa0\xea\x01\xf1\x11*\
Z-Z\x9cd\xd1\x84Tv\xad\xd0\x99\x9cg^q\
Y\xe8\xe09,\x01Frm\x0c\x93\xc8\x02\x22\xe7\xaf\
\xb6H\xcfV[\x96\xc0?\x16\x5c\x16|oK\xae\x06\
E0i$e\x87m\x98\x1eg\xbf\xd9DQ\xb1_\
\xc8\xd2\x88Ee5\x95FZ\xd8U\xdd\x13\xde\xd1=\
\xc1\xed\xee\x89\x05N\xa23\xe8ttPX\x92\xe0@\
.Am\xda\xec\xd5@n0\xcd\x1f\x18Ab\xe3\xd8\
8\xcf\xe78\xcaq\xdf8\xce\xe2?XN*\xaf\xd3\
\x07\x9e\xab\xf9\xd3\x8e\xc0\xdd\x96\xfc\xe2;\xcc\x9d\xad\x8e\
\x22=]\xb3D\x15\xd3:\x98\x95(\x8b\x0e\x9fn\xef\
\xc4\xc2\xad\xfe\xe3\x08\xa1dp\xe8\x083\x9b\xabNP\
=\xc8\xdd\x01\xc4\xd2\x18\x18F\xe1\x16\xf6]\x1b\x88\xea\
\x14\xde2\x10mF\xdef\xe6\x07\x0c\xfd\x0a\x88t1\
v\x83\xb9#\x8b\x1c\xc6\x845`b6\xf9\x03F\xdf\
h\xf6\xba\xe1\xf7\xc1\xd7\xa1\x87}\x1dm\x9e8\xdd\xdb\
)\xdc\x9a\xca\xf4nH\xb92O\xef\x86;7\xf2\x86\
\xd6\xd4Sw\x9e\xc4I\xf4\xd2\x86\x09\x83@\xcb\xe4k\
>b\x1fK\xc3)\xe0\xda\x03\x89\xcc\xdbU\xd8\x9c\xaa\
\x97\xdc\x9aqZ\x86\xad\xe1\xc8\xf3\x14_\x1bA\xa1\x11\
`\x87\xd1C\xf5\xd4\xd0]\xa1\xc8\x95$Z\x96\x0c\xa9\
\xee\xaa\xd6\x5c\xaf\xe11\xb2\x0f[i\xbd\x99\x9a\xdbN\
\xd8\xceCG\x0f\xc7\xf1\xcc\xfcf8\xf9\x0a\xaaY\xe7\
\xe4^\xb1q\x9b\xfft4\x22\x0d\xfbV\xcd\xee\xd3\x09\
\x8eS\xb6lrj.\xb9\xda\x95c\xdc\x01\xa8\x92\xd5\
\x9chE\x1e\xf6\xed\xee\x92\xdf@\xfeS\xa2\x8b\xcd\x08\
\x10\x9bP\xa1\x923L\x8b\x92,q\x1e\xb7\xfa\x92\x18\
\xb1\xb3HgQ\xb7\x80\x05D\xbcj\xabG\x9e\xd6h\
\xc1\xb7\xb1\xe1\x9ag\x85k\x0dZ,\xb9\xdd\x96\x0fl\
\xfa5\xa6\xe6\x1b,\xba\x17\x9co]\x9e\xf5\xa1\x0d\x88\
\x83\x11uj\xc6\xadas;\xaa3G\xc8\x0f\x9a\xfa\
\xe1\xb5\xb7\xd9\xd8s\xc1*\xb6n,\x8f\x83\xe2\xb0\x1e\
>:\x7f\xcf\xe5F\xf8\x9c\x12\xa39\x1e!\xc3\x0d3\
\x9d\x102P%\xe1\xa8\xe9,+7\x0a\xfd\xdd'\x90\
d\xb9:\x0c\x8f\x80|\xc3\x11\xc46\xa4\xea5\x02w\
\xbd\xf2\xed\xba\xcc^\xe6A;\xd5\xde\xcd3\x996z\
\xb4n\xeb\x16\x12I\xd8\xa2\xca\x03\x1d\x86\xb0w\x8cp\
\x8a\x03\x90\xed\x8f\xd5BG\x86U\xcb\x99\xa4\xd0\x10i\
j\x8b2\xa9\xb8\xb2H\xa2\xfd\x8cW6\xcd\xde\xe2\x22\
\xc6r~,c4\x07\x08\xbe\xef\x85\xcc\xd1\x1b\x0c\x97\
MZ\x85Nm\xf9\x92G\x8d:\xccH\x95\xbe\x98\xe6\
$\x9et\x8bfs\x92\xcd\xd4\x8b\x22\x95\x83'\xff\x09\
$\x98g\xb1\xf73?\xb5\xc5A{:C5\xd1o\
\xc5Oj\xcbZ0n\xec\xbdM\x1e\xb6\xf8\x0f&\xd6\
\x99\xb8g!\xfe\xc6\x90\x82\xbaY\xa2\xfd\x1e\x8c\xec&\
S6Js\xa5\xe0\x99J\xdb\x14\x8c\xa8\xe4F\xbf\xf5\
\x80\x84|\x83\x1fA\x89\xc3A\x89\xda\x0a\xfc=\x06&\
\x8ev]h\xe5v\x89s\x9d\x97\x82!\x1a\x02\x90\xa4\
\xd5\x87\x89\xcd\xb3\xc5\x87\x81v\xf2\xab\x1b\xacXV'\
S\xee(\xcf3\xea\xd7lw\x12\xbb\xe3+n\x19\x90\
fm\xa5\xad\x1b\xb8\xc5\x87\xc6'\x13\x81\x19\xc1\x80\x98\
\xee\x04j\xb8\xd5\xb2\xf4X\xa2\xdaC\x89j\xe9\xb1\x07\
\x1fJ\x04\xca\x0f#*R-\xf2\xed\xce\xe6\xa7)\xcd\
]\x07\xd0\xb6\xa7)\x95w\xe5\xb4g)Y\xb5\x8eg\
\x9e\xa0\xe8\xd6\xf1\xfa\xd8\xec\xcb\x85\xed\x02 wF\xc1\
c\x9b\x00\x00\xf1\xd2uu\x11j\xcf{\xcc\x12\xd2P\
7\x11\xb0\xad=n3k\xc3;t\x1e\xcf\xe7\x14z\
-\x9dG\x02d\xbf\x86U\xef<\xadu\x9e\xda\xce\x11\
O\xb3JuE\x83_\xd8\x8e\x80\xd0I6U\x1a\x9e\
g%\xcd\xd5x{r\xbe\xe0b\x1c\x08\x01\x1d'f\
+\xf9\x95!\xf9\x86\xce\x08S\xc9c\x18s\x15%\x91\
\xa5\x949\xf0\xee\xc0=\xa2\x1c\xd5\x1f\x0a\xa1~k\xc4\
R\xb7\x16?\x0c\xe3D\x87\xfa\x8f\x025\xe6\xf3\x01 \
/\x0d\x9a\x1ei4\x9f\xa9\xb7\x8e?\xba\xccM\xc7\xe6\
[\xc1\xb2G\x02\x88\x91\x95\xcd\x22z\x1a\xa1>WT\
\x9e\xa8\xf6\x0f)\xf7\xb0>\x99\x98\x7f\xcd\xe8\xfb\x02q\
\xccD\xf3\xdd\xc6\xa8l]\x8c\xaa\xc7\xb44\xa6\x13\xa5\
\xbe:i\x9a\x8d\xcc\xf7=$\x8c'\x0d\xb4>\x11e\
s\xb8s\xe4\x9a\xab7`!\xe9U\x91\xda\x0a\xe32\
pU\xd3\x87\xb2iB!\xf9f\xe1\x02*w\xa7\xc9\
??\x030S\xd6y\x13`\x0d\x99jM,|\x04\
\x077gT\x13\xc6\x11\xec\x0d\x03c\x91\xa48I\x06\
\xce\xf3\xd0/\xc7\xc0\x07\xb2Lo\x0b\xc3Q\xb9\x9a\xdf\
k\x84\x0c\xfc\xdbs\xf6\xed\x0dT1\xfb\xf6\x9c{{\
\x04\x16\xb0\x1aS\xd3\xfa\xc8\xbc\x9dy\xb7\x91u]\xb7\
\xf4\xb0\xce*\xd8G\xb0\xa5\x93\xe6\xfe\x8e\x8a\x87\xc0]\
\x88-\x9b\xa9\xb2c\xdf\x8fQ\xc5\x83\xa7LtO\xad\
\x96D\xb1\x9a\xef\xc4W=g\xab\xebH]\xdd}\xeb\
\x1f\xf1\x5cKn\xd0\x94\x06\xd2K\xef\xad;\x8bX\xf8\
4\x1e\xb9\x85\xbbv=\x02\xb2\xd0\x89\x14tc\xf7\xec\
vCP\xf7\xc7\xde\x01\xc3]\xd1\x01\xa3o\x9f\x07\xaf\
\xeaq\x81\xde\xb1e\xfa!\xfew\xaf~x\xe1\xcb\x87\
\xff\x03\xea\xa2\xf0\xe7\
\x00\x00\x06\x1d\
\x00\
\x00N\xb7x\xda\xe5\x5c[\x8f\x9b8\x14~\x9f_\xc1\
2/\xadvml \xdc\x9a\xa4\x0f;\xaaTi\x9f\
v\xbb\xda\xc7\x8a\x80'A\x03\x18\x01\x99$\xfd\xf5\xb5\
\xb9%d2\xd2\xae\xb0%\xb2fTM\xf19\xbe}\
\xfe\xce\xf1\xf11\xed\xf2\xf31K\xb5WRV\x09\xcd\
W:\x86H\xd7H\x1e\xd18\xc9\xb7+\xfd\xefo_\
\x80\xa7kU\x1d\xe6q\x98\xd2\x9c\xac\xf4\x9c\xea\x9f\xd7\
\x0f\xcb_\x00\xd0~/IX\x93X;$\xf5N\xfb\
\x9a\xbfTQX\x10\xed\xc3\xae\xae\x8b\xc00\x0e\x87\x03\
L\xbaBH\xcb\xad\xf1Q\x03`\xfd\xf0\xb0\xac^\xb7\
\x0f\x9a\xa6\xb1~\xf3*\x88\xa3\x95\xdeU(\xf6e\xda\
(\xc6\x91AR\x92\x91\xbc\xae\x0c\x0c\xb1\xa1\x9f\xd5\xa3\
\xb3z\xc4{O^ID\xb3\x8c\xe6US3\xaf\x1e\
/\x94\xcb\xf8y\xd0\xe6\xa39X\x8d\x12\xf6}\xdf@\
\xa6a\x9a\x80i\x80\xea\x94\xd7\xe1\x11\x8c\xab\xb21\xde\
\xaaj\x22\x84\x0c&;k\xfe;\xad\xa0b\x80\x16\xec\
\xcf\xa0\xde\x17\xc0\x8a\xee\xcb\x88<\xb3z\x04\xe6\xa46\
\x9e\xbe=\x0dB\x80`\x5c\xc7\x17\xcd\xf4x\x8ez\x1d\
\x81\x9c\x87\x19\xa9\x8a0\x22\x95\xd1\x977\xf5\x0fI\x5c\
\xefV\xbaeCl\xb1g\xd1\x14\xeeH\xb2\xdd\xd5\xd7\
\xa5I\xbc\xd2\xd9\xe8M\xdfk\xdf/\xc8\x81[\x85\xae\
\xe1`\x90 \xe8\x9b\xd0\xd6>,\xe2\xd0\xf1\xfc\xc8\xc2\
\xd6o\x9a\x89\xb0\x0f\x10\x06\xd8\xfe\xd8\xd4\xea'\x15\xc4\
4\xe2\xa3d\x9d\x90,\x09\xf75\xcd\xd8:FQ\x1a\
VU\xf2\x9cD\xec\x85\xe6E\xba\xdf&\xf9\xf7\x9c\x0f\
pC\xcb\xefEr$i\x05{P\x87\x11\x90cA\
\xcb\x1a\x1c\xe3\x82A\xeb\xb87\x85\xa7^\xb8f\xd2e\
L\x9e+\xae\xd5\xce\x93\xbf\xb1\x89\xba\xbaf4\xd2a\
\x90|\x84\xf1kB\x0eg\xddMX\xb5XjZ\x11\
n\x19\xefRZ\xae\xf4\xc7\xe7\xe6\xe9\x04l\xac1)\
{\x91\xd3<#\x11ek\x93\xd4\xa7\xd6\xd2\xba\xb6\xfb\
\xf1\xf2V\x079\xba-\xafvaL\x0f+\xdd\xbc\x16\
\xfe\xa04[\xe9\x0b\xb8\xf0=\x1f\xe1kit\x5c\xe9\
l\x91\x91\xe9\x99\xbe\xffF\xc8\x87\x83\xa1g\xdb\x8eo\
\xbf\x11\xee\xcb\x92Y\x22H\xc3\x13asj~\xf5\xcd\
W;z\xd8\x96\x1c\x9b\xba\xdc\x93\xeb\x9a\x5c\x026\x1b\
z\xbc-f4\xd8s\x1b\x07\xfb<\xa9\x99\x1d\x15\xc7\
\xcbV\xf7IL\xaa\xdb\x15\xab<,\xc06\xa5\x9b0\
\xbd\xadpHr\x86\x11\xe8(\x8f\xada\x09\xae5z\
\xfe\xbb\xc8}G\x83\x8d\x1d\xbd#:\xbd/\xca\xc2c\
\x92%?\x08\x03\x067\xacc\xcc\x1a\xc1\xd2V\xd3\xb4\
\xfa\xc4m\xf9x\xe2ez_\xc8\xf1\xe4\x05l\xa5\xdc\
\xa1\x90\x96\x093\x88\x8b\xe1\xf4E\xa7\xcb\x22n\xf9\xcc\
q\x1f\x1bz5\xe4s\xafe\xa7KY\xc7z\xe3-\
\xed\x9b\xf2\x8c\xd4a\x1c\xd6\xe1\xd9\x06\xfa\x1266\xd4\
\xcf\x8c9\xd1\xe0\xcf\xa7/\xeb\xae\xa3e\x14\x05\xff\xd0\
\xf2\xa5\xefW\xd3\xb8B\xb8\xa1{\x86\xb4\xbe\x1e\x8a\x97\
q\x140\xb7\xc7\x8c\x7f\x9dd\x8c\xd9\xdcc\xfe\xca\xdc\
\xdc\xd28\x0bF\xca\x1c\xacs\xa3m\xb3%i\xfd\xe7\
\xcdM$\x8e\xb2\x84W2\xfe\xaa\x934\xfd\xca;\xe9\
f|\xd1hR\xa7d\xdd\xf4\xd9\xfe\xb5\x9f\x85\xd1M\
\xa3\x9b\xa4q1\xcb\xa5\xd1\xc3\xd0\xbcm\xcf\xf0\x8c\xac\
cX\xf14\xdc\x10F\xd5?\xb8P\xc3o\xcd\x84\xee\
\x8b\x8c\xc6\xa4\xab>\xc0J\xa2zX\xbb\xfa\x942\xf9\
3\x9bF\xf0\xe8!\xfe\xf3\x89\xbf\x80\xce]\x04\xb8}\
-\xf7)s{\xaf$\xa7q\xfc\xa9\xaaK\xfaB\x82\
G\xd4<\xddkk\x15\x01\x82\xb6\xe5\xdb\x9c\x04}9\
\x83\x8a\x94)\xa3m\x1d\xd8}Y\x1c2wS\x96\xe1\
)\xc8\xd9\xde\xdf\x97\x0e}\x8e\x18\xcb\x87\xbb\xf0,\x1f\
`\x161\xf4\x82\xce\x04\x17\xd0\xb2\xce\xfb\x8bv\xb1\xf3\
\xd8\xd0o$\xf6 \xe1\xdcE\xf0\x8a\xbb\x8c\xb4\x16\xf4\
F\xee\x94\xad\xff\xc8\x1a\xca\x86\xd8\x8e\xcd\x1fgX\xe6\
\xf7Q\xdcX\xfcg\xce(\x02,\x03G\xf0\xd63L\
\x03\xb2\x1d\xd2\xac\x81\xf4e\x00\x89-\xe8\x8e5\xff\xf7\
8b\xb0\x90\x81\xa4\x07\xbdf.\xa6:H\xba2p\
4-\xe8(EF)l\xc4\x1eTm\xa3\xf1\xe5\xf0\
\xd1\xb2\xa0-r\xa7\x99\x7f\xe0\xc3I\x09\x90\x14\xdb\xf6\
\xe0\xa2QU\x82\x95\x13\x11D2\x03\xc7\xb9\xb3p\x22\
vo\xd5U\x0c\xbem\x19(\x0a\x0f\xbdg\x0e\xa3'\
\xd2\x8cE\x87\xdb\xf3\xdfL<\x19\x1c\x14\x0d\xe3\xcc)\
\x88&[2\x92yR\x99=\x09m`\xca`\xa1h\
\x1c\xe7\xceBK$\x09\x05\x1e\xf3f\xcf?G\x06\xfb\
\x04\x028{\xf7\xe7\x0a\xdd\x83\x05\x1f\x8d\xef\xc0\xfdI\
!\xa0z)\x06O\xd2\xb9Dp\x86a\xfe\xd1\xccd\
\x1c\x91\xcc\xac\xc2=\xc43\x93]\xe2\xed=E\xa9\xfc\
L\xcbD\xb1\xb1\xb5\x8a\xb6<9\xbaFR\xf3\x0bw\
\x90p\xb5\xa7r\xd0t\xae\xf7\xe2&\xdf\xe5Z\x0aY\
s\x9b\xb9ve \xc98i\xaa\xc3F\x7fr\xf2\xff\
&\x88X\xa1\x13_{\x87\xb2\x90\x01\xa3\x07U\xf3\x8e\
\xee\xe4\x0d\xe6&\x90\xa6\x92\x17{\x0b\x80\x1c)\xd6\xad\
V\xe8\xd8]8\xcba&\x0b\x22\x1bMS\xb1+g\
 %\x0cb\x87\x1aE\xae[&\x7f\xff 5|\x9c\
=\x0b'\xdb2\x86W\x85*\x06\xe160=\x19@\
\x0a\x8c\xc1;Lf{\xe3\x0c,\xa1\x86\x8cU\xfa\xa2\
n:x7\xd9\xa7\x0e\x86MJ\xc7\xf6\x842P\xf0\
\x99e\xf6,\xe4\x09Z)NP- \x91%8\xa4\
\x11}\xe4\x9b=\x11\x9d\xe99\x88[4\x14\x8d\xe3\xcc\
7d\xc4\x0ezb\x1d\xa2\xe8\xd3\xf2\x1dxD\x07X\
X\xca\xce\xac\x5c\xe2\x81\x9f\x96}$\xe5\xb0\xa2V\xe2\
\xa1\xbd\xbd\xf2\xc4F\xdb\xea\xa4\x1b\xba\x8bh \xc5\xac\
\x05\xc2x\x1f\xb7\xd0\xd3\xffU\x9a\xd4\x1c\xe2}\x5cD\
\x03\xdf\x11\x8a\xa2\xc0\xa4\xc3\x1d$\xb4\xed\xe9\x1f\xca^\
\xf0M\xd9\x1b\xe8\xc9\x9f\xdb\x8dAT\x8b\x83\xdc\x94=\
\xa1\xf8ae>\x94\x1d\xee\x9d'o\xc9c\x04\x05g\
\x1d\xee\x00EW\xc0\x17vc\x0cM\xb5>\x0c\xbb\xb8\
m\x16\xbc\xa7\xa8z\xd1<9\xaf}\xb55\xab\x15\x1f\
^\xdc1O\xbee\xbe2\xec\xffvPY\x1a\xdb\xf5\
\xc3\x92\xff7A\xeb\x87\x9f\x0em_\xf1\
\x00\x00\x06\xa5\
\x00\
\x00&hx\xda\xedY\xc9\x8e\xe36\x10\xbd\xf7W0\
\xeaK\x82X\x14\x17mT\xdb\xce!\x83 \x03$\x97\
\xac\xc7@\x96h[iIt\xb4\xb4\xed\xf9\xfa\x14\xb5\
Y\xde\x82\x99t\x8f\x91\x00V\xa3a\xa9\xaaH\x16\xdf\
\xab\x85\xb2\xa7\xdf\xec\xb2\x14\xbd\xc8\xa2LT>3(\
&\x06\x92y\xa4\xe2$_\xcd\x8c_\x7f\xf9\xce\xf4\x0d\
TVa\x1e\x87\xa9\xca\xe5\xcc\xc8\x95\xf1\xcd\xfca\xfa\
\x85i\xa2o\x0b\x19V2F\xdb\xa4Z\xa3\xf7\xf9s\
\x19\x85\x1b\x89\xbe\x5cW\xd5&\xb0\xac\xedv\x8b\x93N\
\x88U\xb1\xb2\xbeB\xa69\x7fx\x98\x96/\xab\x07\x84\
\x10\xac\x9b\x97A\x1c\xcd\x8cn\xc0\xa6.\xd2\xc60\x8e\
,\x99\xcaL\xe6UiQL-\xe3`\x1e\x1d\xcc#\
\xbdz\xf2\x22#\x95e*/\x9b\x91y\xf982.\
\xe2\xe5`\xad\xbd\xd9\xf2\xc6\x88\x0a!,\xc2,\xc6L\
\xb00\xcb}^\x85;\xf3x(\xf8xi(#\x84\
X\xa0;X~\x9cUP\x02\xa0\x1b\xf8\x1f\xcc{\x01\
.U]Dr\x09\xe3$\xceee\xbd\xfb\xe5\xdd\xa0\
4\x09\x8e\xabx4M\x8f\xe7\xd1\xaaG \xe7a&\
\xcbM\x18\xc9\xd2\xea\xe5\xcd\xf8m\x12W\xeb\x99\xc1m\
L9\x5cN#\x5c\xcbd\xb5\xaeN\xa5I<3\xc0\
{&\xfc\xf6y\x14\x1c\xb45\xe8&\x0e\x06\x0d\xc1\x82\
a\x8a\x0a\xeap\xaf\xb5\xe9\xb7\x10\xc4*\xd2>\xc1\x94\
2K\xc2\xbaR\x19\xb0\x16EiX\x96\xc92\x89\xe0\
A\xe5\x9b\xb4^%\xf9\x1fe\xb2\xca\xff\xa8\x94Jq\
\x0f\xde\xb0\x92\xdcmTQ\x99\xbbx\x03\x10\xba\xdeE\
\xe5\xbeW\xceA;\x8d\xe5\xb2\xd4V\xed~\xf4\x13l\
\xc83\x90\xd5h\x07\xf7\xb4o\xf1K\x22\xb7\x07\xdbE\
X\xb6\x98!\xb4\x09W\x10_\xa9*f\xc6\xe3\xb2\xb9\
:\xc5B\x15\xb1,z\x95\xdb\x5cG*\x05\x1c$\xd5\
\xbe\xcd\xa8n\xee\xde_=\xeb\xa0'\x97\xf5\xe5:\x8c\
\xd5vf\xb0S\xe5\x07\xa5\xb2\x99\xe1`G\xf8\x82\xd0\
Sm\xb4\x9b\x19&s1\xa5\xdcg\xce\x99\x16\xd6\xe3\
\xe0\x90\x10\xb6\xf0\xcf\x94uQ@\xca\x99i\xb8\x97\xb0\
\xa9\xe6\xa3\x9f\xbf\x5c\xab\xed\xaa\xd0\xe0TE-OG\
j\x8d\xb9X\xa8\xdde5D@\xad\x93\xd9\xac\xf3\xa4\
\x82\x84\xd9\xec\xc6\xb3\xd6I,\xcb\xcb\x03\xb7I\x0e\x18\
\x98]\xe8R>@|j\xd1\xc7\xb1G\xfc+\x16\xe0\
\x1a\xb9\xa2\xda_We\xe1.\xc9\x92\x0f\x12\xf6}\x86\
t\x99\x87\x1bs\x95\xaaE\x98v\xde\xcf\x1b\x8b\xe9\x11\
,\xed \x84\xaa\xbdN\xda\xdd^\xcb\x8c^\xa8\xf1\xd4\
\x02\xee\xb9\xce TE\x02\xb90\xf2\xb7\x17\xed\xc7\x22\
\x9d\xe2P\xa1wM|5\xd1\xe7\x9d\xea\xf6c]\x17\
\xf6\xd6y\xdc7\xf2LVa\x1cV\xe1!\x09z\x09\
\x13\x82\xf4;\x83j\x19\xfc\xf4\xee\xbby\xb7\xd04\x8a\
\x82\xdfU\xf1\xdc\xaf\x8b\x906\x08\x17\xaa\x06*\x8c\xf9\
 \x9e\xc6Q\x00\xf5\x0d\xf2~\x9ed\x10\xda\xba4~\
\x0d\xf5lj\x1d\x14G\xc6\x1a\xac\xc3\xa4\xed\xb4\x85l\
\x0b\xe5\xc5n\x11GY\xa2\x07Y?WI\x9a\xbe\xd7\
\x8bt;\x1eM\x9aT\xa9<\x08\xa7V\xe7}\xb77\
k\xb4\xb9\xa9\xd5\xef\xbeyZ\x1dP9J\x8a\x81\xe8\
4\x5cH\x08\x82\x1f\xb4\x12\xd1\xf3\xecP\xf5&S\xb1\
\xec\x86\x0fh\xca\xa8\x1a(\xab\xf6)\xe8\x97\xe0}\xf0\
\xb8$\xfa\xefI?\x98]\x99\x08h\xfbX\xd4)\x94\
\xbb\x17\x99\xab8~*\xabB=\xcb\xe0\x91\x10\xdb'\
\xa4{l\xb3%\x18\x1e\xd3$\x97\xe0FP\xfeU\x87\
\x85\x1cK\xffTI\x1e\x00n\xb2\xe8\xa5\xcdC\x0a\x11\
_\x05v/\x8bC\xa8DE\x11\xee\x83\x1c\xda\xffX\
\xaa\x96\xcbRV\x87\x95zW\x09\xe6\xddu\x14\xe8z\
\xbb\x5c\x08:\x08/v$t\xb5+\xe9\xeb(+ \
\xbe\x05\xb6=.\x08w\xa5I\xddAQ\x1c\x99\x15\xba\
\xe6a\x0e\x9d\xc9\x85\x9a\xd7\x07\xc0t\x13V\xebK\xe8\
\x8fv\x19<R\x0a\xd8F\xc7\xc8:\xd8osJ\x9c\
B\xbc\xa8\xab\xea\xad\x00\x1ex\x1f\xf6\xa1s\x12\xb1\x16\
\x11\xce'=8\x1c\xb9\xd8\x9e\x98\xbd\x02q\xac\x8f7\
Bx#Ycac\xd6\xb8\x8d\x9c\x96\x1f\x10uw\
\x1cu:w\x18c\x9f\xcc\xbaF>v\x1a\xc5\x11\xa7\
\x1aD\x9bx\xc2\xe4\xe6H14\x14\x95\x030\x95*\
Lh-/aU\x17R\x13\xf3i\x14\x10\x9f\xc7^\
|L\x01\xf8fC7 \xc2\xb99\x05?\x22\x0d\x8a\
p9%t\x02\xad\xd4q\x1c\x0ahql\xfb\x1eu\
\xa9\x98@\xef\xf5\x19u\xb9\x00\x9c\x05\xe5\x9eM'\x0c\
\xc2\xcf\x01\x80\x11%\xd8s]_\x88\x09\x85-P\xdb\
#\x0e\xa2\xc0#\x15\xcc\x15\x13\x1f{\xc2%\x8cPD\
=\x0c\x0b\xd8\x9e?\xb1\xb1 \x0eD.Gz\x12j\
\x0bgB0\xf5\x18\xb1\xa9\x80U\xd9\xc4\xe4\x98]\xa1\
\xe43\x11\x22I\x1c-Orb\xe83l\xb3\xfbt\
J\xae\x00\x0d;\x1bE\xb9\xc0\xee\x843D\x19\xf6'\
L\xb49\xe8!*\xc0\x889\xd8E\xccn\x03\x94O\
\x18\xe9#\x9d\xf9`L\xfd!5\x1c0\xa6\xee!\x98\
\xf9E\xe4\xfe\xdf\xb8e\x08\x0e\x94\xbe'|\x17b\x85\
A A\x1cy\x1c\x82\x91y\x8c\xdb\xc4u\x9aJ\x00\
\x16\xb6\x03\xd5\x84\xb9\xbe\xed9\xbe\x0e#J\x1c\x08Q\
\x8d\x22\x8c\xa4P\x0a\x5c\xcc\xe0\x14\xc9\x9a\x92\x02\xd5\xce\
\xf5\xb4\xc8\xb7mAa(\x90\xe3\x0a\xcf\xb5\xf5H\xa8\
\xc1\xdcq\xbc~\x0dzX\x01\xc0\xf61\xa1\x84\x93\xa6\
\xb4\x08\x9b\x82\x9d\xb8RC\xfc7\x01\xbe9\x92\xeb\x9e\
\xa8\xaf\xa78)7\xd0t\xe1\xbdIC\xf8\xa4\xe0\x85\
e\x99\xaam\xf0\x92\x94\xc9\x22\x95O\xcdg\x92j\x14\
{\xd1\x85\x12D\xc8\x92\xb1c\xe6\xfa\xcah\xdb\x9f\xb3\
\x04\xfdS\x9b\xa5OYX<\xcb\xa2\x1d \xf3\x10\x9c\
7\x17a\xf4\xac\xcf\x1by\x1c\x84\x11\x9c\xba\xeb\x14^\
\xd0\x8f\xd3\x8aL\x08\xfa\x0d\x0d\x89u\xc6\x05\x1c\xf8\xdc\
\x8ffb\x00\x7f8V\xc29G\x9f\xc4\xe0D\x1fE\
w\xa2\xfe=Q\x19\x1a\x8a\x83n v[\xd1\xa2\xd1\
\x09\x80\x5c\xbb?\xa3\x94{\x1e3\x89\xc9\xee\x09v[\
\xde\x0e\xad\xe7U\xbc\xd1;o\xb7(\x8c#\xde\xe0\x90\
\x81\xbem\x0e \xcd\xed\xd9\xcd5\xa6\xf8\x9d\xa9\xdbf\
\x98\xd7\x16\xc6\xd7VF\xfb\xce\xdb\x8d;Z\xcf\xc9\xeb\
x\x13w\xdenQ\x19\x87\xc3\xe2\xe8}\xec{D.\
\x1d\x1d\xfd\xfb\xd1\xf1?\x90h\xfd\x17;@\x18\xbc\x94\
A\x8e\x91\xd1\xf7?W\xee\xcfs\xcc\xb7\xc9=\xbfn\
R\x17\x09\xee\xea\xe2+\xe9\xba\xbfC\xdf\x860F\xf1\
\xdb\xe4\xd7\xbd\x83\xdd\x880\xf7\xad2\xec^\x12oB\
\x18g\xaff\xea\xfe2v\x9b\xe6\xe5\xbe\x9a)\xf7\xce\
\xd4m\xbf\xe0\xd0?\x8ct_p4\xb7g7W^\
\xb8>\x91\xa7\xa9\xb5\x9a?L\xf5\xcf\xfd\xf3\x87\xbf\x01\
\xa58\xebu\
\x00\x00\x06\xaa\
\x00\
\x00%\x13x\xda\xddY\xdd\x93\x9b6\x10\x7f\xcf_\xc1\
p/\xed\xd4\x80\x84\xf8>\xfb\xf2\xd0L\x9b\xce\xb4/\
m\xda>fd\x90}4\x80\x5c\x81\xcfv\xfe\xfa\xae\
\xf8\x10`\xe3\xf42\xe7\xfb\x0a\x99\xcc!\xedJh\x7f\
\xbb\xfb[I\x9e\xbf\xdd\xe7\x99v\xc7D\x99\xf2b\xa1\
c\x13\xe9\x1a+b\x9e\xa4\xc5z\xa1\xff\xf9\xe1'#\
\xd0\xb5\xb2\xa2EB3^\xb0\x85^p\xfd\xed\xcd\x9b\
yy\xb7~\xa3i\x1a\x0c.\xca(\x89\x17\xfamU\
m\x22\xcb\xdalEfr\xb1\xb6\x92\xd8b\x19\xcbY\
Q\x95\x166\xb1\xa5\xf7\xeaq\xaf\x1e\x0bF\xab\xf4\x8e\
\xc5<\xcfyQ\xd6#\x8b\xf2j\xa0,\x92\x95\xd2\xde\
\xedv\xe6\x8e\xd4J8\x0cC\x0b\xd9\x96m\x1b\xa0a\
\x94\x87\xa2\xa2{c<\x14\xd685\xd4F\x08Y \
\xeb5\xef\xa7\x15\x95\x80\xca\x06\xfe+\xf5\xae\xc3,\xf9\
V\xc4l\x05\xe3\x98Y\xb0\xcaz\xf7\xe1\x9d\x12\x1a\xc8\
L\xaad0MZ|*c\xbaa\xa3\xafv\x9d\x0d\
\x024g\xe5\x86\xc6\xac\xb4\xba\xfez\xfc.M\xaa\xdb\
\x85N\x1c\x13\x13x\xdc\xba\xf3\x96\xa5\xeb\xdb\xea\xb87\
M\x16:\xac\xde\x0e\x83\xa6=\xf00n\x14\xda\x89\xa3\
\xa1\xefM[\xfb\x8e\x05^\x1c\xf8(\xf0\xc3\x99f#\
\x1b\x1b\x08\x1b\xd8\xfd\xbe\x1e\xd4\xd9\x14%<\x96\x8b\x84\
o\xb0<\xa5\xdb\x8a\xe7\xe0\xc68\xcehY\xa6\xab4\
\x86\x06/6\xd9v\x9d\x16\x1fs\x06\xa8|,\xd3u\
\xf1\xb1\xe2<3;L\xd5\x02\xd8~\xc3Ee\xec\x93\
\x0d \xeb\xf9\x93\xc2C'\xbc\x01\xe9<a\xabRj\
5f\xca\x16\xd8\xd9\xc8@\x9a\xa5\x05\xa3\xe2gA\x93\
\x14\xa2\xaf\xd1k4\xc7\x12\x12`\xb7\x1d\x03\xa3\xca\x8a\
o:]0\xb4:d\xd2:\xe84b\x9eq\x11]\
y\xfej\xe5\xf9\xd7u\x17\x07\xe7\xa4\xd5!\xc2\xd7z\
?\x86\xafV%\x03G\xa0A_\xed\x06\x18\x01\xdf\xf2\
u\xcd:\xf3\xb5^\xcb&S\x13\x9a~\x80\x02\x1b\x87\
\xb6\xfe\xc5\x15.c\x88Y4^!2\x9d0@$\
\xb4\xed\xeb\xf3\xdf\x9f\x98+\x9c\x9c\x0b\xe6\xc1\xae\x17\xf8\
Sf\xe3i\xb3C\xf5\xd9\xb95\xc6\xbfv\xa5%\xbd\
W\xbf\xa9\xd8\x92\x81\x95\xdc\xa5l\xd7\xbbxIK\xd6\
N\xbf\xa1kV\xafq\xa1_\xad\xea\xa7\x15,\xb9H\
\x98\xe8D^\xfd\x8cD\xad\x19\x0d\xc9\xb5swa&\
gUr4-/oi\xc2w\x0b\xdd>\x16~\xe6\
<_\xe8\xae\xe9\x86A\x88\xf0\xb14\xdeK\x19\x0e\x03\
\x07!\xe7D\x08\x9f#\xa6L67 '\xc2\xad\x10\
\x80\x93\x91\xd1\x03\x03\x9b\xea?\xdd\xf4\xe5-\xdf\xad\x85\
\xc4\xa6\x12[v<RJ\x8c\xe5\x92\xef\xa7\xc5\x90\xbd\
[\xc9\xcc\xc6\xb6H+`\xbf\xcd~8\xeb6MX\
9=p\x97\x16\x00\x81\xd1\xf2\x10&\x0a\xe1c\x8d\x8e\
\x94|tNc\xdf'\xca\xb1\xe8p^\x94\xd3}\x9a\
\xa7\x9fY\xd2\xc7\x9bR)\x0b\xba1\xd6\x19_\xd2\xec\
\x7f\xcc\x16\xbc\xaa\x19J~\xa7\x8d\xcd\x11t] W\
\x07\xc9\xd2\xfb\x83\xec\xd3\x87D\x22;\x88\xef\xb9\xaa\x93\
\x8b\x14\xb8n?L\xfe\xa6\xeb0\xec\x92\x9c\x0euu\
_\x87`\x1d\xa0\xfe\xb1\xec0\x945\x993\xb7NS\
\xa3\xee\xcfYE\x13Z\xd1>O\xba\x1e;\x0c\x95e\
P\x1e\xa3\xdf\xdf\xfd\xa4R?\x8e\xa3\xbf\xb9\xf8\xd4'\
\xabT\xa0K\xbe\x05w):\x94$\x1bGP\xd0\x80\
\xd7o\xd2\x1c\xa2_\xd6\xc2\x1f\xa0\x80A\xc6*\xc1H\
Y\x82\xd5O\xdaL+XS\x19'\xb7\x07I\x9c\xa7\
r\x90\xf5G\x95f\xd9/\xf2#\x03\x8aj'M\xab\
\x8c\x0dx\xcbjW\xdf1\xca\xc0\xb8\xb9\xd5Y_\xb7\
\xd6=*\xa3\xc4Q\x8e\xce\xe8\x92A\xa0\xfc*\x85\x1a\
>\xcd \xbe\xdd\xe4<a\xedp\x85&\x8bUIi\
is\x05\xab\x8fZ.\xba\x96\x8dAy\xa8\x9bb\x9b\
A!\xbbc\x05O\x12`T\xc1?\xb1\xe8\x0a\xc8 \
\xa8\x09V6\x9b\x8c\x8aTS\x12%,#*\xff\xdd\
R\xc1\x86\xbd\xff\xf0\xb4\x88\x007&\xba\xde\xba\x91A\
VT\x91\xd3\xf5%\x14\xc8J\x08z\x88\x0a\xd8\xb4\x0d\
{\x1b\xb6\xee\xbf4\xe0\xf6\xf6\x19\x05\xba4\x97\x84a\
\xcf\xed\x93[\x10\xed\xec6D>\xa3\xac\x80\xf8\x0eM\
\xc7'!\x22\x1e3\xb0\xa7\x04b\xa4&j^$\xd8\
%^\x18\xf4\x15dC\xab\xdb)\xf4\x07VJd\xdb\
\xd25@\xd6n\x16E\x1c\xe7\x18\xe2\xe5\xb6\xaa.\x05\
\xb0\xf2\xbb\xb2\x03 \xfcMC3\xa4\xfd\xa5u\xc0\x8c\
\x01\x96\x16A\xb6\xf68\xf4\xec\xcf\x0bXa\xc5\x85\x01\
u\xe0\x8eV[\xc1F\x5c\xa28\x01\x82T\xa6\x11P\
v\x1c\xbfv\xa8\x14H3\xf5\xa6\xbd\xd7\xd0\x14d\xc1\
\xcb\x81\x0c\x9b\xe0Ad\xbb\xc1f\xff\xf5\x98\x9dAB\
U\x81\x99\x1d\x98\x81\xf6\xa3FL\xbby=y9A\
\x87\xf8\xbem\xa0{\xe3s\x91\x98\xc1\xbe\xeb`\xd7\xbd\
\x18\x02\xb9\xe6v\x944#.\x1cLb\xc8#\xc31\
\xed\x1a\x94s\xef\xa7P\xc0\xb6\xeb\xd1\x80\x08\xd8i$\
\xb4^\xb3\x1f%\x1401\x83\xc6\xe6\xd6`\xd9gC\
(`d\xb6M%\xd0\xb07\x83\x08\xd12\x05\xe4,\
4\xbd\xae\xe1\xcc\xba<\xd7|\xd3\xa9G\xcc\x14\xa0\x81\
\xe96:0\xfe\x04Q\x07\x11\xff\x09\x11\x05\xd7\xd7\xab\
\x0a\xc9S\xd0\xd1D\x19|\xa1.0\xc8W\xf3\x9f\xd2\
\xab\x04-J\xb9\x873b\xd8\x0e3a\xd4;R\xef\
\x1e\x8aP\x96\x8d\xe3\xfd\xe9\x8b#\x8e\xde\x13\x0f$\x0e\
#x\xed\x1cjc\xf32\x1cj\x84\xaf\x1e\x0a\xefR\
Q\xf1\xea++\xb1\x1f\x8c\x01y\xed\x18Hj~ \
\x06\xde\x13bp\xf9-f>\xdcb\x92\xa6\x00\xf9\x00\
GW\x94\x08\x9cZ\xce\xbc\x9f\xd9p\x1a\xf67\x03\x08\
\x0e\xba\xd2\xfc @\xf0\xab\x06d\xb4\xed\xb1\xd5!\xa4\
~=y9\x07\x01\xf9fb\xa2\xdb\xa4=0I\x9c\
o\x875:c\x1f\x06\xc8c\xed,V+D\xf0r\
\xea4\xe1?\xe5Qb\x12=\x7f\xc8\xb92\x85\xd4\xae\
Z\xf3L\xa7\xf6$\x99\x19\xdd!\xa0?>\xf4j\x8f\
q\xa20\xbc\xd7v\xa6\x00\x1f#D\xa7\xce\xe0\xfe\xe5\
C\xfee:\xed\x825\xe6\x8a\xd2\x01\x87LS\x8ac\
\xba\xd8\xf3\xdd\xf09n\x07]\xc7\x04$\xc2\xce\x05\xef\
5/4\xc9\xf4\x9d*\xf1\x03\xfb\xe2\x17\x84g/\xff\
\x9d\xd0s\xbc\xe5\xfd/\xff\x99'\xff\x1d\x87\xad\xf7|\
\xd7\xff\xf8\xe4\xd6?D\xc1\xf1\xa5\x7fw\x98tN.\
\xfdO%2\xfb\xed\xe6\xc0\x15\x0c/\xff\xd5\xf5\xc9\xe8\
\xaa\xdf\x81\x04!Nh\x93\xafL\xff)\x1c\x9b\x00\xf5\
\x9e!<\xb1\xdb\xda6\xb3\x9d&o]\x88Q\x82\xcc\
@\xa6\x11>\x89\xd1\x10\xa3'\xbb\xc3\xee~\x9f\xfa\x12\
r-!=\x03r@\xab-\x17b\xbf\xe1\xcaP\xfe\
bb\x9b\xe8\x1cr\x17N\xee\xb9\xb5\xbey3\x97\xbf\
q\xde\xbc\xf9\x0fYq\xc4\xd1\
\x00\x00\x0d\x9d\
<\
?xml version=\x221.\
0\x22 encoding=\x22UTF\
-8\x22 standalone=\x22\
no\x22?>\x0a<!-- Creat\
ed with Inkscape\
 (http://www.ink\
scape.org/) -->\x0a\
\x0a<svg\x0a   xmlns:d\
c=\x22http://purl.o\
rg/dc/elements/1\
.1/\x22\x0a   xmlns:cc\
=\x22http://creativ\
ecommons.org/ns#\
\x22\x0a   xmlns:rdf=\x22\
http://www.w3.or\
g/1999/02/22-rdf\
-syntax-ns#\x22\x0a   \
xmlns:svg=\x22http:\
//www.w3.org/200\
0/svg\x22\x0a   xmlns=\
\x22http://www.w3.o\
rg/2000/svg\x22\x0a   \
xmlns:xlink=\x22htt\
p://www.w3.org/1\
999/xlink\x22\x0a   xm\
lns:sodipodi=\x22ht\
tp://sodipodi.so\
urceforge.net/DT\
D/sodipodi-0.dtd\
\x22\x0a   xmlns:inksc\
ape=\x22http://www.\
inkscape.org/nam\
espaces/inkscape\
\x22\x0a   width=\x2234.1\
33335\x22\x0a   height\
=\x2234.133335\x22\x0a   \
id=\x22svg2985\x22\x0a   \
version=\x221.1\x22\x0a  \
 inkscape:versio\
n=\x220.92.1 r15371\
\x22\x0a   sodipodi:do\
cname=\x22semiautom\
aticclassificati\
onplugin_downloa\
d_search.svg\x22\x0a  \
 inkscape:export\
-xdpi=\x2267\x22\x0a   in\
kscape:export-yd\
pi=\x2267\x22\x0a   viewB\
ox=\x220 0 32 32\x22>\x0a\
  <defs\x0a     id=\
\x22defs2987\x22>\x0a    \
<linearGradient\x0a\
       id=\x22linea\
rGradient3779\x22>\x0a\
      <stop\x0a    \
     style=\x22stop\
-color:#f0feff;s\
top-opacity:0;\x22\x0a\
         offset=\
\x220\x22\x0a         id=\
\x22stop3783\x22 />\x0a  \
    <stop\x0a      \
   id=\x22stop3787\x22\
\x0a         offset\
=\x220.49315068\x22\x0a  \
       style=\x22st\
op-color:#bbfaff\
;stop-opacity:0.\
47058824;\x22 />\x0a  \
    <stop\x0a      \
   id=\x22stop3785\x22\
\x0a         offset\
=\x221\x22\x0a         st\
yle=\x22stop-color:\
#87f6ff;stop-opa\
city:0.98039216;\
\x22 />\x0a    </linea\
rGradient>\x0a    <\
radialGradient\x0a \
      inkscape:c\
ollect=\x22always\x22\x0a\
       xlink:hre\
f=\x22#linearGradie\
nt3779\x22\x0a       i\
d=\x22radialGradien\
t3775\x22\x0a       cx\
=\x224.3758588\x22\x0a   \
    cy=\x225.655544\
3\x22\x0a       fx=\x224.\
3758588\x22\x0a       \
fy=\x225.6555443\x22\x0a \
      r=\x2214.2168\
8\x22\x0a       gradie\
ntTransform=\x22mat\
rix(1,0,0,1.0125\
63,0,-0.07105035\
)\x22\x0a       gradie\
ntUnits=\x22userSpa\
ceOnUse\x22 />\x0a  </\
defs>\x0a  <sodipod\
i:namedview\x0a    \
 id=\x22base\x22\x0a     \
pagecolor=\x22#ffff\
ff\x22\x0a     borderc\
olor=\x22#666666\x22\x0a \
    borderopacit\
y=\x221.0\x22\x0a     ink\
scape:pageopacit\
y=\x220.0\x22\x0a     ink\
scape:pageshadow\
=\x222\x22\x0a     inksca\
pe:zoom=\x223.95902\
09\x22\x0a     inkscap\
e:cx=\x22-94.276433\
\x22\x0a     inkscape:\
cy=\x2219.118319\x22\x0a \
    inkscape:cur\
rent-layer=\x22laye\
r1\x22\x0a     showgri\
d=\x22true\x22\x0a     in\
kscape:grid-bbox\
=\x22true\x22\x0a     ink\
scape:document-u\
nits=\x22px\x22\x0a     s\
howguides=\x22false\
\x22\x0a     inkscape:\
snap-global=\x22fal\
se\x22\x0a     inkscap\
e:window-width=\x22\
1366\x22\x0a     inksc\
ape:window-heigh\
t=\x22708\x22\x0a     ink\
scape:window-x=\x22\
0\x22\x0a     inkscape\
:window-y=\x220\x22\x0a  \
   inkscape:wind\
ow-maximized=\x221\x22\
>\x0a    <inkscape:\
grid\x0a       type\
=\x22xygrid\x22\x0a      \
 id=\x22grid2997\x22\x0a \
      originx=\x220\
\x22\x0a       originy\
=\x220\x22\x0a       spac\
ingx=\x221\x22\x0a       \
spacingy=\x221\x22 />\x0a\
  </sodipodi:nam\
edview>\x0a  <metad\
ata\x0a     id=\x22met\
adata2990\x22>\x0a    \
<rdf:RDF>\x0a      \
<cc:Work\x0a       \
  rdf:about=\x22\x22>\x0a\
        <dc:form\
at>image/svg+xml\
</dc:format>\x0a   \
     <dc:type\x0a  \
         rdf:res\
ource=\x22http://pu\
rl.org/dc/dcmity\
pe/StillImage\x22 /\
>\x0a        <dc:ti\
tle />\x0a      </c\
c:Work>\x0a    </rd\
f:RDF>\x0a  </metad\
ata>\x0a  <g\x0a     i\
d=\x22layer1\x22\x0a     \
inkscape:label=\x22\
Layer 1\x22\x0a     in\
kscape:groupmode\
=\x22layer\x22>\x0a    <e\
llipse\x0a       st\
yle=\x22fill:url(#r\
adialGradient377\
5);fill-opacity:\
1;fill-rule:even\
odd;stroke:#0000\
00;stroke-width:\
2;stroke-miterli\
mit:4;stroke-das\
harray:none;stro\
ke-opacity:1\x22\x0a  \
     id=\x22path299\
3\x22\x0a       cx=\x224.\
3758588\x22\x0a       \
cy=\x225.6555443\x22\x0a \
      rx=\x2213.216\
88\x22\x0a       ry=\x221\
3.395486\x22\x0a      \
 transform=\x22matr\
ix(0.95647957,0,\
0,0.94372651,14.\
032442,8.2662456\
)\x22 />\x0a    <rect\x0a\
       style=\x22fi\
ll:#000000;fill-\
opacity:1;fill-r\
ule:evenodd;stro\
ke:#000000;strok\
e-width:2;stroke\
-miterlimit:4;st\
roke-dasharray:n\
one;stroke-opaci\
ty:1\x22\x0a       id=\
\x22rect3767\x22\x0a     \
  width=\x2217.8606\
47\x22\x0a       heigh\
t=\x224.1972523\x22\x0a  \
     x=\x22-25.5542\
51\x22\x0a       y=\x2219\
.948317\x22\x0a       \
rx=\x221.0837836\x22\x0a \
      ry=\x223.4878\
187\x22\x0a       tran\
sform=\x22rotate(-3\
9.797873)\x22 />\x0a  \
</g>\x0a</svg>\x0a\
\x00\x00\x11\x80\
<\
?xml version=\x221.\
0\x22 encoding=\x22UTF\
-8\x22 standalone=\x22\
no\x22?>\x0a<!-- Creat\
ed with Inkscape\
 (http://www.ink\
scape.org/) -->\x0a\
\x0a<svg\x0a   xmlns:d\
c=\x22http://purl.o\
rg/dc/elements/1\
.1/\x22\x0a   xmlns:cc\
=\x22http://creativ\
ecommons.org/ns#\
\x22\x0a   xmlns:rdf=\x22\
http://www.w3.or\
g/1999/02/22-rdf\
-syntax-ns#\x22\x0a   \
xmlns:svg=\x22http:\
//www.w3.org/200\
0/svg\x22\x0a   xmlns=\
\x22http://www.w3.o\
rg/2000/svg\x22\x0a   \
xmlns:xlink=\x22htt\
p://www.w3.org/1\
999/xlink\x22\x0a   xm\
lns:sodipodi=\x22ht\
tp://sodipodi.so\
urceforge.net/DT\
D/sodipodi-0.dtd\
\x22\x0a   xmlns:inksc\
ape=\x22http://www.\
inkscape.org/nam\
espaces/inkscape\
\x22\x0a   width=\x2234.1\
33335\x22\x0a   height\
=\x2234.133335\x22\x0a   \
id=\x22svg2985\x22\x0a   \
version=\x221.1\x22\x0a  \
 inkscape:versio\
n=\x220.92.1 r15371\
\x22\x0a   sodipodi:do\
cname=\x22semiautom\
aticclassificati\
onplugin_zoom_to\
_ROI.svg\x22\x0a   ink\
scape:export-xdp\
i=\x2267\x22\x0a   inksca\
pe:export-ydpi=\x22\
67\x22>\x0a  <defs\x0a   \
  id=\x22defs2987\x22>\
\x0a    <linearGrad\
ient\x0a       id=\x22\
linearGradient37\
79\x22>\x0a      <stop\
\x0a         style=\
\x22stop-color:#f0f\
eff;stop-opacity\
:0;\x22\x0a         of\
fset=\x220\x22\x0a       \
  id=\x22stop3783\x22 \
/>\x0a      <stop\x0a \
        id=\x22stop\
3787\x22\x0a         o\
ffset=\x220.4931506\
8\x22\x0a         styl\
e=\x22stop-color:#b\
bfaff;stop-opaci\
ty:0.47058824;\x22 \
/>\x0a      <stop\x0a \
        id=\x22stop\
3785\x22\x0a         o\
ffset=\x221\x22\x0a      \
   style=\x22stop-c\
olor:#87f6ff;sto\
p-opacity:0.9803\
9216;\x22 />\x0a    </\
linearGradient>\x0a\
    <radialGradi\
ent\x0a       inksc\
ape:collect=\x22alw\
ays\x22\x0a       xlin\
k:href=\x22#linearG\
radient3779\x22\x0a   \
    id=\x22radialGr\
adient3775\x22\x0a    \
   cx=\x224.3758588\
\x22\x0a       cy=\x225.6\
555443\x22\x0a       f\
x=\x224.3758588\x22\x0a  \
     fy=\x225.65554\
43\x22\x0a       r=\x2214\
.21688\x22\x0a       g\
radientTransform\
=\x22matrix(1.02024\
49,0,0,1.019288,\
14.967938,8.7458\
064)\x22\x0a       gra\
dientUnits=\x22user\
SpaceOnUse\x22 />\x0a \
 </defs>\x0a  <sodi\
podi:namedview\x0a \
    id=\x22base\x22\x0a  \
   pagecolor=\x22#f\
fffff\x22\x0a     bord\
ercolor=\x22#666666\
\x22\x0a     borderopa\
city=\x221.0\x22\x0a     \
inkscape:pageopa\
city=\x220.0\x22\x0a     \
inkscape:pagesha\
dow=\x222\x22\x0a     ink\
scape:zoom=\x223.95\
90209\x22\x0a     inks\
cape:cx=\x22-38.328\
257\x22\x0a     inksca\
pe:cy=\x2219.118319\
\x22\x0a     inkscape:\
current-layer=\x22l\
ayer1\x22\x0a     show\
grid=\x22true\x22\x0a    \
 inkscape:grid-b\
box=\x22true\x22\x0a     \
inkscape:documen\
t-units=\x22px\x22\x0a   \
  showguides=\x22fa\
lse\x22\x0a     inksca\
pe:snap-global=\x22\
false\x22\x0a     inks\
cape:window-widt\
h=\x221366\x22\x0a     in\
kscape:window-he\
ight=\x22708\x22\x0a     \
inkscape:window-\
x=\x220\x22\x0a     inksc\
ape:window-y=\x220\x22\
\x0a     inkscape:w\
indow-maximized=\
\x221\x22>\x0a    <inksca\
pe:grid\x0a       t\
ype=\x22xygrid\x22\x0a   \
    id=\x22grid2997\
\x22\x0a       originx\
=\x220\x22\x0a       orig\
iny=\x220\x22\x0a       s\
pacingx=\x221.06666\
67\x22\x0a       spaci\
ngy=\x221.0666667\x22 \
/>\x0a  </sodipodi:\
namedview>\x0a  <me\
tadata\x0a     id=\x22\
metadata2990\x22>\x0a \
   <rdf:RDF>\x0a   \
   <cc:Work\x0a    \
     rdf:about=\x22\
\x22>\x0a        <dc:f\
ormat>image/svg+\
xml</dc:format>\x0a\
        <dc:type\
\x0a           rdf:\
resource=\x22http:/\
/purl.org/dc/dcm\
itype/StillImage\
\x22 />\x0a        <dc\
:title />\x0a      \
</cc:Work>\x0a    <\
/rdf:RDF>\x0a  </me\
tadata>\x0a  <g\x0a   \
  id=\x22layer1\x22\x0a  \
   inkscape:labe\
l=\x22Layer 1\x22\x0a    \
 inkscape:groupm\
ode=\x22layer\x22>\x0a   \
 <g\x0a       inksc\
ape:label=\x22Layer\
 1\x22\x0a       id=\x22l\
ayer1-8\x22\x0a       \
transform=\x22matri\
x(0.5707523,0,0,\
0.5707523,9.6857\
226,4.7303415)\x22>\
\x0a      <rect\x0a   \
      ry=\x223.8048\
785\x22\x0a         rx\
=\x225.330369\x22\x0a    \
     y=\x221.066666\
7\x22\x0a         x=\x221\
.0666667\x22\x0a      \
   height=\x2232\x22\x0a \
        width=\x223\
2\x22\x0a         id=\x22\
rect2999\x22\x0a      \
   style=\x22fill:#\
e9ab16;fill-opac\
ity:1;fill-rule:\
evenodd;stroke:#\
18d6ff;stroke-wi\
dth:2.17501283;s\
troke-miterlimit\
:4;stroke-dashar\
ray:none;stroke-\
opacity:1\x22 />\x0a  \
    <path\x0a      \
   inkscape:conn\
ector-curvature=\
\x220\x22\x0a         id=\
\x22path3769-6\x22\x0a   \
      d=\x22m 17.06\
6667,7.4666667 c\
 0,19.2000003 0,\
19.2000003 0,19.\
2000003\x22\x0a       \
  style=\x22fill:#9\
99999;stroke:#ff\
ffff;stroke-widt\
h:3.24005604px;s\
troke-linecap:bu\
tt;stroke-linejo\
in:miter;stroke-\
opacity:1\x22 />\x0a  \
    <path\x0a      \
   inkscape:conn\
ector-curvature=\
\x220\x22\x0a         id=\
\x22path3847\x22\x0a     \
    d=\x22m 7.46666\
67,16.602289 c 1\
9.2000003,0 19.2\
000003,0 19.2000\
003,0\x22\x0a         \
style=\x22fill:#808\
080;stroke:#ffff\
ff;stroke-width:\
3.58909512px;str\
oke-linecap:butt\
;stroke-linejoin\
:miter;stroke-op\
acity:1\x22 />\x0a    \
</g>\x0a    <ellips\
e\x0a       style=\x22\
fill:url(#radial\
Gradient3775);fi\
ll-opacity:1;fil\
l-rule:evenodd;s\
troke:#000000;st\
roke-width:2.026\
84093;stroke-mit\
erlimit:4;stroke\
-dasharray:none;\
stroke-opacity:1\
\x22\x0a       id=\x22pat\
h2993\x22\x0a       cx\
=\x2219.432386\x22\x0a   \
    cy=\x2214.51043\
5\x22\x0a       rx=\x2213\
.484454\x22\x0a       \
ry=\x2213.484453\x22 /\
>\x0a    <rect\x0a    \
   style=\x22fill:#\
552200;fill-opac\
ity:1;fill-rule:\
evenodd;stroke:#\
000000;stroke-wi\
dth:2.13333344;s\
troke-miterlimit\
:4;stroke-dashar\
ray:none;stroke-\
opacity:1\x22\x0a     \
  id=\x22rect3767\x22\x0a\
       width=\x2219\
.051357\x22\x0a       \
height=\x224.477068\
9\x22\x0a       x=\x22-27\
.257868\x22\x0a       \
y=\x2221.278204\x22\x0a  \
     rx=\x221.15603\
59\x22\x0a       ry=\x223\
.72034\x22\x0a       t\
ransform=\x22rotate\
(-39.797873)\x22 />\
\x0a  </g>\x0a</svg>\x0a\
\x00\x00\x06\x90\
\x00\
\x00%}x\xda\xe5Y[o\xdb6\x14~\xcf\xaf\xd0\
\x94\x97\x16\xb3(Qw)v\xfa\xd0\xa2C\x81\x0d\x03\
\xd6\x16{,h\x89\xb2\xb5\xca\xa2AQ\xb1\xdd_\xbf\
C\xdde\xcbm\xda\xa4m\x0a+\x88C\x9dsx\xfb\
\xf8\x9d\x0b\x9d\xf9\x8b\xfd&S\xee(/R\x96/T\
\x8c\x0cU\xa1y\xc4\xe24_-\xd4\xf7\xef^k\xbe\
\xaa\x14\x82\xe41\xc9XN\x17j\xce\xd4\x17\xb7W\xf3\
\xdf4My\xc9)\x114Vv\xa9X+o\xf2\x8f\
ED\xb6Ty\xb6\x16b\x1b\xea\xfan\xb7Ci#\
D\x8c\xaf\xf4\xe7\x8a\xa6\xdd^]\xcd\x8b\xbb\xd5\x95\xa2\
(0o^\x84q\xb4P\x9b\x0e\xdb\x92g\x95a\x1c\
\xe94\xa3\x1b\x9a\x8bB\xc7\x08\xebjo\x1e\xf5\xe6\x91\
\x9c=\xbd\xa3\x11\xdblX^T=\xf3\xe2z`\xcc\
\xe3\xa4\xb3\x96\xab\xd9Y\x95\x11\x0e\x82@7L\xdd4\
5\xb0\xd0\x8aC.\xc8^\x1bw\x855Nu5\x0d\
\xc3\xd0A\xd7[\xde\xcf*\xdcg\x00\xc5\xd9\xc5T\xda\
\xe1\xec\x00\xff\x16~\xbb\x0e\xad\x00\x15\xac\xe4\x11M\xa0\
'E9\x15\xfa\xabw\xaf:\xa5f\xa0X\xc4\x83a\
Z\xf4G\xf3\x8e\x8e$'\x1bZlID\x0b\xbd\x95\
W\xfdwi,\xd6\x0b\xd5\xb2\x11\xb6\xe0q*\xe1\x9a\
\xa6\xab\xb58\x96\xa6\xf1B\x85\xbd\x9a\x81_\xbf\x0f\xa8\
\x84k\x83f\xe0\xb0\xd3\x18(0\x11V8v,\xaf\
\xb6i\xb7\x10\xc6,\x92k\x82!\xe9&%\xa5`\x1b\
8\xe3(\xcaHQ\xa4I\x1a\xc1\x0b\xcb\xb7Y\xb9J\
\xf3\x0f\x9c\xa5\x1f6e&\xd2mFQ\x8bv7\x19\
\xddo\x19\x17\xda>\xde\x02\x8a\xae7\xa9<\xb4\xca[\
\xd0\xcec\x9a\x14\xd2\xaa\xde\x92|\x83=\xd5:\xd0\xc2\
\x09Q\xc2\xff\xe0$N\x81\x97\xb5]m9\xd68\x9e\
\xd7\xf6\x81^\x85`\xdb\xd6\x16v)\x0e\x99\xdc\x1a\x08\
\xb5\x88e\x8c\x87\xd7\x86\x81\x97\x8e{S\x89\x18\x1cD\
*\x0e!\xbeQ\xfb>,I\x0a\x0a\xa0\x1b\x03Y\x05\
9\xf4\x80\xb9\x02U\xd1\xcf\xcc\xd6[\xf9\xde\xd4\x80\xc8\
\xb5=\xc3\xf1}[\xfd\xec\x0am\xd7\xc3^2^\xa1\
\x81\xec\xc07\xac\xc04o\xce\xcf?1\x16\x8e=\xcb\
?\x1ekj\xb7xr\xb7>\xeef\x9b\xebc\xd8?\
\x7fJ\xed\xb9\xc322\x1a\xc1\xf8$\xdb\x91C\xd1M\
R\xf9_\xb8\xe6\x14\xe2\xc5\xf5\xc4y~\xee\xb8\x1b\xda\
W\xc3\xe0\xe19\x1d\xe0\xcd2{\xa5)=\xa7\xd7\x9a\
C\xdbU3\xdc\xfb<\x15\x10R\xca\x82\xf2\xb7\xd2-\
\xff\xce\xdf\x17\xf4\xc4\xea\x1d'y\x011`\x03\xc0D\
$\xa3\xcf j\xbb\xf2\xf1\x9e\xf7\x00\xfd\x04(\x82#\
(\x90\xe9\x8c\xd0\xc0\xee\x18\x0d\x8c<g\x04\xc8\xc0\xe0\
\xb1\x11\x99\xeb\xd2\xa3\xabV\x17ld\xa4\x89\xefR\xba\
\xeb\xdd~I\xba\xd1\xb7dE+\xde\x02\x10I\xf54\
\x8a%\xe31\xe5\xad\xaa\x9a\xc6\x1d\xa9\x1aj\xd7\xd9\xf4\
j\x8c\xbb\x1c\xb5\xd3\x1b\xd3\xfabMb\xb6[\xa8\xe6\
\xb1\xf2\x13c\xb0C\x0c\x915\xf0|\xe3D\x1d\xed\x17\
\xaa\x86]\x14\x04\xd8\xe8\xa8\xd6kaB\xd3D\x9e\xec\
\xea\x9f(K\xce\x01G-#\x07\x0a\xbb\xaa\xfe\xb4N\
X\xac\xd9n\xc5%:\x82\x97\xf4\xb8\xa7\xd4h\xcb%\
\xdbO\xab!\xa0\x972\x93ke}\x90\xdb\xfdp\xd4\
2\x8di1\xdd\xb1\xc8\xc9V[elI\xb2i\x83\
]\x9a\x03JZ\x93\xaa\xb0\xd5\x1d\xc2\xb1E\x9b\xb7\xbc\
\xd3m7\x16\xfb\xde\x17\x8fU\x87\xf3\xaa\x0d\xd9\xa7\x9b\
\xf4\x13\x8de\xbcj\xbcn\x04K\xcbRq\x909x\
\x7f\x90\xb2\x91\x03I\x81\x19\x04\xbdW1\x9eBj\xdb\
\x0fCC-:\x0cE2cCy\xb6\xaf\x08V\xd3\
\xfcXw\x18\xeaZ\x0f8%~%\xdfPAb\x22\
H\xef\x05\xad\x04\xd6f\xb4;\x83R)\xfc\xe7\xd5\xeb\
.\xd8GQ\xf8/\xe3\x1f\xfb8-\x0d\xc8\x92\x95\x80\
t\x97\x00eZ\x8dB\xe9\x98D\xdc\xa6\x1b\xe0\xb6\xac\
\x8b~\x87\xf2\x04\xfc\xb1S\x8c\x8c%X\xfd\xa0\xf5\xb0\
\x9c\xd6u\xcfd\xa9\x18G\x9bTv\xd2\xdf\x8a4\xcb\
\xde\xc8I\x06I\xa9\x194\x15\x19\x1dd*\xbdY}\
\x9bL\x06\x9b\x9b\xeb\xed\xee\xab\xb7U\x8f\xca\xc8)\xba\
\x83\xce\xc8\x92\x02C\xff\x94J\x05\x9fz\x07+\xb7\x1b\
\x16\xd3\xa6{\x87&\xc4\xde\xabq\xa2L`\xf5!\xec\
\xeb\xd9\xf5i\x8ay~#\xb5\x83\x0a\xa1z\xe5e\x06\
\xb5\xcc\x1d\xcdY\x1cCR\xe5\xec#\x9d\x1e \x80\x01\
j}\xed.!F\xaeQ=f+\x07\x0c)\xcf\x80\
\xcf\x22\xb4[YL \x12qN\x0ea\x0e\xa5\x7f+\
\xed\x161\xa2\xb2\xdc\x10\xd0%\xe8\x84m\x09\xd9g\xc0\
\xae~\x1c$\xc5)\x0a\x1f\xa6\x84\x1cL\x1ddY\x86\
\xe5\xf6sp0\xb5\x90o\xd8\xbeL\xc3]\xea\xdb\x12\
\xb1\x9e\x02\xf7:\xa8\x9e\x16\xaa\xeb\x1a\x8212&2\
}\xc35\x03\xec\xb6r\x09&\x9ce\xb8,\x85\x18\xca\
\xfeci\x1eV\xb0};\x86P\x09\x07\xae\xe1\xf9\xb6\
\xd5\xedI\xba\x9fbz\xc8\x93%\xb65\x93{\xae\x1e\
%R\x8c\x99\x8f\x9c\xea\xc5;\xd7\x1e\x9d\x89\xc4\xc1\xf2\
\xdc@s\xb5\x1e\xf2A\x05\x90\xc3\xc6\x04\xe3\x1a\x04\xff\
;\x22JNe\x90\xf92\x8a\x90>\xe0\xe7\x0b(\xda\
\xd8\x0f<\xd3\x0e~*\x8a&\x0aj\x14\x03\xe4\x02~\
\xf093\x86\x9f\xa7h\xf9\xb6\xa79\xd6#\x82\xf5\xcb\
P\xae\xa5\x90531:\xa5\x9c=\xdd<\xc77O\
\xf3.\x91qV\xe3\xb6\x00\xa2\xd3P\xce\xa9\x08\xe0U\
\x94\x9blO\x93\xd0\x7fT\x97\xfdeX(\xdd\xd2\xac\
\xbf^\xb0\xccQ\xc8\xf3\xcf\xb5\xcfQ\xd0\xd6\x9cK\xa4\
\xa0\x8d\xfc\x99\x8b\xac\xfa\xc4\xef\x1f\xf4\xf0\xa3\xa2\x95$\
^b\x92'\xc6\xb7\xfa\x1b\x8b\xa3\x14\xe1\xa2\xba\xd0\x98\
a\xaf\xae9\xbc\x11\xeb\xa6\x9b\xe7(\x17h\xfe\x8f\x06\
\xf1GSn\x12D\x8c\xfc\x1a\xc4a\xea\xb8'\xf1\x8c\
G%\xde/\x13\xe8\xb0\x83\xec\x86xFC\xc1\x07\x10\
\xcf\x0b.3\xdfv\xd8\xcd\xb0\xdd\xd4z_Q\xe7=\
*fG\xccK\x12\x92\x98\xd6\x93\xbc[t!\xcfE\
\xf6\xb7s\xee\xfb\xd1m\x1a\xba'q\xa1\xe8\x02\xdd\xd0\
i\xefG\xb7K\xa4\x9aW\xc78\x99\x18\xcc\x87p\xed\
{\x06\xb7'\xcc\xb6\x9ab\x12=w\xc4\xb6*\x1c[\
5\xdb\xa6\xdagn\x14\x97\xc8\xc0\xfeVk!\xdc\xd5\
\xc4=\xe1\xf0\xb9\xf6\xd9[\xc5%2\xb1\xbf\xd6\xb6\x1e\
\xfd\xa0\xbb-\xfe~E\xf2\xcfg\x22>rb\x072\
\x02\xf6\x9b+\xed\x03\xbeQ\x09~4hO\x22\x04\x1a\
p\x9bmr\xc7}\xef\x13\x97\x18\xe6\xa0\xfa\xb5g\x18\
7n\xfa\x90\xef\xed\x82\xcb\x8bo\x7fu\xb9\x130t\
\x95\x97\x0a\x0e\x90)[G\x7f\xcf\xdc\x22\xbe\x12\xb0\xb9\
\xbe\xba\xbd\x9a\xcb\x7f\x83\xdd^\xfd\x0f\xbeO\x01\xc4\
\x00\x00\x05\xdb\
\x00\
\x00\x173x\xda\xedXYo\xdc6\x10~\xf7\xafP\
e\x14H\xd0\xe8\xa0ni\x8f<4\x08\x1a\xa0}i\
\xd3\xf61\xe0J\xdc]\xd6\x92(P\xd4\x1e\xfe\xf5\x1d\
R\xf7\xee:pP\xd4yH\x04\x18\xb2\xe6 \x87\xdf\
|3C{\xf9\xf6T\xe4\xda\x81\xf0\x9a\xb2r\xa5#\
\xd3\xd65R\xa6,\xa3\xe5n\xa5\xff\xf9\xf1\xbd\x11\xe9\
Z-p\x99\xe1\x9c\x95d\xa5\x97L\x7f\xbb\xbe[\xfe\
`\x18\xda\xcf\x9c`A2\xedH\xc5^\xfbP>\xd4\
)\xae\x88\xf6j/D\x95X\xd6\xf1x4i'4\
\x19\xdfY\xaf5\xc3X\xdf\xdd-\xeb\xc3\xeeN\xd34\
\xd8\xb7\xac\x93,]\xe9\x9dC\xd5\xf0\x5c\x19f\xa9E\
rR\x90R\xd4\x162\x91\xa5\x8f\xe6\xe9h\x9e\xca\xdd\
\xe9\x81\xa4\xac(XY+\xcf\xb2\xbe\x9f\x18\xf3l;\
X\xcbh\x8e\xae2Bq\x1c[\xb6c9\x8e\x01\x16\
F}.\x05>\x19sW\x88\xf1\x96\xabc\xdb\xb6\x05\
\xba\xd1\xf2yVI\x0d\x80V\xf03\x98\xf7\x02\xb3f\
\x0dO\xc9\x16\xfc\x88Y\x12a\xbd\xfb\xf8nP\x1a\xb6\
\x99\x89l\xb2L\x8f\xe7l\xd7\x19\xc8%.H]\xe1\
\x94\xd4V/W\xfeG\x9a\x89\xfdJw=\x13\xb9\xf0\
\xf8J\xb8't\xb7\x17\x97R\x9a\xadt\x88\xde\x89\xa3\
\xf6{B\x0e\xd4\x1at\x0b'\x83\xc66c\xc7D\x1a\
G\xbe\x1b\xb66\xfd\x11\x92\x8c\xa52&X\x92\x14\x14\
7\x82\x15\x90\xb54\xcdq]\xd3-M\xe1\x83\x95U\
\xde\xech\xf9\x89\x93\x8aq\xf1I0\x96\x9b=|\xc3\
^\xe4$\x95\xc6)\xab\x00\xc4 \xbc\xa9<\xf7\xca5\
h\x97\x19\xd9\xd6\xd2\xaa=\x91\xfc\x82#\x85\xbaf)\
\xed\x10\xa0\x8c.;Pr\x1cm7\xb8nQ\xd3\xb4\
\x0a\xef\x80a9\xe3+\xfd~\xab\x9eN\xb1a<#\
\xbcW\x05\xea\x99\xa9\x18d\x81\x8as[S\xdd\xda}\
\xbcr\xd5Ao\xdf\xd6\xd7{\x9c\xb1\xe3Jw.\x95\
\x8f\x8c\x15+\xdd7\xfd8\x8amt\xa9MO\xb0#\
d*p<\xe4^)U8\xbe\x13\xb9\xc8\x8b\xae\x94\
\x0d\xe7PsF\x8e\xcf\x04\xce\xa4^\xfd\xf2\xf5\x9e\x1d\
w\x5cb#xC.=\xa5\xc6\xd8l\xd8\xe9\xb6\x1a\
(\xd0\xc8j6\x9a\x92\x0a\xa8\x98\xea4]\xb5\xa1\x19\
\xa9o;\xd6%\xae\x8c]\xce68\xbfmp\xa4%\
`dt\xe4F\xee\x90\x82K\x8b\x9e\xe9\xa1\x1d=a\
\x01\xb1\xdbO\xa8\xceO\xab\x0a|\xa2\x05}$\x00\x0c\
R\xac\x03f\xcd`i\xdd4M\x9ce\xd5\x9e\xceR\
\xa6\xf7B\x89\xa7\x148q\x1c\x0eB\xc6)\x14\xc3$\
\x9c^t\x9e\x8ad\x8dC\x8b>)z)\xf2\x85\x97\
\xba\xf3T\xd7\xb1\xde\xba\xa6\xbd\x92\x17D\xe0\x0c\x0b<\
\xd6@/\x81\xd8\xec\xfed\xd0.\x93\xdf\xdf\xbd_w\
\x1b-\xd34\xf9\x9b\xf1\x87~_M\x93\x06x\xc3\x1a\
@Z_\x0f\xe2e\x96&\xd0\xe0\xa0\xf0\xd7\xb4\x00f\
\xcb\xde\xf8\x134\xb4\xa55*f\xc6\x12\xacq\xd1v\
YN\xdaNys\x5cdiA\xa5\x93\xf5\x87\xa0y\
\xfeAn\xd2\x9dx\xb2(\x159\x19\x85K\xab\x8b\xbe\
;\x9b59\xdc\xd2\xeaO\xaf\xbev#*\xb3\xa2\x18\
\x12\x9d\xe3\x0d\x01\x86\xfe*\x95\x1a\xba\xae\x0e\xd6T\x05\
\xcbH\xe7>\xa0IR1\xa4L\x9cs\xd0\xabv\x92\
\xdc\xdb\xeaYd\xb4\xae\xc0\x03\xba~NK\xb2`\xd0\
n\xb79;&\x07Z\xd3MN\x16\xeaMs8\xf9\
 \xda\xc2\xf1\x93\xfbm\xb4\x8dS[}\x18]\x9bI\
P\xfb\xc9\x9b\x9c$%+\x1f\xa1A-j\xc1\xd9\x03\
I\xba\xc6\xd6}\xb6\xd5\x948\xedHp=\xaf\x97\xcb\
 \xe0@\xc9\xa6\x11b*\xfb\x87\xd12\x01\xfc\x09\xef\
\xa5\xea#\x87\xc2\x10\xc9\xe0\x9dahh\x9c\xc3q`\
w2\x95\xb2\xed\xb6&\x22\xb1{\xd9\x18q\x81\xf9\x03\
\xe1\xad\x03)1\x1c\xd0\xd8\xe0\xf4A\x02Zf\x09N\
\xa1\xad49\x5cAf\x05%au\xa1\xc1\x0d\xc2~\
\xf4\xf9\xa6\x1c\xcc\xf6\xa8\x18\xc6\xdf\x95\x06\xca\xca@\xa6\
\xeb8A\x10{\x83T\xf5\xea\x16\x95\xd8\x19\xa4\x1c\x8c\
=3r\x83\x08\x05\xee(\x05c\xd7\x8cb'\xf6\xbd\
`\xe0\xe2\xb2\xc2b\x7f\x91s\x95\xb2\x09&C\xfag\
\xe9\x08L\xb7\xad\xe4\xf8\xffL\xc7\x00\xfdp\x0e\xd9\x09\
4\xb8\x878~\xf0\x06\xb50\xd9\xa1\xb6\xd7\xdc\xc8\xf4\
\xb4\xbf\xe4\xcbW,\x01\x91\xa1d\x8f\xb3d\xc8\xf3\xba\
\x11\x1a{\xd38mX\x09\xf1\x0b\xc6\x0d\x98;\x07,\
\x1aNd\x7f\xfb\xefH!\xd3\x0b\xbc0\x08#\xf4\xe2\
H\xfd\xa6!\xd7\x94\xa4\x09\xc27A\x07\x0c\x02\x94|\
\xc7\x8cc\xc7\x8f\xdd[\xd8\xc4\xdf\x066\xc0\xa2\xae\xa2\
\xa6\xd8\xec5\xcf5\x83\xe1.2\x05\xc6q\xbf\x15\xd2\
\xd8o\x1c\xb9?<\x91\xf6\x8b\xe69\x00\x93\xc4\xe7\x16\
&\xfe\x97c\x22\xc8i\x1830t\x13\xf5\xd7\x01,\
\x08\x03\x95\xf0\xc3\xd8;{\xbc\x18\x5c\xd4\xd4\xef\x10:\
\x8c\xe6|\xa1$G\xd5+g\xa2\x1a\xee=\x09r\xcc\
H\xe1\x89\xe2\xea\xb4\x90\x00uw\xad\xc4\xfe\xb15\xdb\
\xe2\x82\xe6\xe7\xa4\xc6em\xc0\x8et\xbb\xc8\x89\x00\xc4\
\x8c\xee\x9a\x92\xd8\xe0x\x84+\xf3L\xd0\x0e\xb2.U\
\x17\x83\xacK\xe4\x14\xd9>\x8b\xddu\xc7\x99vr\x14\
\x98\xd0\x85\xc3p\xd6\xc8\x9d\xc8\xb4\xa13\x07h\x86\xb2\
\xc4\x0af\xc7\x08\xbd\xe0\x10\xb6\xbc\xa2\xc0\xdf/)\xce\
\xc9+[\xf6\xf4\xc8\x89|\x17\xda!\x82~\xe8\xfa\xf1\
k}\xbd\x14\x10|9\xdeY\x86k\x16g\x12T\x89\
\x8b>j\xd5V\xd2\x01\xf6\xf2'\xf2\x9b\xc1>\x11\xee\
E\xc2d.\x223\x8a\xa2\xc0\xf6\x91s\x91\x0ah\xdc\
\xfeS\xc9x\x0a\xc05r\xdc\xa5\xa5\xa2\x5c\xc3\x1b\x80\
\xf9\xce\xa7\xcf\xf0\x09yf\xe8\xa0\xd0wo\xf2\xc9\xf0\
_\x92QF\xfc,N]\x87\xfc\x9dS_\x8bS\x9e\
\xe9y\x9ek\x7f\x09\xa5\xec\x17\xa5T0\xa7\xd4U\xbc\
_\x8dQ\xdf\xf9\xf4\x5c>}~\xe4\x19\xf6\x0b7\xa9\
\xc0\xf0\x9e\xc3\xa9\xaf1\xf9\xae9\xb5\xb4v\xeb\xbb\xa5\
\xfc\xc7\xc5\xfa\xee_\x01\x81\xea\x10\
\x00\x00\x0f\xf7\
\x00\
\x01r6x\xda\xed]Y\x93\xe3\xb6\x11~\xdf_\xc1\
h_\xec\xca\x12\xc2E\x80\xd0\xce\xac\x1f\xecr\xc5U\
\xc9K\xe2$\x8f.\x8e\xc4\xd1*+\x89\x13\x8a\x9a\xc3\
\xbf>\x00/Q\xd7d\xeda\x133rK\xbb5\x14\
\xc1\xb3?\xf4\x89n\xe0\xea\xbb\xc7\xd52\xb8O\xf3\xcd\
\x22[_\x8f\x18\xa1\xa3 ]O\xb3\xd9b=\xbf\x1e\
\xfd\xf3\xe7\x1f\xc3x\x14l\x8ad=K\x96\xd9:\xbd\
\x1e\xad\xb3\xd1w\x9f\xde]\xfd)\x0c\x83\xef\xf34)\
\xd2Y\xf0\xb0(>\x07?\xad\xbfl\xa6\xc9]\x1a|\
\xf3\xb9(\xee&\xe3\xf1\xc3\xc3\x03Y\xd4;I\x96\xcf\
\xc7\xdf\x06a\xf8\xe9\xdd\xbb\xab\xcd\xfd\xfc]\x10\x04\xf6\
\xbe\xeb\xcdd6\xbd\x1e\xd5'\xdcm\xf3ey\xe0l\
:N\x97\xe9*]\x17\x9b1#l<\xda\x1d>\xdd\
\x1d>uw_\xdc\xa7\xd3l\xb5\xca\xd6\x9b\xf2\xcc\xf5\
\xe6}\xe7\xe0|v\xdb\x1e\xed\x9e\xe6A\x94\x071c\
\xcc\x98\xf21\xe7\xa1=\x22\xdc<\xad\x8b\xe41\xdc?\
\xd5>\xe3\xa9S9\xa5tl\xdbvG~\xddQ\x93\
\x8d%\xe8\x9d\xfd\xdf\x1e\xde\xec \x9bl\x9bO\xd3[\
{^J\xd6i1\xfe\xe1\xe7\x1f\xda\xc6\x90\x92Y1\
\xeb\x5c\xa6\xa1\xe7\xde]\xf7\x88\xbcNV\xe9\xe6.\x99\
\xa6\x9bq\xb3\xbf<\xffa1+>_\x8f\x84$L\
\xd8OT\xee\xfc\x9c.\xe6\x9f\x8b\xc3\xbd\x8b\xd9\xf5\xc8\
>=7q\xf5\xbb\xd39Xu@}\xe1I\xdbB\
\x89\xe1\x84\x059\x8b\x84\xae\x8ei^a2\xcb\xa6\xee\
\x99\xec%\xd3\xd5\x22\xd9\x16\xd9\xca\xa26\x9d.\x93\xcd\
fq\xbb\x98\xda\x1f\xd9\xfan\xb9\x9d/\xd6\xbf\xd8\x8b\
\x16E\x9a\xffRd\xd9\x924\xf4ko\x96>\xdee\
y\x11>\xce\xee,\x15\x95>\xd9\xf8\xd44~\xb2\xad\
W\xb3\xf4v\xe3\x8e\xaa^\xc9\xfd\xb2\xef\xa4G\xc1\xb8\
lm\x9f\xd0=\xde\xec~\x91>\xec\x8e\xbdI6\x15\
\xd9\x82\xe0.\x99\xdb.\xb6\xcc\xf2\xeb\xd1\xfb\xdb\xf2S\
7\xdcd\xf9,\xcd\x9b&U~\xf6\x9a2\x0b\xc3\xa2\
x\xaa\x98\xaa\xbev\xf3\xbc\xee\xaam;=\xdd\xbe\xf9\
\x9c\xcc\xb2\x87\xeb\x11?l\xfc5\xcbV\x164b\x22\
C95\x87\xcd\xd3\xc7\xebQ(\x0da\x9a\xb2\x1a\xc2\
n\xab\xbda,I\xc4\x8c\x8e\xc4Q\xe36\xcf-\xdb\
\x85\xcb\xe4)\xb5oU\xfea\xf5A\x9b\xcf\xd9\xc3<\
w\xd4)\xf2mzx\xa6k\x09on\xb2\xc7\xd3\xcd\
\xb6\x17l\x1dC\x87\xdb\xf5\xa2\xb0Ls\xf7\xd8\xbd\xea\
v1K7\xa7O|X\xac-\x11\xc2\xba\xfb2\xd1\
\xd2\xf8\xf0\x88\xa6/k\x1a\x9f9\xc2>\x1a=\xd3\xf4\
t\xbei\x95<.V\x8b_S\xfb\xde\xec\xf0\x90\xcd\
:\xb9\x0b\xe7\xcb\xec&Y\xd6O\xff\xa9<\xe2j\x8f\
,\xd5IAP<9\xc6}|r\xfbF\xcdNG\
O\xb7Ch\x15\xb5;\xb3|a\xf9\xa1\xf3\xbc\xcd\xae\
\xa7\xee.\xc7\xe6VJ?\x96\x1d\xac\xec~\xfa\xb0\xed\
\xa9\xdbV\xf7\xfb\xf1q\xc7/\xf7\xaf\xd2\x22\x99%E\
\xb2\xe3\x82f\x0f7\x866of%\xe6\xe4\xef?\xfc\
\xf8\xa9\xbe\xd1\xd5t:\xf9w\x96\x7fi\xee\x1b\x04\xee\
\x80\xe4&\xdbZ(F\x9f\xda\xddW\xb3\xe9\xc4\xca8\
\xcb\xfb\x9f\x16+\xdb\xb7\x9dx\xfc\xb3\x95iW\xe3]\
\xc3\xde\xc1\x8eX\xbb\x8bV\x97\xcd\xd3JX\x9e\xd4\x18\
\xb3\xe9j\xe1N\x1a\xff\xa3X,\x97?\xb9\x9b\xd4o\
\xdc\xb9\xe8\xa2X\xa6\xbb\x9dW\xe3\xfa\xe9\xebw\x1bw\
^\xeej\xdc\xbc}\xf9k\xbe\xa3\xca\x1eS\xb4@/\
\x93\x9b\xd4v\x82\xbf\xba\xc6\x80\x1dsG\xb6\xbd[e\
\xb3\xb4>\xbd\xa5f:-Z\xc8\x8a\xa7\xa5m\xbf\xb5\
O?y\x7fK\xdd\xf7\xa3\xfb\x11\xd6rb\xc2\xaa\x9f\
\xf9vi\xe5\xdd}\xba\xcef\xb3\x8f\x9b\x22\xcf\xbe\xa4\
\x93\xf7\x94\xca\x98\xd2\xfag\xc5-\x93\xf6\xe7r\xb1N\
\xedcL6\xff\xdd&y\xda\xdd\xfb\x9fl\xb1\x9eX\
\xba\xa5y\xb3\xb7\xfc\xb1\xb4=\xbe\x98\xc8f\xdf,\xb1\
\xa2(\xcf\x93\xa7\xc9\xda\x9a\x00\xdd\xbd\xd9\xed\xed&-\
vwj\x1e\x95\x12Q\x7f\xf6:\xba{]a\x0ck\
w\x9e\xd4J\xc1Y\xcd\xe4>{\x5ca\xfb\xb7!R\
\x0bC\x85JC\xa6\xda\x86|\xef\xb0\xfc\xc9\x89Ka\
\xb5\x932q\xdb+\xae\xee\x92\xe2\xf3)\xeaw\xde\xd2\
Q\x96\xder\xbeOY^=\x94\x90\xf2\x90\xc47\xdb\
\xa2\xe8\x8b\xc0-\xee\xed{X\x12\xfe-\xa0\x1fh\xf0\
\xaf\xa0!\xcc>\x81\xdd\x1bYn\xdd\xd1a'\xd9\xb3\
\xb5}\xc2\x22\xcbC+\xe3\xef\x93b\x9b\xa7{\xb2\xa4\
\x95\x09\xb6\x93:6\xb2\xe2x:}\xeb\xa4j\x89\xf4\
\xa1\xdd\x0a\xfe\x12\xd0S$\x8b_\x0f\xc9\x18\xb1\x08R\
\x1e\xc5w\x8f\xbf\x9dfg(\xd1j\x81\x0f<&q\
\xf0} \x08\xaf6\x8f6\x8e\xa8#\xb4\xe6!\xfdj\
\xfa\xf4\xd2g\x98\x8e$\x8b\xa2\xde(\xb0\x0a\xa2F$\
}\x10\x11\xe1\xc1\xd4\xf2Q(\x09/\x89rn\xfb\x98\
\x14\xb1|\xf3\x84`\x94\xd4]\xe1\x85\x84\x08\xe3\xfeH\
\xf1~\xcag\xf4V\x1d*\xbc\xc1\x89\xc3\x19\xe9\xa7\x97\
\x84\xe6\xad\xf7\x13\xae\xfa\xea'o\x9ee\x04\x7f1\x0d\
\xc4\x9b\x17\x1b\xea\xc54P=\xca\x0b\xe7\x88\xb7\x06\xef\
Pzt\xd5\xd5\xa3\x82\xc8\xea\xbd\xa7Ac\xe4\x08k\
\x9a\x9d\xd9>\xa3UC~I4aqce\xbd\x88\
&l@^\x815\xb6\x18o\x8d\xadr\xf3h\xe3\x1c\
\x09\xc4\x9b&A\xb7O\xe8\x8aM^\xca'\xf2b\x08\
\xd2\xbe\xec\xcb\x08\xf2;\xec\x8b\xf9^\xd0I\xf2x\xd7\
\xfd\xf6\xe4\x88\x8c\xdc\xf7\xc0\x16k\x0f-\xf2d\xbdq\
!\x1b\x17\xf2\xb2\x9b\xcb\xa4H\xbf\x09\x0d1\xb1\xb6_\
\xf9!\x12$\xa6Z\xd2\xf8\xdb6\xfe\xb3\xbbsso\
jv\x80~\xd5\xdd;\x81\x9cn\xd0\xa4sv\x19\x89\
-\x01\xb5\x9f\x8f\xb3\xc5\xe6ni\xbd\xc4\xc5\xda\xc1\xf4\
1\xbbO\xf3\xdbe\xf60\xb9_l\x167\xcb\xf4c\
\xf9w\xb1t\x17ov=s\xfbN\xe4\xc5\xf6\x9e_\
\xd3<\xdbu Mut\xfb\x7f\x22/}\xfa\xba\xcf\
\xc5]\xd8\xc7U\x92\x7fI\xf3\xea\x84t\x9d\xd8\xf7\x0a\
o\x92\xe9\x17\x17\x80Z\xcf&\xc9t\xba]m\x1db\
\xa3.\x05\xdb\xd8LLy\xc8\xc5^[\x13y%|\
ow\x13\xa0\xa1\xc40\xdb\x93\x22\xbd\xdf\xfcx=\xb2\
\x0aRsf\xbf{\x0dO\xd7\xa3\x90\x1b\xa2\x85m\x89\
\xf7\x03t\x88+(\xae\xb2#2^\x06\xac\x22\x0c\x81\
}M\x0c{\x0e\xd9\xc3Q\x81.\xbe\xa7[-\xbc\xc2\
\xba\xc0\x0e^v\x04\xafm\x91\xa5dGx\x87\xe5\xdb\
\x8e\xe7\xd4\x03\xbe\xd6qq4\x95\x88\xef\xab\xc0W\x85\
\xa2\x13!\xe9\x01_ETI\xd3c|9\x91\x16^\
\x1d!\xbe\x03\xe2kD\x18+\x94\xcf\x17,\x9f\x85\x08\
9\x0a\xe8\xcb\xb5\xaf\xac\x80\x8e\xe2>\x01\xe6D\x94\xce\
\xf21\xc0\x82D\x0ea\x86\x00\x0f\xca\xc1*da\xd4\
'\xc2\x92DNFKD\xf8\xd5\xb8H!\x1bFF\
GD9#\x8b#\xc0C;I\xfd\xbaI\x11\x89\x9c\
\x906o\x14\xe1\xea~\x17dF\x87\xa5\xab\xd4'\xc2\
\xba\x0aP\xa2\x99\xf5JX8\x0e\x0d\xb3\x8a\x98\x0e\xc3\
\xc5\x08\xb2\x17.f\xf6\xbf\x1e&\xdc\xf1&L\xadK\
\x93\xd3\x8e\x8dU\x18\xf5\xeb\x11\xc7\xc4\xb9K\xe8/\xbd\
\x22I]~e\x8f sC\xd8\x19\xaf\xf8M\x88\xea\
Kc\xe42.\xdd\xafI}\x96\x8d\x15q\x06\xb5@\
]<p\xe02\xd4\xa1\x8e\xfa\x8d|`t\xfa\x15F\
>$\x9a\xd4\x17lp\xb9\xd0G\xbfCLo\xdb3\
\xbeLM\xdcg\xf8R\xba\x82\xed\xd3R\x1a\xc7\x88\xbd\
\xf1p\xd4g\xe4\x83\xd3s~\xb15\xb49B\xec'\
\xf2\xc1\xfa\x0c`rv6\xc3R\x13\x86~\xb1\x1f9\
\xddg\xe0\x83\x0b\x12;\xaa\xaac9M\x89p\x08#\
\xc0\x83\xa7z\xf4\x9am\x89b\xfaU\xe6\x02\xf4jm\
\x9d\x97\xd3\xe8\x13\xfbQ\xc5\xc2\x22\x1c\xf7+\xa9\xcf\xf3\
1\xeaboq\x8f~Eu|\xae\xee\x01\x9d&\x8f\
9\x1f\xbd\x8e\x17[f\xa5g\xf2z\x10c\x7fY\x1f\
a\x9f\xe9\x97\x5c\x9e\x0b~\xa0\xc9\xe57\xf1\xa3_\xab\
\x8b\x97\xa3M'\xc6\x13\x11f\x8f\xa9\x1f\xbd\xa6p=\
\xe3\x1f\xa3e\xed3\xf9\xa3_\xa5\x1cU\xc5\xe5\x98\xc4\
\xf5\xaa2\x03\xfa\xad:\xa5\x84\x9fI\xe3\x92D9\x8c\
5b<t\xd1\x8b\xe9\xd7\xee\xc2p\xf5kL\x0d\xe8\
W!\xa3\xd1\xf5*\x93\x03z\xcd\xe3B\x07\xeaU\xe6\
\x07\xf4+\xac\xcf\x07\xbb\x8eG\x9e\xae\xc6\xf3f\x0a\xe5\
\xf9\x99\xb9\x86X\xf4\xfc\x04BV\x05\xe8z\xe2EJ\
L\xb9\xd5\x99?h\xbf\x03\xd5*\x83k\xc5\xba&\x88\
\x9b\xf6\x9c[{\xd0}\xba]\xf3\xd9\x19MN\xce\x82\
\xb2\xef\xb7\x1cOT\xd4S\xc7e\x09\xbb\x91\xc9\xe5w\
\xdcNG\xf9Z i\x7f\xf8\xc9=\xbe@\x04\xfbG\
\xb0\x99\x09\xf1\x80\x17\xd53\xbcxJ\xee<#\xb0\xf6\
\x00\x15\x08\xa7\x0f8\xeb\xb9=\x95\xe9\x19Nk\x80J\
D\x14\x12Qf\xad\xb2CFt\x886SbG=\
#\xba_\xe0\x85\x80\x0e\x06\xa8\xd8\xd3\x82\xfd0g\x1c\
\xaa\x08\xd1\x04\x15\xb8\x11Q\x03q&\xdf\xcby@,\
\x87\xc0\x12\x82)\x15JX`\x1c\xebu\x00\xe4@F\
\x90KIR\x08\xa9\x0fH\xdb\x15j\x00T\xa7\xd9\x1b\
\x07CP!\xa2\x07zH>\xe5\x02\x11\xf5\x83(\x1c\
\x9b\x22\x93\xfa\x89(\xd0\xdeu(G\xb3\xc8Ol\x08\
T\x872tZ\xfcXFP\x01\x5c\x15\x0a\x94\xb8>\
\x10\xa5\xfd\x87nC\x0c\x0e\x0d\x1dP8\x05K?\xfa\
\x93\x85\x06\xe1\x84\x853&\xda\xb8\x0f,c\xba\x8c\x00\
\x1c\xb7\x86E\x92\x13cxd\xf8\x91\xe7\x19K\xf7=\
\x1d\xba\x15Th\xfb\xef\x14\xa4U\x1aK\xf4\xac\x9f\x82\
c\x9f\xe0zS\xc5\xf6sh\xdfRRb\xaa\xcf\x98\
B\xbf\x1fUS\x96\x9b\xa25\x04\x8b\xaa$\xdc(n\
\xf4\x91\x225\xc2~e\xdf\xa0\x96\xd2w\xaf\x96\x05A\
\x1df\xa4E\x94\x80\x0a\x00&E}:<\x9e`R\
\xd7\x85\x15\x22{G\x14\xbc\xe0\xd6.\xafJ7\x86\x11\
\xbcUa?\x0f1\x9f\xc8K\x14\xb0]\xea\xb5o\xc7\
\x14\x85\xaf'D\xa1\xf2P\xca\x89t0\xd40\xb4B\
\x85\x0a\xe8\xbab1\xf4L\x87F\x13.!W\x1d\x14\
\x93 \x9e\x83\x8d\xb9\xc0\xe5\xe4\x96s\x1e!\x97zA\
\x15&1\xd7`\xea\x82\xafl\x14\xb0\x04]q\xb0\xaa\
\x02b:\x18\xa6\x10LZN\xeb\x8bp\xfa\xf0]\xe0\
\x86I]\x84\x17SR\xbc(R\xa8\x10\xc3\xe1\x1cc\
\x08\xe9`\x90B\xf1i\xb5\xbc\x09\xf2\xe9\xc0n)\x85\
\xa8@\xb3\xae\x0bF\x00\xa1\xd3\x19\x0e\x193&Q\xc9\
\xb01\x90\xebb\x10\xd3\x8bI6\xa2\x88\xa5\x9ft#\
\xe81R\xabB\xd1.\x82\xceNQq\xa4\x99\x86\x9c\
\x01\x05k\x0b\xa1m[z\x88Ke\xdb\xf2\x1e'\x22\
\x0a5\x96\xb7\xc0\xc2\xa8H\xe4\x90Q\x900r\x14\xa8\
\xe0\xaa\xd2\xc9S)\xc0\x04jY\xad\x8d\x06\x0f\xb4\xf1\
*Jh\xc0P\xe4\x02\xa3\x03\xf0\xd1\x01GF\x0e\x87\
\xe1\xc14\xc4\x08\xe2\x9b/\xb1o\xc2\x03h\xb2^X\
\x9d\xbd@_\xf2\xd2@\xad\xb2J$\xd6:x\x81\x95\
\x02I\xde\x08e\xaf\x9f\xf9\xfb\xa0\x22\xee\x02\x19\xd4\x0f\
\xa0P\x09\xb7n\xceTL\xfd\x02\xc6T\xd6\xf3\x90\x0f\
U\xe5p\xb06\x92gH\xab\xfb\xfd1 \x85+s\
p\xb3\xa7\xbe\xa6\x04\xb0\x8bDUW8\xc4\x03\x09\xdf\
2\xfa\x87\x9e\x8c\x1fPa\xa3\x0e\x14so\xfd\x18J\
p\x0e*\xc7$0_\xa0\x82\xf2*s\xb1_\xc4\xd5\
\x87\x0c\x86rS\xdd\xbcp\xa8W\xfd`\x0a\x19\xf6\xc5\
y\x16\xa0A\x8d\x89v\xb9a\xd1\x91\x05lb\x163\
\xada\xe6\xa2B\xf9\x0b\xce\xab\x92\xdb\xcf\x11\xab*\x0b\
jL\x05\xcc\x5cT\x88\xaa\x1fk\xc9Tc\xe5T\x02\
\xcc\x9e\x81c\xe4~\x02KP\x98V\xf3g\xbc\xa6\xa8\
>\xa5\xb7\x9c\xffAl%\xb8\x08pU\xa3\x8f\xe6\x92\
\x1f\x5c!\xc3\xc0e\xad>\xaa\xd6KY\x17\xad.\x02\
\xc6q\xd5\xcbZ\xb9\xb0\x8e,\xb1\xc3e\xd1\x11\xda\xc1\
\x840\x94\xc9TVx#\xbf\xfa\x09D@\xb9\xac\x9d\
\x225\x5c\xfa\x05\x18ZE\xdc2\xdd\xf4x\x92\xd6\xca\
\xf39\x199\xfc\xfd\x05k!\xae\xf3\x0c\xcf\xab\x91\xa1\
R\xff\x96\xb5|^T/\x83\x1c\xda\x1b\xa0W\xe3y\
\xbd1\x7f\xd7!\xf8\x5c\xb2\x0elE\x9e\xac7\xb7Y\
\xbe\xba\x1e\x95\x9b\xee\x0a\xdf\x842&\x95\xa2\xfc \x05\
\x89\xcbB\xa9oG\xcft\x13!\x89\x03\x9c\x1e\x14\x91\
G\xf5e\xe2>{\x09\xdc8\xad\x9c*5c\x7fp\
\x8e\x17\xdc\xeaS\x8b7\x07\x87\x12\xd2zF(\x1d\x94\
\x8a0\x07\xcc\x81c\x14\x19\x12;(\xa3~u\xb1B\
0A\xc1\xb4\xeel\xc4\x856G`\x96\x8a\xb8\xf7\xd8\
\x05\xf2\xa6\x0f8\x15;\x9e\xa7\xae\xaf\xb1\x00\x04\x14\x14\
P\x8bAi(\x1d\x00J\xab\x04\xd3\xfec\x8b(o\
\xbd\xe0\xc9\xeb\xbc&\x80\xa0b\x84\x88\x82\x22*\x08g\
\xd6\x99\x8d\x87\x11\xb9\x06t\xddKD\xf4\x19D\x05\x89\
\xdc\x8cf@s\xd2!\xa6>\x0c#HL\x19`\xc8\
\x1fA=\xcf\xa8P\xce\x8b\xc2\xc8\x02\xf8\xbc;\xc62\
\xe9QdAUaa\x90\x129\xc0\x84\x17\xc4\xd4\xf1\
(%\xd4\xf1\xa8\x1e\x06\xd32\x91\x14\x11\xf5\x81h\x5c\
\x97\xdc@\xb80\x18\x9e\x07\x0f\xcf3'y\xf90\x9a\
\xb4\xc9JCT}\xa0\x0a\x18\x0d\x0c5\xe0H+b\
:|\xc0\xbe\xc6\x14#\x0e\xd0*\x95G\x8a\xc6\xf2H\
\xa5\x9a2\x0b\xa9\xefj\x1b\xc8\x05G\x10\xd0\xf3\x80Z\
\xc9\x1b;hT\xef\xb9hB`\xe4\x1e|BQ*\
\x19?\x5c\xeb\xe9\xf9\x91\x98\x97U\xc4ID\xd4\x07\xa2\
\xc2\xc2f\xa8\x01\xc9\x17\xc50/\xb4\xc5\x1b+!\x0d\
\x1b\x86I9\x0e\xc6\xf8B\x14\x8aI]\x1d2\x06\x90\
\xa0\xa7\x14U2V:\x1e\xc68\xaaJ\x1b1\xf3\xc8\
\x0f\xa8\x92h%\x94\x90\x00\xda\xd4E\x90\x90U\xa1\xa3\
\x0dR\xd3\xd8\x0c\xc4\xaa\xe5\x12\xc4\xc8\xa8^ \x05c\
T\x03:c!b\xfaL\xb8\x01R\xf824\x94<\
\xe9T\xa8\xb0\xa0Bo\xc6S\xc8!\xd2DZg\x06\
l\x1dE\x04\xd5\x07\x9b*B\xad\xf0U@\xfe\x0c\xda\
I\xe0\x0b\xf2\x09)\x8d\x16\xc3\x08\xdfvH\x1c\xe3\xf8\
^p\x05\x1c\x9aq\x03\xa8\x18\xf8\x05\xaf\xab\x88\x22\xa3\
\xe3\x81d\xf0n\x1dq\xf4l.id\xbcIw\xc0\
\xa1\xb7\x8bJ\xc77\xe8\xd8\x5cV\xcd\x8csU1y\
\xf0\xb2J\x89\x1b\x8d\x8a\xf6\xefeUB\xd5\x1a\x15\x0d\
\xe0K2\x80]\x0a!r\xaa\x1fH\xe1l_\x81C\
5\xbe\xc2J0\x11\xe02\x8b\x10-%?\x11%\xa0\
\xa4\xb3:\x91\x10\x15*\xb0\xf4\x95\x84)\xcd\x8c\x1c\x0a\
\xd52\xf3\x0cQ\xf5Sb\x0cUiQ\xe7\x9e\xa1\x08\
\xf6\x02+\x5cP\xbf\xce>Cv\x05\x9fkPk\xa9\
\xe8@\xecZ\xe5\x9f\xa1_\xe3\x05T8f-3\xd0\
\x10U/\xde*\xa8\x08.s\xd00\x0b\xcd\xd7\xac,\
 \x91\xa52\x0b\x0d\xc7\xdf.*e\xa9\x93\xdc\x82\x03\
q\x17\x953\xda\xa6\xb7\xa0\x87sa\x09.M\x22\x04\
N\x90\x05>r.\xdc\xc4\xf8\x0a|:u'\x7f1\
\xba\x0f=\xb8zj\xd10\x90\x15+\x18z4^\xc0\
T\xcd\x98w\xcf\x0b\x1d\xa0\xcd\x0bl\x19Ib\x89m\
\x22q\xa4A9\x00\x9ch\x0e\xc1\x82Y\xabG=\x00\
\x98\xc8\x99\xf0\x03\xa8\xdc2&\x97\xc7c\xe2\xe7R\xcd\
^\xc0\x99\x06\xeb\xa1\xc0]\x15UF\x8c\x06\x80\x13\x87\
\xc1\xe1\xa3\x7f\xb4T\x9b\x83\xb8'\x18\xca\xf5\x02&\x90\
\xa0E\x0f\xc5\x93\xe2\x84X\x8a\x0d\xe7\x8c\xf4d\xd2\xc2\
\xc4\x0e\xd0?\xf1\x01&X\xec\x80b58\xf4\xb0\x0a\
;9\x06\x0a\x10;\xd08F6\xcc\x88\xb6\x18\xc0\x0c\
RX\xd1\xe4\x877\x01Dm9\x80\x82\xd1\x03/\x92\
\x16b\xa1\xe8\xd2E\xd1h\x0a\xf9\x91\xb6\x10\x11\x04\x86\
\x8bty\x82Sq\x90a\x14W\xbe\x84\x02\xd7\xc7\x92\
\xb4\xd6\x1a:\x1a\xfd\xec\xaf \x98\xa2Q\xe4g\x9d\x18\
\xc0U\xba\x94\x9blN!\xbb\x02\xcb_z\xae$\xe2\
\x19`_ZA\x8a\xcc\xea\x03S\xeb\xc20\x1d\xe9(\
\x06\xaa ETaQ\xe5\x84\xeaXPu\x144\x8a\
\x19g\x9c\x03&Y\xa3\x0d\xec\x05YC\xb4\x05\x96\x81\
\xe5X\xe3\x08\x8c\x17X\x81Tk[\xc8\x8f\x82\x18\x18\
WF\x8c\xf3?\x8f\x13R\xb4[3Q\xf6<L\x8a\
\xe1\xfb\xde\xe0\xbc\x1a\xcf\xddF\xf9\xe7j\xbc\xb9\xb7\x7f\
\xfe\x07\xa7_\x0bV\
\x00\x00\x0a\xff\
\x00\
\x00Z\x95x\xda\xed\x5c\xdbn\xe3F\x12}\x9f\xaf\xe0\
*X$\xc1\xaa\xa9\xbe\xb1/\xb2\xec\x00;\x83\x00\x01\
\xb2/\x9b,\x16\xd8\x97\x80&)\x9b\x18\x8a\x14H\xca\
\xb2\xf3\xf5\xa9\xe2M\xa4$OfG\xd2\xc4\x96\xcc\x81\
\xc7V\xf5\xfdt\xd5\xe9C\x8a\xdd\xb3\x1f\x1e\x17\x89\xf3\
\x10\xe5E\x9c\xa5\xd7#\xe6\xd2\x91\x13\xa5A\x16\xc6\xe9\
\xdd\xf5\xe8?\xbf\xfeH\xcc\xc8)J?\x0d\xfd$K\
\xa3\xebQ\x9a\x8d~\xb8y7\xfb\x1b!\xce\xfb<\xf2\
\xcb(t\xd6qy\xef\xfc\x94~,\x02\x7f\x199\xdf\
\xdd\x97\xe5r:\x99\xac\xd7k7n\x8cn\x96\xdfM\
\xbew\x08\xb9y\xf7nV<\xdc\xbds\x1c\x07\xdaM\
\x8bi\x18\x5c\x8f\x9a\x02\xcbU\x9eT\x19\xc3`\x12%\
\xd1\x22J\xcbb\xc2\x5c6\x19m\xb2\x07\x9b\xec\x01\xb6\
\x1e?DA\xb6XdiQ\x95L\x8boz\x99\xf3\
p\xde\xe5\xc6\xde\xacE\x95\x89Yk'\x94O8'\
\x90\x83\x14Oi\xe9?\x92aQ\xe8\xe3\xbe\xa2\x9cR\
:\x81\xb4M\xce\xcf\xcb5-\x00\xd0%\xfct\xd9[\
\x83[d\xab<\x88\xe6P.r\xd3\xa8\x9c|\xf8\xf5\
C\x97H\xa8\x1b\x96a\xaf\x9a\x16\xcfA\xab\x03\x90S\
\x7f\x11\x15K?\x88\x8aIk\xaf\xca\xaf\xe3\xb0\xbc\xbf\
\x1e\x09\xe92\x01\x97W\x19\xef\xa3\xf8\xee\xbe\xdc\xb6\xc6\
\xe1\xf5\x08z\xcf\xad\xa9?\xf7\x9c\x83\xd5\x19\x9a\x8a\xa7\
]\x0au-w\x99\x933O\xe8:O;\x84i\x98\
\x05\xd8'\xa82Z\xc4\xfe\xaa\xcc\x160kA\x90\xf8\
E\x11\xcf\xe3\x00>d\xe92Y\xdd\xc5\xe9oy4\
4\xffVfY\xe2\xb6@v\xadF\x8f\xcb,/\xc9\
c\xb8\x048\x95\xde\x9b\xf8\xd4&\xde@\xea,\x8c\xe6\
\x05\xe6\xaa\xc7\x86\x9f`pz\xe4L\xaa\xd4\xae\xab\xd8\
\xcf\xf0!\x8e\xd6\x9b\xbc\xb7~Q\xe3\xe78K\xff\x0e\
|-\xc9\xf2\xeb\xd17\xf3\xeaj\x12n\xb3<\x8c\xf2\
6IU\xd7 )\x83\xf9\x88\xcb\xa7:\xba\x9a\xba\xdb\
\xfeb\xad]:\xdd\x9f^\xdc\xfba\xb6\xbe\x1e\xf1\xed\
\xc4\xdf\xb3l\x01\xb5\xc2\xbcXm\xe8Nr\xf0x=\
\x22\xccs-\x0c\xd6\xda\x9dT\xec\x90t\x8d\x14\x92\xcb\
\x9d\xc4U\x9eC\xfc\x91\xc4\x7f\x8a`T\xd5/\xd6d\
*\xee\xb3\xf5]\x8e\xe8\x94\xf9*\xda.\x89)\xe4\xf6\
6{\xdc\x9f\x0c\xee\xb0\xc2\xc8&\xab4.!z\x96\
\x8f\xfdZWq\x18\x15\xfb\x0b\x16\xa9\xbf$wIv\
\xeb'\xfb3\xac\xe3\x14P\x22\x8d\xa33\xd1M\xc2v\
\x8e\xd6\xeb55\xcf\xe4\x80\xbe\xd3g\x92\x9e\x9eOZ\
\xf8\x8f\xf1\x22\xfe=\x02`X\xe5w\xe0[\x03X\xea\
b\x8eS>a\x04?>\xa1m\xd4\x1a\x11O4p\
kug\xcc\xf2\x18\x02\xa3\xd7\x9d\xd6\xf4\xd47a\xbc\
\x03]?V\x0eV\xb9\x9f\xdeN{\xea\xa75~?\
\xd9u\xfc\xca\xbe\x88J?\xf4K\x7f\x13\x05\xad\x05\xfa\
F\xdb\x91\x01uN\xff\xfd\xe1\xc7\x9b\xa6\xa1Y\x10L\
\xff\x9b\xe5\x1f\xdbv\x1d\x073\xf8\xb7\xd9\x0a\x90\x1e\xdd\
t\xe6Y\x18L\x81\xec\x80\x04n\xe2\x05\xf86\xf2\xe4\
?\x80\xdcf\x93M\xc2 3\x82\xb5\xa9\xb4\xae6\x8f\
j\xd6\xdc\xbbt\x84\xc1\x22\xc6B\x93_\xca8I~\
\xc2F\x9a\x11\xf7*\x8d\xcb$\xda\x18g\x93\xa6\xf7\xcd\
\xd8&\xbd\xc1\xcd&\xed\xe8\xabOw\x1bT\x06A\xd1\
Mt\xe2\xdfF\xe0\xa1?c\xa2\xc3v\xa3#[-\
\x17Y\x185\xc5[4\x97~y\xdfMY\xf9\x94@\
zE(\xd3ohu]\xcd3\x88\x99*e\x9a\x22\
JImy\xf0\xf3\xd8O\xcb\x81m]\xf9\xf7\xc0T\
\x94yT\x06\xf7C\x1b\xb8\xea\x14\xe6=^-\xae\x92\
8\x8d\x9a\xb8\x18\xe4\x99\xfb\x8b8y\x9a\xfe\xe2\xa7\xc5\
\x15i\x07A\xea\xe2\xcb(\xe8\x98\xba\xceQF\x8f%\
\xe4\x0a!\xbc\xa7\xb4\xfe\xe4'\xf1]:\x05\xfd\x90\x97\
\xb5!\x04\x0e\xcd\xeb2)\xe8\x89m#\xc1\x9e\xd4)\
IT\x96QN\x1a\x07n\xbb\xb5\x06F\xdd\xb6Uu\
\x949t\x01\x1d\xa8.\xbd\xce\xe3\x12\xb2\x10\xc4z\x9a\
\xe4\xa4\xbc\xbd\x0acX`\xaa\x96\x932\xbfBf\xaf\
\x86]\xdc\xc7\xf3r\xda~l\xba\x9d\x06\xf7\x00~\xdd\
\xef0.\x960Y\xb0\xf8V\x192X\xf5\xe6I\xb6\
\x9e>\xc4E|\x9bDW\xd5\xef8\x01\xa7\xebLs\
\xf0\xbc\xcd\xd4\xc1\x07\xd2p\xfc\x94]\xc1\x5cd\x1f\x9b\
1\xd6\x7f\xd7\x9c5\x15\xae\xacVa\xc9\xaf\x16~\xfe\
1\xca\xeb<Q\xeaC\x95\xe4\xd6\x0f>\xa2\xf7\xa4\xe1\
\xd4\x0f\x80CW\x09h\xaf.\xcc\xc1\x1d\xff\xe5\x00\xd5\
\x1b.,\xd3c\x0e\xb1N-\xe7\xday\xef0XU\
\x8ceR\x8fAN\x18\xa3\x90`\x1c\xe5\x1aM\xb9V\
\x02\xb2\x0ac\xb5\x96\xc6\x11.\xd3\xdcH\xa6\xc6\xda\x95\
\x82[\xea\x19\xe7g\x07\x0a1*=-\xac\x1e{ \
\x13\x0c\xf3\x94t\x98\xab\x95\xe4\xcaxchTJ\xee\
I\xebpW\x1b\xc3\xac\xe4h\xe3\xccP)\xb0q\xc9\
\x8c\xf5\xf4\x18\xfe\x12\x82*\xad\xa0m96\xae'\xaa\
\xcb\x09\xb0\x1c\xb7\x9e`vL\xb8k\x8d\x11\xcah\x07\
j\xf5\xb8\xd4fL<\xb4If\x99c\x91\xc1\xa0\x07\
c\x82z\x85q\xc34\x14\xc6\xf1\x086\xa6.7\x82\
1\x86\xfd\xb004cq\xbc\x9eU\x9a)\xcf\x81\xc6\
=\xad\x8d\xc4&\x84d\x8ck\xeb\xfc>\xe0^\x8c@\
P\x05\x86h\xb2a\xd6\xcdz\x98\xa5)8O\x96\x13\
X\x19\x1f\xfcr\x95G\x03\x06\xee\x98\x14\xdc\x0d\xc9\x07\
\x16\xb1\xa0\xbd:\xf6y\x8b\xf2\xb7(?4\xca\x17\x0e\
3\x10p\xa0\xcd\xf5X0\x97SO1\x05A\xe4\xb9\
\xdaBDZ\x88g\xc3%\xe5\xcc1\xae\x95\xd2Su\
\x18\xc0-\x896\x0e\xe3\x18v\x92Z\x8c*%\x19\xf5\
\xb4\x93@\xdc\x0b\x0e\xf9\x0c\x14\xe5\x5cr\x07B\x84\x1a\
\xa8\x1f\xe2\x0c\x82\x96+\xce\x98C@=0\x03\x81\x8c\
q&\x95\x10`\xd2P\xad\xf4\xac\x05Z\xa0\xd2rc\
\x1d\xe9Bw\xa4dc\xa0\x07\xc6(\xf0D\x80\xb5)\
\xe5Q\xcf\x8e\x05dS\xd0\x0f\x07\x1a\x17\x5cp \x0f\
\x05\xdc\x22\x90;\x08\xf4V{\xa0R\xc7\x12\xd2$\x10\
\x0e\x16\x14\xd4\xe3\x9e\x87\x03\xe0\x02x\xad\xea\x1atB\
h\xec\x86\xf2\x8c\xa2\x0c\xf9IP\xad4\x92\x9e\x90\xc0\
\x7f\xe6\xb9\xc0>YX\xdf\x0d4\x9c\xa4\xcc\xeb\xb5\xd5\
\xc4y\xdfW\xba\xb4\xce\x9bQ\xd1\xc2\x9f8\xd9\xdf\x11\
\xae]]q\xe3\x18\xe6\xcb|\xdf\x89\xa7\x19:vO\
_U\x9aNr\xbc\xc4\xa8g\x1f\xc8E\xc7\x81l\x1c\
\xa7\xb1w[\x82\x17\xe4\xe2\xcaU\xdb\xe6V\x1c\xcb\xa6\
\x84\xed\xa55\xd2z_\x12\x8e\x1c\xbb\xe7\x19a\x09\x13\
\x84\x13EX/}\x0f\x0a\xdb\x11S}\xccW@}\
\xd1C\x04\x80\x87m\x0c5w[\xc30\xa2\xedG\x10\
{Q\x9e\x80\xf0.\xa7\xb2\xb5\x85>\xdc2\xe59D\
s?\xfe\xba\xa6zr\xf0\xe8\x98\x0a\xb8\x15\xc6\xb9\xe3\
\xc7\xc6\x14\xd6%A,\x91\x17\x09*\xe8\x09\x1c\x1d;\
:\xa8\x86x\xf0#\x08\xbdHX\xad+\x87w\x8b\xc7\
\x82\x95\x02\xa4\x1a\xbc\xf5\xe5\xc3:\x9b\xdc\xedeqa\
\x0d'\xe2\xd3L\x8d\xf4\x0c\x82\x12\x96\xd2\xef?I\xf7\
G\x98@\x03\xcb;^\xc3\x09d\xf6TqA\xab\xc8\
\xe0\xe7\x1d\x15\xb2\xb9\x09\xf9z\xa0j\x221.\xce\x1a\
V\xa1]\xb1\xbd\x02\x9e\x18V\x05\xff\xe4\x99s\xb8\x10\
\xcd\xf3\xbb\xaf\xe9\xad\x16x\x5c\x11\xfdjY\x1c\xb5\xf8\
\x01J\x5c\xd7\xeb\xa3\xd2\xe3\xcd\x9f\xafV\x8f\xbf\xa9\xf1\
\xa3\xab\xf17-~\x02-\xfe\xa6\xc4O\xa0\xc4_\xb5\
\x0e\xff\x13\x96\xc6\xe7\xc9\xf8\xdfy\x8a\xf07\x09~\x02\
\x09\xfe&\xc0O \xc0\xdf\xe4\xf7I\xe4\xf7+\xa2\xee\
>\xba\x83\xbe\xce\xe7\xdc\xe7\xfe_\xd8\xd7w\xfbuq\
g\x7fv^\x9e\x9fL\x9c\xfd\xcd\xe4\xa0\x8b\xb8\x9b\x88\
\x1bz\xd0\xd0\xcf:\xdc^\x1b\x5c=\xde\xfc2\xbcv\
\xd5\xcfE\xc0\xd6_\xc5\xbf\x10\xb8\x9du\xf2\x22\x80\xa3\
\xe4\xd0\x08\xdd\xd5lG\x06\xceZ\xcf{y\xbc\xd6[\
5\x8e\xc1ld\xf7\xbd\xb2\xb3\xc4\x0d\x96\x5c~\x0a\x8a\
\xbb\x18\xfc\xf0\x16\xde\x9e\x82\xeb\x8e\x8e\xa0\xf9\xab\xd5\xd3\
s\x91\xcb\x8f\x1a\xb9\x8c\xd5\xef\x12\xc8\xf3\x86\x0d\x1f\xc7\
\x9d\x22p/\x05\xbe\xea\xd1\xdb)\xe2\xf6R\x00\xac\x1e\
\xb3\x9dB\xab\x1c\x1b\xc0P\xbeP\xdeSGf\xbe\xee\
\x0b\x9b\xf3\x06\x0e%\xcbi\xee\xcb.\x05\xc0J\xb3\xf4\
\xbe<>\x22\xfb]\x0a\x84\xc8~\xbc\xf7\xbe\xdf\x11\xf9\
\xef\xd8\x10J\xe9y/\x0fBz\xa8z\xd9\xa3\x8f\xf7\
~\xdbt\x8e\xe0\xb1\x83\xefv\xfb\x0f\x04.\x086s\
\xf0\xc2\xb1\x1b\x9d\x17\x04\x1f=X2\xef\x8a\xbb\x13\xc0\
\xc7\x03\xa1_ \xe3\x1d\xec{\xfb)\x8f\x9d7l\x8c\
\xc8c\xb3\xdd\xd9#f\xe0\xc7\xf3N\xc1tg\x0f]\
\xf5u\xf9)H\xeeh\xc8\x19\xe3\xfb/\xd2\xe9\xcc\xc1\
zx[\x95\xec\xc8\xe33E\x0e\xee\xc6N\xa3K.\
\x04\xc0\xeau\x8c\x93(\x93#\x03\xa8\x94\xa1/Q\x99\
\xc8\x83C\xf7\x99\xdb\xb1\x9dg\x04\xe7\x88\x1fJ\x94\xc3\
\x1fIm\x93\xdf\x85@Wi\x95\x83\x1fF\xed\xa7\xbf\
\x0b\x81\xb0yq\xea$\x04\xf8e\x10\xbem\xfb?\xc3\
m\xff\x86\x9a\xaf\xbb\xed_\xbb\xc2\xe0!\x19\x82\xe2)\
\x1cV\xda=\xbb\xfe\xf9\xff\xbd\xeb\xdf6\xbb\xfeq'\
}\xb3\xef\xdfn\xf6\xfdo6\xfe\xcbv\xe3?o6\
\xfe\xabv\xdb\xbfi\xb7\xfd\xf3v\xdb\xbf\xb7\xd9\xf6\xaf\
\xda]\xff\xaa\xdb\xf5\xaf\xda]\xff\xa6\xd9\xf5o\xda=\
\xff\xb2\xdb\xf3/\x8f\xb4\xe7\xffT;\xfe_\xe5\xed\x08\
9\xd1C\xe6#\xab\xc2\x17\xfdn\xcb\xe1o\xb7\xec\xfb\
\x92\xe3K\xdfnA:\xeb\xea^$\xd3\xea\xe0?\xf0\
\xfe<*\xa2\xfc!\xda\xd9\x0f\xb1\x7f\x99\xd9\xb7\xa4\xe0\
\xf2\x81\xdb\x9b\xab\xf5\x89\xd9\xe5\xe3`\x15\xa1\x7f\x1f\xac\
 \x05\x903\x81\x16\xe3\xf96\xafS(8 u4\
\xb4\xd3\x5cM\xdb\xe7\xf2g\x87\x10\x1f\xac\xd2;\xaf_\
#P\xd0\xef\xc1$\x22LH%\xa3\x9bY\x09\x1dI\
{/T\xb7\xe1\x9eg\x08\x10\x8eq\xeb\x8d\xec\xaa\x00\
\x14\x96\x7f\xfe\xde\xf7v\xd3C\xdc\x1b\x94o\xb3$\xec\
c\xac\xebqiOma\xcc\x5c\xee=\x87\xf2'W\
\xeboq\xb9v\xfe\x09\xed|\xfb\x19P\xef\xc2{\xc3\
f\x93j\xd47\xf0\x1b\x90{\xf3\xb5&r\xeb32\
\x87\x8apw\x83a\xdf\xe1\x80q\x0fq9\xb2\xbd?\
t\xa7\x07\xcf\xf4\xe1\xb5z\x1e\xdf\xebyo\xf2\xf9\x0c\
\xe53\xca\xa4\xafz6\x9et\xb5\xe4\x8a\x1aP\x91\xc6\
zL\xe0\x11S\xef\xf1H9\x90\xc8\xa2:z\x0e\x84\
'\xb5\xcc\xa2\xa8\x06\xc1\xa9@\x07C$p\xdc\x80\xa8\
\x1cH\xb5\x0cT4\x07\xf1\xca\x15\xa8\x5c\xa1\xf0l<\
\xe62\xe3\x19\x10\xa0 s\xad\xe6\x02\xb4\xb8\x03*\xd5\
p\x0b2\x95\x8d\xa1Q\x0e2\x15\xf46(c\xaa@\
\x5c[\xb4AC\xdc\xc3\xe3\xec\x84\xd0JZ6\xb6.\
S\xd2\x18\x81\xc7\xde\x09f\x94\xad\xce\xe0\x13PR\x82\
\x04\x7f\x0f\xa2\x9e\x82\xca\x85\xeaQ)k\xcb4\x97x\
\xb2\x9e\x86~(\xec%\xda@\xfbC\xd5\xc2@F<\
j\x0b2s\xcfB6\x05\xdd\x81\x1b\x020y\x0cT\
4\x13x'\xc1\x8dV\x0c\x0f\xfcR\xc2zp\xff\xd0\
\xc2\xc3D\x0b\x0f\xf3\xb8\xf3\xbfg\x0e\xc8;\x89\xaa\xae\
v\x11\xcd\xf08\xd0\x9bw\x7f\x00\x1d\xb4q\xa7\
\x00\x00\x08\xe3\
\x00\
\x00[\x07x\xda\xed\x5c[s\xeb\xb6\x11~?\xbf\x02\
\x95_\x92\xa9@\xe1\xc2\xbbeg\xa69\x93if\x92\
\x97&=\x9d\xc9K\x87\x22!\x895EjH\xca\x92\
\xce\xaf\xef.x\x91\xa8\x8b\xeb\xd4N\xcf\xb1\x0b\xca\x92\
\x81\xdd\x05\x01,\xf6\xc3.H\x0c\xa6\xdf\xedV\x19y\
Te\x95\x16\xf9\xdd\x88[lDT\x1e\x17I\x9a/\
\xeeF\x7f\xff\xf5\x07\xea\x8fHUGy\x12eE\xae\
\xeeFy1\xfa\xee\xfe\xc3\xf4O\x94\x92\xefK\x15\xd5\
*!\xdb\xb4^\x92\x1f\xf3\x87*\x8e\xd6\x8a|\xb3\xac\
\xebu8\x99l\xb7[+m\x89VQ.&\xdf\x12\
J\xef?|\x98V\x8f\x8b\x0f\x84\x10\xa87\xaf\xc2$\
\xbe\x1b\xb5\x05\xd6\x9b2\xd3\x82I<Q\x99Z\xa9\xbc\
\xae&\xdc\xe2\x93\xd1A<>\x88\xc7X{\xfa\xa8\xe2\
b\xb5*\xf2J\x97\xcc\xab\x9b#\xe12\x99\xf7\xd2\xd8\
\x9a\xad\xd4B<\x08\x82\x09\x13\x13!(H\xd0j\x9f\
\xd7\xd1\x8e\x0e\x8bB\x1b/\x15\x15\x8c\xb1\x09\xf0\x0e\x92\
\xcf\x93\x0a+P\xe8\x1a\xbe\xbdxG\xb0\xaabS\xc6\
j\x0e\xe5\x94\x95\xabz\xf2\xf1\xd7\x8f=\x932+\xa9\
\x93\xa3\xdbt\xfa\x1c\xd4:Pr\x1e\xadT\xb5\x8eb\
UM:\xba.\xbfM\x93zy7\x92\xb6\xc5%\x5c\
\x8e&.U\xbaX\xd6\xa7\xd44\xb9\x1bA\xebE\xe0\
7\xf9#\xe3\xe0\x8d@{\xe3\xb0\xe70+\x10\x16'\
%w\xa4\xd7\xc8t]\x08\x93\x22\xc66\xc1-\xd5*\
\x8d6u\xb1\x82Q\x8b\xe3,\xaa\xaat\x9e\xc6\x90)\
\xf2u\xb6Y\xa4\xf9?\x97\xc5JY\x9d\xde\xfaJ\xd4\
n]\x945\xdd%k\xd0\x9e\xeb]d\xee\x8f\x99\x8f\
\xa9\xda\xfe\xa5\xd8A\xab\x08#R\xc0\xdf\xe8\x1e\xe8\xd3\
D\xcd+\xe47=\xc4\x1ct\xd1\x1b\x91\x89\xe6\xf6\x0d\
\xc6\xd6&x\x8f\x83\xec,\xaa\x1a-\x12\xb2\x8e\x16`\
qYQ\xde\x8dn\xe6\xfaj\x19\xb3\xa2LT\xd9\xb1\
\x5c}\x0dX\x05\x8cJZ\xef\x1b\x8c\xb5\xf7\xee\xba\x81\
w\xed\xf9\xec2\xbfZFI\xb1\xbd\x1b\x89S\xe6\xe7\
\xa2X\xdd\x8d\x1c\xcb\x09\xfc\x80\xf1Sn\x0c\x8a\xa0\xb6\
oI\xdf\x11\xd2?\xe3B}\x9e\xe5H\xdf\xe3\xcey\
\xd1MY\x02\x08i\x16\xed\x15tJ\xff\xeb\x84\xaae\
\xb1]\x94\xa8\x9c\xba\xdc\xa8\xd3\x92\xc8\xa1\xb3\x19\x0e\xc2\
%6\xd8\xc4\x06\xe1M7yZ\x03\x84\xd6\xbb\xe3\xbb\
n\xd2DU\x97\x0bVy\xb4\xa6\x8b\xac\x98E\xd9e\
\x81m\x9a\x83\x92hk\xed\x5c\xf6cp*\xd1\x99\xbe\
\xc7\xfc+\x12h@WX\xfb\xeb\xacU\xb4KW\xe9\
g\x05\x8a9\xd3\xa7\xee\xd9\xb1Z\xee\xb5\xc0t\xa0\xb6\
\xa6\x0c!\xf5\x1ea\xbe\xdb#m\xd4\x11Q\xdfH\x10\
A\xe0\xf5\xc4\xa2L\x01=G\xcd\xedH\xfbc\x12N\
\x0a0\xa7\xef\x0e\xed\xeaih\x93\x1d\x0c&\xe78\xd0\
\xf4\x95\xaa\xa3$\xaa\xa3\x03(:\x0a\xb4\x85u=\x81\
\xf94\xfc\xdb\xc7\x1f\xee\xdb\x0a\xa6q\x1c\xfe\xa3(\x1f\
\xba\xfa\x08A\x81hVl@\xf3\xa3\xfb\x9e<M\xe2\
\x10f@\x98\x19\xee\xd3\x15\x98:N\x9e\x7f\x86\x19o\
:90\x06\xc2\xa8\x9c\xc3M\x9b\xdb\x96\xaa\x99J/\
\xfa\x93$^\xa5Xh\xf2K\x9df\xd9\x8fXI\xdb\
\xe3\xa3\x9b\xa6u\xa6\x0e\xc4\xe9\xa4m}\xdb\xb7\xc9Q\
\xe7\xa6\x93\xae\xf7:\xb78he\x00\x92~`\xb3h\
\xa6\xc0b\x7fB&9\xb7\x8b\xb2\xd8\xacWE\xa2\xda\
\xe2\x9d6\xd7Q\xbd\xec\x87\xaa\xdeg\xc0\x9fC\xeb\xc3\
\x1b;\xc1\xcf-fh;m\x84\xbc\xc9\x96\x9b\x0cf\
\xc5G\x95\x17Ir[\xd5e\xf1\xa0\xc2\x1b\xcf\xc5O\
\x9bm\xc0\x11\xb2.\x0b\x8aQe\x06F[\x87vG\
K\x22\x98m\xca2\xda\x8798\xfd\x8e\xdaW\xd5\x1b\
\x10\x9a\x01\x11\xdc\xb2maKg,-\x87<\x12\xe1\
\x93\xbf\x12\xce-?p\x03\x9fd\x84\x8d\xa9\x0b\x14\xd7\
\xe2n\xe01/\x00\x11 d\x84:\x96'\xf0\x138\
c\x86D\x09$B}\xf2y`\xef\xa5\x8ak\x19\x08\
I\x9d\x03\xb9\x9f\xa1\x8a<\x07vQR\x98\xab\x1e\xa3\
zS\xaa\x81\xcd\xf7\xb6\x0c\xca\xc5\xe1\x87i%>\x5c\
\xbd\x05\x5c\xd7\xb4\x94Q\xcc^\xaai\x8b\xc3\xe4*9\
\xe7O\xa9\xfc\x8are\xaf\x5c\x08\x06\x1c\xd0\xa5dd\
I(\xcc\xd9.\xaa\x8cK\xd0\xac\xdd\x88\xd8Z\xb3\xdc\
\xbb\xa8?\xee\xbf\xa6\xf6\x9e\xa1\xb9\xb9\x1f\xcdm\xfe\xd5\
\xd8\xa8\xdb\xa9\x91w6\x0aZ\xe4\xac\xb1\xc5%\xfe\xe8\
\xd4\x892\x9f\xb6\xc8?\xce\x1e\x17\xbd\x17(\xa3\xbc\xc2\
\x19\x10j-j\x88\xb6\xbf\x09\xd8\x98\xdbV\xe0q\xc1\
\xbd1w,[\xa7\xbe\x1d\xba\x08\xdbs|z4\xcf\
\x9fO\x1e\xfd\xec;\x18\xc1\xa7\x07\xfd \xf5\xdc\x0e7\
\xcd\xc1\x1a@\xa3\x0e\x0d\x8e\x18@\xff\x99\x88q\x80*\
'\xdf\x13{\xec[<\xf0\x02\xeez\x90\xf6,\x9f\x09\
\xe6K\x89i\x18\x12\xdf\xb5\x1d\xc8A\xda\x81H\xd5\xb1\
A\x0a\xd2.|?\x11\x07K[nSv\xec\x10i\
\xc9\xa6,\xa4\x85\xfe\xba\x96\x90\x01\x96\x87\xb4gy.\
\xc3\xf2\xba\xee\xdf\x8e\x1a\xd4*IGp\xe1\x0d\xd3\xd7\
\xed\xbc\x80(Es@!\xe0\x87\xb2\x86\xf2\x18\x95i\
\x94\xd7\x03\xdaVG\x14\x03\x12\xd8\xa4\xaa\xe3\xe5\x90\x06\
\xc1A\x08\x9e5\xdd\xacn\xb34Wm$2\x90\x99\
G\xab4\xdb\x87\xbf\xc0\xd8\xdf\xd2N\xd7\xb4)\xbeV\
q\x1f77\x12\xb5\xda\xd5 \x95@@\x05\x88\xd1\xb9\
(K\x17y\x08\xcb\xb6\xb2n\x08\x09\x04\xadeSF\
\xa3\xe5\x84H\xb1%\x0d'S5`\x8d\xb6\xa1A\xd7\
\xac-\x84\xb0\xa74}\x8f\xde@\x9b\xd2\xdb2\xadA\
\x84\xa27\x0b\xb3\x92\xd6\xb3\xdb$E\xbc`\xcdY]\
\xdeb(\xad\xbb]-\xd3y\x1dv\xd9\xb6\xd9y\xbc\
\x04\xe57\xedN\xd2j\x0d\xee\x10\xd6<Z\xa0\x80\xc5\
\xc6<+\xb6\xe1cZ\xa5\xb3L\xdd\xea\xffi\x86`\
\xefH\xff\x95w<\x9e=\x9ai\x87[\x10\xd3\xe0\xe5\
\xdc\xae\xa2\xf2A\x95\x8d\x8c\xca#\xa8\x84\xce\xa2\xf8\x01\
=v\x9e\x84Q\x0cq\xec&\x03X\x1e\x05\x13\xcf\x05\
\xd4\x0b\xe1$\x1dj\x9f\xc3\x89;=\x9e\xb8l@\x81\
x\xe2\xa2\x05\x05\xa69\x88\x08\x12\x83/\xe1\x1d\x95\x8d\
E'\xcc\xc6\xf6\xd1tg`a`\xf1\xbf\x85\xc5\x8b\
\x81!<\xea\x0d\x81\xb1\x22\xdc\x1d\x0b\x07L\x1eb(\
\xdb\xf5=\x8c7)\x04\x02\x92\x0b\x9d\x14:\xfeDL\
\xc0\xda\x9cqX(\x03AZ\xccv\x05\xe3\x90\xb4\xe1\
\xcb0\x00\xf3\xf1)\x09\xc2\x85J\x88f\xe1B\xbcP\
\x1b\x03\x88\x06Q\xccj=\x0d\x82\xabu4\x00.\x83\
(\x83\xa8\xb7\xe7h\xfa\x95\x97G\xfdSD\xf9c\xe1\
\xa1\xc5w\x81\x9a\x06\x0c>Y\x85\xa8\x14\x00\x030B\
P\xfdD\xb8\xe8\x91\xd7H\x22\xded\x17\xeaa\x06\xc1\
e\xe0a\xe0\xf1V\x1d\x8ep%e\xa7\xf0\x10\xb86\
Ax\xe8u\x0b\x1a=\xb8\x1b\xf0\x06\xda\xe4\x85v'\
\xbc\xfd\x0a\xf0\x1e\x8d\xf3\x00\x97\xc4\x99+}icF\
X\x81\xc3\xa0\xefA\xe3b\x00@\x81\xe4L\x8a\x16@\
\xbe#\x83\xc0\xe0\xc7\xe0\xe7)\xfcH\xdb\xc7\xe1\xff\xba\
\x036\xc6\xa9<\xc3O\xe3^ \x1c\x0b\x1c\x9b\xd9\xfa\
\xe9\x17Df.\x91m8\xf6\x89\x08\x5c\xf8;m\x10\
\x07\x19\xbb\x0d\xed0\xd9\xfe\xd8\xfd\x8f<\xacy\xf4b\
\xc7\xf3\x1d\x8f\xdbf\xb1c\xb0\xf3E\xb1\xf3\x1a\xa1\x99\
G\xc5yp\xf6\xdc\xd8\x0c1\xc4y\x13\x8e\xe1\xc33\
\xbf/\x03i\xf8\x9a\x07d\x06\x1coy\xddb\x1f\xbd\
5\xea\x9e\x05\xd8\x03t\x5c\x05\x07\x9a\xff\xe5u\x8bY\
\xb6\x18t\xbc\x0ft\xf0\xf3\x85\xbd`\xcf\x82\x87\xb0\x0d\
<\x0c<\xde\xf3\xdb\x15\x87\xba\xe7\xefW\x04?\xbc_\
\x09\x8e\xde\xaf\xf8G\xefW<\xf3~\xc5\x00\xe3=>\
\xee\x1a,:\xec\x0b\xae\xc3\xc5\xf7\x8f\xff\xd9wH\x86\
/!\xb5\xf3\x10\xb0\xc0\x12\xbc{\x07C\x9b'c\xac\
\x7f2F5\xab\xe7\x1b\xdc\x18\xdc\xbc}\xdc\xd8\x17\x83\
.\xc1\x9f\x17uq\xcf \xc7 \xe7\xcb#g:Y\
\x9cnV\xeb\xb7\x9e\x8d\x9e\xde\xbe\xe6\x5c\xd8\xbe\xf6\x05\
\xb6\xa3\x99\xcdh\x06\xa3\x7f8F\x19\x9f%I\xf0\xfe\
\x97Kf+\x9a\x01\xc5{\x03\xc5+lE3\x1b\xd1\
\x0c\x9e\x0c\x9e^\xef\x91\xb5\xd9\x86f\xc0a\x9c\xcd\x95\
mhf\x13\x9aA\xcfW\x88\x9e7\xb2\x09\xcdlA\
3\xc8\xf9?D\xce\xab<\xd56\x1b\xd0\x0c4\xccz\
\xe5\xe2\x16\x1b\xb3\xfd\xcc`\xc3`\xe3\xca\xf63\xb3\xf9\
\xcc\x80\xc3\x80\xe3\xd2\xe63\xb3\xf5\xcc\xc0\xc2<\xe2\xba\
\xb2\x85\xc6l<3\xa81\xa8\xf9\xfd\x1b\xcf\xcc\xb63\
\x83\x9b7\x8e\x9b\xc3\xb6\xb3\xeb'\xcf\xe9\xebp\xb0\x9c\
\x8f\x9f+\x07\xcba\xd7a\xf0\xc3\xd9\xa6\xae\x8fi\xff\
*\xd2<\xd4\xa7\xce\x9d\x1d,\xf7\xfc3\xe9\x86G\xd0\
\x05c\xcfr\xb4\xd5;dI|\xf2\x09\xd6\xf8\x10\xae\
5\xe7\xccY\xb6V\x08\xbe\x85\xb1\x02\x06\x1f\x8e|\xae\
\xf9\xbf\x0d\xcev\xc3n\xfb\x8ex\xf6\xd9s\xcf8\xa9\
o\xa8\xaf\x16\x99/\xd5\xd7\x0b\x8f\xec\xfb\x99\xc0\x1cd\
[>\x87\x8f 0\xe3p\x89\x14\x88|\x1b\xd2\x05\x9d\
\xd8\xbfS'\xda\x94\xa6x\xd6\xe8\xfd\x87\x7f\x03\xbb\x92\
\xfa\xa3\
\x00\x00\x07\x0e\
\x00\
\x00 Ux\xda\xedYY\x8f\xdb8\x12~\xcf\xaf\x10\
\x94\x97\x04cR<\xc4K\xb1{\xb0@0\xc0\x00;\
/\xb3\xb3\x98gY\xa2\xdd\xda\x96%C\x92\xdbv~\
\xfd\x16e\xeb\xf0\xd5\xe9d\xba'\xc0\xa0e4\xdc\xac\
*\x92u}U\xa4<\xfdy\xb7\xca\xbdG[\xd5Y\
Y\xcc|\x8a\x89\xef\xd9\x22)\xd3\xacX\xce\xfc\xff\xfe\
\xf1\x0b\xd2\xbeW7q\x91\xc6yY\xd8\x99_\x94\xfe\
\xcfw\xef\xa6\xf5\xe3\xf2\x9d\xe7y0\xb9\xa8\xa34\x99\
\xf9\xf7M\xb3\x8e\x82`\xbd\xa9r\x5cV\xcb M\x02\
\x9b\xdb\x95-\x9a:\xa0\x98\x06\xfe \x9e\x0c\xe2Ie\
\xe3&{\xb4I\xb9Z\x95E\xdd\xce,\xea\xf7#\xe1\
*]\xf4\xd2\xdb\xed\x16oy+D\x8d1\x01a\x01\
c\x08$P\xbd/\x9ax\x87N\xa7\x82\x8e\xd7\xa62\
BH\x00\xbcA\xf2yRQ\x0d^Y\xc3_/\xde\
\x11p]n\xaa\xc4.`\x9e\xc5\x85m\x82\xcf\x7f|\
\xee\x99\x88\xe0\xb4IG\xcbd\xc5C\x9d\xc4k{\xb2\
kG<x ^\xd9z\x1d'\xb6\x0e:z;\x7f\
\x9b\xa5\xcd\xfd\xcc\xe7!\xa6\x1c\x1e\xd1\x12\xefm\xb6\xbc\
o\xce\xa9Y:\xf3A{f\xf4a<\x8a0=\x08\
\x1c\x17\x8e\xc6\xb1\xc7\xcc\xfb`\xb5L\xb4\x22Z\x99\x89\
\xc7\x08\xa3\x88PD\xc5\xc7vRgS\x94\x96\x89S\
\x12L\xb0\xf9\x1awn\xea\xd7\xb4\xbbuY5h\x97\
\xae\xc1YR]e\xee;\xe6\x1dp\xa7\xa9]\xd4N\
\xea\xa0\xb9\x1b\x81\xea\xca\xf7\x82\x96\xdb\xef\xeb6M\x1f\
3\xbb\x1dd\xe7q}\xf0\x8e\xe7\xad\xe3%dR^\
V3\xff\xfd\xa2}\x8e\x8cyY\xa5\xb6\xeaX\xb2}\
NX%x;k\xf6\x07\x00\x1c\xd7\xee\xf4u\xab\xf6\
|r\x9d_\xdf\xc7i\xb9\x9d\xf9\xec\x9c\xf9\xa5,W\
\x10\x1bl\x84!\x8c\xe8sv\xb2s[2j\x18Q\
\xfc\x82\x09\xfbq\x82\x8d\x82(\x88\x0b\xe6\xa6\xaa\x00\x5c\
(\x8f\xf7\x16\x8cj\xbf\xe8Q\xa8\xbe/\xb7\xcb\xca9\
\xa7\xa96\xf6|\xa6\xe3\xa0\xf9\xbc\xdc]gCh7\
\x0e\xb6hSd\x0d@c\xbd\x1b\xaf\xba\xc9R[_\
\x9f\xb8\xcd\x0a\xf0\x01:&)\xe5\xbd\x8b\xcf%\xba\x8c\
U\xe4\x96\x04\xa8Fn\xb0\xf6\xb7Y\xabx\x97\xad\xb2\
/\x16\xec\xa6\xe7\x22u\x11\xaf\xd12/\xe7q\xfe\x15\
\xb3\xab\xb2\x81\x92\xe4\x00A\xda\xd4\x84\xf4;q\xdda\
\x9e\xe75{\x07\xe1\xdd\xde\xd1\xfc\x8e\xe8|\xee\x08\x5c\
I\xd1\x13\xcb*[f\xc5\xc8\xa6\x8e\xb4\x1f\x93\x1c\xe0\
\xa1\xe8\xb6\x09A\xda\x0cU\xe7\xbc\xfd\x98w\x84Fp\
\x89\x8d\x96\xbe\xb2M\x9c\xc6M<\x00\xa5\xa30cz\
\xcb\xa0vF\xbf\x7f\xfe\xe5\xee\xb8\xd14I\xa2?\xcb\
\xea\xa1\xdb\xd7\xf3\x9c@</7\x10.\xff\xae'O\
\xd3$\x82j\xb7\x8a\x9b\xbbl\x05\xe9\xef\x0a\xe5OP\
\xdd\xa6\xc1\xc08\x11v\xce\x1a\x16=,[\xd9C\xd9\
\xbc\xda;\xd2d\x95\xb9I\xc1\x7f\x9a,\xcf\x7fu\x9b\
\x1c-\x1e-\x9a5\xb9\x1d\x88\xd3\xe0\xa8\xfd\xd1\xb6`\
d\xdc4\xe8\xacoG\xcb\xc1+'\xc0\xe9\x03\x9d\xc7\
s\x0b\x89\xf2o\xc7\xf4\xe8%\x82\xca\xcdzU\xa6\xf6\
8\xbd\xf3f\x92UI\xde\xdbY7\xfb\x1c$\xda\xaa\
\x13\xbd'\xed\xf3)\xcd\xea5\xcc\x81&\x90g\x85\xfd\
TB\xf5]\xe4\xe56z\xcc\xeal\x9e\xdbO\xedw\
\x96\x83\xed=i\x01\x0e\x88\xde/\xa4\xfb\xb4\x03t\xac\
F\x11=\x0c\xabMn\xa3\xa2,\xbe@\x1d\xfbT7\
U\xf9`\xdd~21\xe9qx\x00eD\xba\xa1\xdb\
\x1b,\x89\xe6\x9b\xa6\x19\xd3\xfeWfE\x04\x8e\xb7U\
Gm\x079\xc0\xaa\x898\x16\x1d5\x8d\xa1\xe0U\x15\
\xd8\x01\xdb\xda1\xb5\x5c,j\xdbD\x0ck\xce4\xa1\
Bw\xccA\xe7U\x5c=\xd8\xea0\xd3\x161\x98\x88\
\xe6q\xf2\xe0\x9cZ\xa4Q\x9c\x00\x0e7y\xdc\xd8\x13\
P\xad\xe3\xe6\x9e3azb[9\xd5\x01\x0dz\xa0\
:\x88\xc8~X\xb5\xa3.E\xba\xb0\x1fa\xca\x09\xa5\
\xfeY\xb0:\xef\x85F\x86r~\xa1{\x0f\x81\xa9\xd3\
gH\xe8>3\x9a*.j\x07\x00\x94@-\xb1\x95\
+W\x0cK\xa6\x8d\x09\xfd\xe7\xc8\x83U\x88b\xa5\x8c\
\x1a\x1b;\xea\xbc\xe5\xda\x16'\x15\xec\x84k\x8b\xd4\xf5\
(M\x85\x12F\xe8k\x22p\x98\xab\x9aq\xe1\x81R\
\xd6i1\xf3\xdb\xeag?\xc8\x10\xd6\x80\x12N?\x8e\
\xc4`\xe9\xdf<.\xb0\x90\x9aN\x90\xc6\xa1\xe2\x9aQ\
\xe9\xfd\xcb\xa3\x1c\xeb\xb6*M\xba\xff\xb4G\xe0C=\
\x0e\xdd\x8d\x84\xa1\x0a'\x14\xdc\x10\x0a\xa6\xd55\xa5*\
\x17\xb7n\xeaU\x81\xdd pu\x05\x17\xf9A\xa7\xab\
\x12\xb0\x04\x03\xdf\x12\x1ar>\x0eF\x97^\x80O\xc4\
\xd08N/\x0a\xe1\x11T\xce\x13\xec\x00O\x81M\xa8\
41\xea/\xc14\xfc\x06\x90\x1a-\x09\x0f\xb5z\x01\
\x90\x8e\x1c}\xe8\x8cq\x95\x8c*\xf6\x19`\xfe\xe6t\
F\x90\xcb\x98\x85\x8c\x88\x8b|\x86\x9c\x11\xc4\x18E\xe5\
\xc4`J\xa1d\x09z5\xa3\xd51\xa3\x11\x85\xe2\xa6\
\xb80zB\x0d$\xb7\x16D|-\xa5\xd5w\xa7t\
\xaf\xd3\xad\x8cF\x8ca8mH\xaeo\xa74E\xfa\
-\xa9_?\xa9\x9f\xec\x02p\x0dd\x86(E\xb9z\
v#`\xd0\x08\xa0X\xa9\x1f\xd8\x08\x00\x1d4\x04\xb5\
\xcde#\x00\xed\xa0#+\xe9\x10\x22\x01@\xfcI\xd8\
0\x8d\xb9\xd4FL\x18\xc7\xca\x88P\xbf\x1ef:}\
nA\x86jX@\x18\xfaD\x0f@\xf4\x0d0\xff\xc0\
.\xa0\x18&\x02n\xda\x97]@`\x0eUT35\
A4\xc4\xdc\x08\xa1\xcd\x93\x07\x1bd\xdcI\x82\x13\xad\
'(\x04h+\xc6\xb5|\xc5\xa3M\xaf\xd5\xcdF\xd0\
v\xa3\x90\x8b'\xfb\xc0\xdb\xf1\xe6\xc7w\x02\x86\x85f\
\xfc\xf4$\xfc\xb5\x1b\x01\x81\x83\xad\xe2?\xb0\x11 \xc1\
qHMH\xd9\x05x(,\x0f\xf70\xa5\x5cm\x97\
 \xa1\x9f>AI\x1c\x86\x1cp(&\x1cz\x017\
\x92\xd3\xd7k\x06\xbdJ7q\xc3\xa1&\x18c\x08{\
\xb2\x1f \xf6\x06\x9c\x7f\x5cG\x80\xbc\xc0\x82)\xaa\xce\
rz\xe5QHR%(\xe1\x13\xe4\x0e,\xa1\x843\
\xb8\x17?\xd5\x0f\xa0>K.\x19\x1c\x87\x08&Fs\
A_\xb1\x1b\xf4:\xdd\xbc\xe8bI44\x03\xf3\x95\
n\x80\xcc[Z\xbfxZO\x83\xe5\xf1\x1f\x9b\xe7\xd9\
\xba~\xa5W\x82\x840\x1e&\xcf\x7f%h\x85\xfb\x9c\
\x06\x81\xc2\xb9G(\xcaB\xfe7E\x81\xbc\xe0\x0bA\
\xb8\x833\xc4O_\x09J\xacM\x182~\xf6J\x10\
\xc3y\x9f\x8d\xde\xc9;\x98)\x1c:\x94\x89A\xd6\xa1\
S\xe2\xc3\xefCb\x08\xe7\xf5(^f\xf95\x07\xc3\
\xb5\x8f0B\xb5\xd2\xdf\xee\xb6\xe1\xbd\xe3\xb9\xe5\x12\x0e\
zH\x9e[.4\xe7\xa3w\x9a\xb7-\x87\xab\x9bq\
\x8f8\xb3\xdc\x1d\x81)\xbdm\xf9h{\x81\x94\xff\x9d\
\x0eq/^\x05\xd5\xf4%\x1c2\x8e\xf9s,\x97\x98\
\xb9\x87\x86\xdfh\xf9\xa8w\xac\xe2\xa6\xcav\x1f\xa0\xca\
\x13\xc9\x95\xd0jB\xb0s\xa62\xd2\xdd\x1e&\xc4}\
>^\x0b\x99B\xc2\xff\xee$\xd2pkf/\xe82\
p\x8e\x1c\x9dy\x0e\x97\x0c\x89\x9d#Cy\x96-\xd0\
K\xd4\xe8\xe6\xe1\x5c\xa60\xa4\x1a\x11\x92\xf6?DA\
\xcd\x9b\xba\x1f\x82\xee\xde\xfd\x1f\x98zp\xee\
\x00\x00\x12*\
<\
?xml version=\x221.\
0\x22 encoding=\x22UTF\
-8\x22 standalone=\x22\
no\x22?>\x0a<!-- Creat\
ed with Inkscape\
 (http://www.ink\
scape.org/) -->\x0a\
\x0a<svg\x0a   xmlns:d\
c=\x22http://purl.o\
rg/dc/elements/1\
.1/\x22\x0a   xmlns:cc\
=\x22http://creativ\
ecommons.org/ns#\
\x22\x0a   xmlns:rdf=\x22\
http://www.w3.or\
g/1999/02/22-rdf\
-syntax-ns#\x22\x0a   \
xmlns:svg=\x22http:\
//www.w3.org/200\
0/svg\x22\x0a   xmlns=\
\x22http://www.w3.o\
rg/2000/svg\x22\x0a   \
xmlns:sodipodi=\x22\
http://sodipodi.\
sourceforge.net/\
DTD/sodipodi-0.d\
td\x22\x0a   xmlns:ink\
scape=\x22http://ww\
w.inkscape.org/n\
amespaces/inksca\
pe\x22\x0a   width=\x2234\
.133335\x22\x0a   heig\
ht=\x2234.133335\x22\x0a \
  id=\x22svg2985\x22\x0a \
  version=\x221.1\x22\x0a\
   inkscape:vers\
ion=\x220.92.4 (5da\
689c313, 2019-01\
-14)\x22\x0a   sodipod\
i:docname=\x22semia\
utomaticclassifi\
cationplugin_red\
o_save_roi.svg\x22\x0a\
   inkscape:expo\
rt-xdpi=\x2267\x22\x0a   \
inkscape:export-\
ydpi=\x2267\x22>\x0a  <de\
fs\x0a     id=\x22defs\
2987\x22 />\x0a  <sodi\
podi:namedview\x0a \
    id=\x22base\x22\x0a  \
   pagecolor=\x22#f\
fffff\x22\x0a     bord\
ercolor=\x22#666666\
\x22\x0a     borderopa\
city=\x221.0\x22\x0a     \
inkscape:pageopa\
city=\x220.0\x22\x0a     \
inkscape:pagesha\
dow=\x222\x22\x0a     ink\
scape:zoom=\x2211.1\
97802\x22\x0a     inks\
cape:cx=\x22-6.3803\
101\x22\x0a     inksca\
pe:cy=\x2216.104989\
\x22\x0a     inkscape:\
current-layer=\x22l\
ayer1\x22\x0a     show\
grid=\x22true\x22\x0a    \
 inkscape:grid-b\
box=\x22true\x22\x0a     \
inkscape:documen\
t-units=\x22px\x22\x0a   \
  showguides=\x22tr\
ue\x22\x0a     inkscap\
e:snap-global=\x22t\
rue\x22\x0a     inksca\
pe:window-width=\
\x221366\x22\x0a     inks\
cape:window-heig\
ht=\x22707\x22\x0a     in\
kscape:window-x=\
\x220\x22\x0a     inkscap\
e:window-y=\x220\x22\x0a \
    inkscape:win\
dow-maximized=\x221\
\x22>\x0a    <inkscape\
:grid\x0a       typ\
e=\x22xygrid\x22\x0a     \
  id=\x22grid2997\x22\x0a\
       originx=\x22\
0\x22\x0a       origin\
y=\x220\x22\x0a       spa\
cingx=\x221.0666667\
\x22\x0a       spacing\
y=\x221.0666667\x22 />\
\x0a  </sodipodi:na\
medview>\x0a  <meta\
data\x0a     id=\x22me\
tadata2990\x22>\x0a   \
 <rdf:RDF>\x0a     \
 <cc:Work\x0a      \
   rdf:about=\x22\x22>\
\x0a        <dc:for\
mat>image/svg+xm\
l</dc:format>\x0a  \
      <dc:type\x0a \
          rdf:re\
source=\x22http://p\
url.org/dc/dcmit\
ype/StillImage\x22 \
/>\x0a        <dc:t\
itle />\x0a      </\
cc:Work>\x0a    </r\
df:RDF>\x0a  </meta\
data>\x0a  <g\x0a     \
id=\x22layer1\x22\x0a    \
 inkscape:label=\
\x22Layer 1\x22\x0a     i\
nkscape:groupmod\
e=\x22layer\x22>\x0a    <\
rect\x0a       styl\
e=\x22fill:#e9ab16;\
fill-opacity:1;f\
ill-rule:evenodd\
;stroke:#18d6ff;\
stroke-width:2.2\
4751306;stroke-m\
iterlimit:4;stro\
ke-dasharray:non\
e;stroke-opacity\
:1\x22\x0a       id=\x22r\
ect2999\x22\x0a       \
width=\x2233.066666\
\x22\x0a       height=\
\x2233.066666\x22\x0a    \
   x=\x224.2632566e\
-15\x22\x0a       y=\x22-\
5.2106468e-15\x22\x0a \
      rx=\x225.5080\
481\x22\x0a       ry=\x22\
3.9317079\x22 />\x0a  \
  <path\x0a       s\
tyle=\x22color:#000\
000;font-style:n\
ormal;font-varia\
nt:normal;font-w\
eight:normal;fon\
t-stretch:normal\
;font-size:mediu\
m;line-height:no\
rmal;font-family\
:Sans;-inkscape-\
font-specificati\
on:Sans;text-ind\
ent:0;text-align\
:start;text-deco\
ration:none;text\
-decoration-line\
:none;letter-spa\
cing:normal;word\
-spacing:normal;\
text-transform:n\
one;writing-mode\
:lr-tb;direction\
:ltr;baseline-sh\
ift:baseline;tex\
t-anchor:start;d\
isplay:inline;ov\
erflow:visible;v\
isibility:visibl\
e;fill:#000000;f\
ill-opacity:1;st\
roke:none;stroke\
-width:3.4133334\
2;marker:none;en\
able-background:\
accumulate\x22\x0a    \
   d=\x22M 2.552269\
5,11.695108 C 6.\
9550255,3.310075\
8 13.590065,4.52\
86701 22.292556,\
7.4666667 L 24.2\
93213,1.9410624 \
30.749716,15.902\
7 29.329607,16.4\
97635 16.031771,\
17.068651 19.343\
654,11.514548 C \
13.539655,10.228\
443 7.7337065,8.\
9227392 4.959390\
5,14.206414 c -2\
.524613,2.282428\
 -3.99238403,1.7\
34392 -2.407126,\
-2.5113 z\x22\x0a     \
  id=\x22path2988-7\
-0\x22\x0a       inksc\
ape:connector-cu\
rvature=\x220\x22\x0a    \
   sodipodi:node\
types=\x22ccccccccc\
\x22 />\x0a    <path\x0a \
      style=\x22col\
or:#000000;font-\
style:normal;fon\
t-variant:normal\
;font-weight:nor\
mal;font-stretch\
:normal;font-siz\
e:medium;line-he\
ight:normal;font\
-family:Sans;-in\
kscape-font-spec\
ification:Sans;t\
ext-indent:0;tex\
t-align:start;te\
xt-decoration:no\
ne;text-decorati\
on-line:none;let\
ter-spacing:norm\
al;word-spacing:\
normal;text-tran\
sform:none;writi\
ng-mode:lr-tb;di\
rection:ltr;base\
line-shift:basel\
ine;text-anchor:\
start;display:in\
line;overflow:vi\
sible;visibility\
:visible;fill:#0\
000ff;fill-opaci\
ty:1;stroke:none\
;stroke-width:3.\
41333342;marker:\
none;enable-back\
ground:accumulat\
e\x22\x0a       d=\x22M 2\
.8671875,9.38091\
41 C 7.2699415,0\
.99588107 13.904\
982,2.2144756 22\
.607474,5.152472\
2 L 24.60813,-0.\
37313269 31.0646\
33,13.588505 29.\
644522,14.183442\
 16.346689,14.75\
4458 19.658571,9\
.2003541 C 13.85\
4572,7.9142496 8\
.0486245,6.60854\
45 5.2743085,11.\
892218 2.7496965\
,14.174646 1.281\
9255,13.62661 2.\
8671815,9.380918\
4 Z\x22\x0a       id=\x22\
path2988-7\x22\x0a    \
   inkscape:conn\
ector-curvature=\
\x220\x22\x0a       sodip\
odi:nodetypes=\x22c\
cccccccc\x22 />\x0a   \
 <rect\x0a       st\
yle=\x22fill:#00800\
0;fill-opacity:1\
;fill-rule:eveno\
dd;stroke:#fffff\
f;stroke-width:1\
.12;stroke-linec\
ap:square;stroke\
-linejoin:miter;\
stroke-miterlimi\
t:4;stroke-dasha\
rray:none;stroke\
-dashoffset:0;st\
roke-opacity:1\x22\x0a\
       id=\x22rect3\
010\x22\x0a       widt\
h=\x2214.933333\x22\x0a  \
     height=\x2214.\
933333\x22\x0a       x\
=\x2218.133333\x22\x0a   \
    y=\x2219.200001\
\x22\x0a       ry=\x222.8\
444445\x22 />\x0a  </g\
>\x0a</svg>\x0a\
\x00\x00\x08\xc8\
\x00\
\x00V\xfdx\xda\xe5\x5c[\x8f\xab8\x12~\xef_\xc1\
\xe6\xbc\xecjbbl\x88\x81N\xf7<\xcc\xd1hF\
\xday\xd9\x99\xdd\x95\xf6e\xe4\x80\x93\xa0\xe6\x12\x19\xa7\
\x93\x9c_\xbfen\x09\x09g\xb5\x12 \xa1\x04\xa9\x95\
\xa6\xaal\x97?\x97\xed/\x05\xf1\xea\xc7S\x12\x1b\x9f\
B\xe6Q\x96\xbe\xcd,\x13\xcf\x0c\x91\x06Y\x18\xa5\xdb\
\xb7\xd9?\xff\xf8\x19\xb93#W<\x0dy\x9c\xa5\xe2\
m\x96f\xb3\x1f\xdf_V\x7fA\xc8\xf8I\x0a\xaeD\
h\x1c#\xb53~M?\xf2\x80\xef\x85\xf1\xd7\x9dR\
{\x7f\xb18\x1e\x8ffT\x09\xcdLn\x17\x7f3\x10\
z\x7fyY\xe5\x9f\xdb\x17\xc30\xa0\xdd4\xf7\xc3\xe0\
mV\x15\xd8\x1fd\x5c\x18\x86\xc1B\xc4\x22\x11\xa9\xca\
\x17\x96i-f\x17\xf3\xe0b\x1e\xe8\xd6\xa3O\x11d\
I\x92\xa5yQ2\xcd\xbf\x5c\x19\xcbp\xd3Xko\
\x8e\xb40\xb2<\xcf[`\xb2 \x04\x81\x05\xca\xcf\xa9\
\xe2'\xd4.\x0a>v\x15%\x18\xe3\x05\xe8.\x96\xff\
\x9f\x95\x9f\x03\xa0{\xf8k\xcck\x81\x99g\x07\x19\x88\
\x0d\x94\x13f*\xd4\xe2\xeb\x1f_\x1b%\xc2f\xa8\xc2\
\xabjj<[\xad\xb6@Ny\x22\xf2=\x0fD\xbe\
\xa8\xe5E\xf9c\x14\xaa\xdd\xdb\x8c\xda\xa6E\xe1r\x0a\
\xe1ND\xdb\x9d\xba\x95F\xe1\xdb\x0c\xbc'\x9e[\xde\
_\x05\x87U\x1aT\x15\xfb\x8d\x06\x9b\x1e1-CZ\
\x0ee\xa5M\xdd\x05?\xcc\x02\xed\x13T)\x92\x88\x1f\
T\x96\xc0\xa8\x05A\xcc\xf3<\xdaD\x01\xdcd\xe9>\
>l\xa3\xf4\xcf\xbd\x14\x9f\x918\xfe)E\x98\x995\
~Mc\xe2\xb4\xcf\xa4B\xa7p\x0f(.Y\xa7\xf2\
\x5c+\xdfA\xbb\x0a\xc5&\xd7Ve\x97\xf4\x1d\xf4\x89\
\xcd\x8cE\xa1m<\xd4\xee\x85\xba\xe1\x8b\xed\x9a\xe7%\
l\x86\xb1\xe7[\x08\xb18\x93o\xb3/\x9b\xe2\xaa\x14\
\xebL\x86B\xd6\xaaeq\xb5T\x19\x0cC\xa4\xce\xe5\
\xa4\xaa\xea\xae\xfd\xd5\xb56z\xdc\xad\xcfw<\xcc\x8e\
o3r\xab\xfc\x96e\xc9\xdb\x8c\x99\x9e\xe5b\xdbb\
\xb7\xea\xe0\xf46C\x94\x9a\x84b\xe6\xd0;\xadv\xc8\
6)s)\xb9\xab98H\x09\xd3\x0e\xc5\xfc,\xa0\
W\xc5\x87U\x19\xe5\xbb\xec\xb8\x95\x1a\x1d%\x0f\xe2\xb6\
\xa4\xd6\xa0\xf5:;u\xab!\x0a\x0ezB\xa3C\x1a\
)\x984\xfb\xd3u\xad\x87(\x14yw\xc1<\xe5{\
\xb4\x8d\xb35\x8f\xbb\x0d\x8eQ\x0a(\xa1*\xbe-\xda\
\x0c\xc2\xadE\x1d\xec\x0c\xbb\xdf\xb1\x00\xdf\xf1wT\xe7\
\xef\xab\x12~\x8a\x92\xe8\x9b\x00`\xac\x22\xee \xb6Z\
\xb0\x94\xc5\x0cC\x9d\xf5\xc4=\x9d\xb5lV\x0b5\x9e\
Z@<\x8f5\xc2LF0\x1f\xae\xdc\xa9E\xe7k\
\x91\x9e\xe6\xb0J\x9f\x8a\x00+\xc2\x8f\xdd\xea\xce\xd7\xba\
*\xee\x17\xf7\x81_\xc8\x13\xa1x\xc8\x15\xbf\xcc\x82Z\
\x02\xbe\xe1\xbag\xb0b\xfa\xff\xf8\xfa\xf3{\xd5\xd0*\
\x08\xfc\x7fg\xf2\xa3n\xd70\xb4\x01_g\x07@z\
\xf6\xde\x88Wa\xe0\xc3\x1a\x07s\xff=J \xb6\xf5\
\xf2\xf8\x03\xaci\xab\xc5E\xd12\xd6`]*-\xab\
\x95\xa2\x5c,;w\x8c0H\x22]h\xf1\xbb\x8a\xe2\
\xf8W\xddH\xd5\xe3\xabJ#\x15\x8b\x8bp\xb5\xa8\xbc\
\xaf\xfa\xb6\xb8\xea\xdcjQ\xf7\xbe\xb8\xdb^PiM\
\x8af\xa0c\xbe\x16\x10\xa1\x7f\xd7J\xc3\xba\x9f\x1d\xd9\
a\x9fd\xa1\xa8\x8a7h\x8a@5C\xa6\xce1\xe8\
7\xe0\xbd\xff\x05\xe3 \xd8l^\xf5\x0d\xaa\xd6\x09\xdf\
*o\xe5!\x86\xf5\xeeS\xa4Y\x18\xbe\xe6Jf\x1f\
\xc2\xafV\xa6\xea\xb6\x9c\x0c>\xaeo\x01\x18!c\x08\
R\xe5\xdb\xb5,\xe4\xb0\xbcH\xc9\xcf~\x0a\xdbz-\
m\x9aj\xc5\xa7\xf6\xd2q\xa9\xd7\x08\xab\xc9f\x9b\xa4\
\x08\xad\x8b\xa2\x9ec\xf7\x9aV0\x9f\xbb,d\xcbD\
\x16\xa1k\x13}\xd1f \xff\x17`\x9c\x87\xf6\xc4\x00\
CVO\xc8\xee\x85\xa3@\xb7\x5c\xbaxr\xd0!\xb7\
'x\xae\xe9hRC\xddq\xc1\xb3m\xc7\x99\x1ex\
\xb8'x\x161G\xc5m\xb3!\x9c\xf0\xc9\xe1F\xfb\
\xc2\xc6\xca\xed\xf6\x19\xb1C\xac'x\xc42\x8b\x09k\
?#x.r\xfa\xc2\xe7\x98\xcbgD\x0e\xa3\xbe\xb3\
\x96x\xa6\xdb\xe6\xcf\xcf\xc3P\x90=\x06G\xc1\x8f\xce\
MzS\xbbNv\x82\x1f\x9d\x95\xf4\xde#ny\x09\
\x1elq\xf3\xbc\x09\x22F\xd1r\x0cF\xf2\xe0\xa8!\
\x86\xc8\x18\x5c\xe4\xd1a\x03\x0e\x82\xbc\x81Y\xc8pK\
\xda\x043\x22\xbd\xbf\xa3\xb6r\x22\xad\xb5\xed1\xc9\x86\
\xeb\x8e\xc16\x06\x05n\xaa\x84\xc3\x1b\x83p\x0c\x8a\xdc\
T9\xc7r`\xce1 h.\xd6\xd7\x04i\x07\x19\
\x83v<>p\xc0<\xe8\x18\xcc\xe3\x09\x90\xd3\xe4\xc3\
\x1d\x98|<\x01l\x18\xd1\xfe\x89\xb7\xae\xfc\xc7\xa0[\
\xc3\x14\xb9\x1b\xee\x9d\xfah\xb1\xb7\xfb\xfd\xf5A\xf3E\
\xbd\xf7\x86N\x0e7<|\x93\xcd\x1c\xf5\xce\xf4vR\
\xb9\xe1\x01\x9cl\x0e\xa97\x17\xbeetCc\x17\xda\
\x13\xa5u\xcbq\x88\xdd\x93\xe0\xa7\xf3J\xe3<\xe5z\
\x16\x00\x8b\x0cS\xef\x87\xd3\xb74\xefY\xd0\xd3\x5c\x8f\
\xf4~\xf2\xd0\xc9\xf6\x86\x86Po\xbe\xd3\x83\x10\xd3!\
\x19\xdf\xfdL~D\xcc\xac\xde\xf9\x93N\xbe\xf7,\xe0\
\xb9\xbd7\x8cN\xb6\xf7,\xf0\xe1\xde9\x81[\xae7\
4r\x18\xc3\xd0L2\x85\xc7\xc6\xa0z\xc3\xc3g\xdb\
|\x8a/3\xf5\x7f\x1f\xa7\x8b\xe8\x0d\x0d\x1f\xe1l3\
\xbd\xd4JI\xf4\xe8\xc04oh\xec\x5c\xc6y(&\
\x9a\xd2\x1b\xe5\x9d\xa6\xa1\x11\xd4\x19\x82\x09\xb2\xbc\xde[\
n\xfb\xb1\xec\xdd2\xf8\x88\xa0\xe9\xc4\xde(D\xefY\
\xe0+\x12{\xa3d\xf6\x9e\x05A\x9d\xd9\xb3\x87~V\
;0v\x93e{\xcb\xde|\xa5\xfb\x91\xed\xe0\xf8M\
\x95\xee\x91\xde\xcb_\xf7\x93\xdb\x81\x01\x9c2\xe1\xf3\x06\
\xa7|C\xa37e\xcaG\xfa\xe7E;\x9f\xe3\x0e\x0c\
\xe1:\x08\xa93\xc5\x00t\xc7\xf9\xb9\xdd=\xa8\x0f\x8a\
\x1fL\xdfqRUO\x02 \x86=x\xe8W\xcd\x86\
\xc6n\xba\xc9\xaaq\xe8\xcb\xf0\xf8M\x95\xbe\xd0\xde\xd4\
\xb9;_50\x80S\xa6/\xc3\xff\x04oh\xf4\x5c\
\x97\xf3)\xe6[\xec\xde[o\xfb\xc1\xda5\x8c\x8f\x88\
X\xf1\x16U\xef\xdd\xb6\x9b\xae<>vE\xa6\xa57\
Y\xee\xe6*\x8f\x8f^\xf1\xfeT\xef/jwDe\
8\xe0&\x9cb\xe9\xff\x15\xad\x9b\xa5\x0c\x09\xdet\xf3\
+l\x9cw\xa7\x06Do\xda\xc9\x15<\xf8\x8bSC\
.w\x93\xce\xacX\xe3\xbc55\x1c~W}\xd2\x93\
\xb8x\xff\xac\x85\x0d1-\xe6`\x8b\xb8tH\x90\x88\
\xe7\xdd\xbdKK\xc9\x1d\x22W\xa2\xce\xe3\xc6\xce]B\
\x8d\x87\x03\xf3\x15\xd3\xeb3\x14\xc0\x94\x9a.\xb6]\xe6\
:\x17X\xf6\x5c\xedn`)N\xd6k\xb0\xd8d\xa9\
B\x85\x06z&\x13\x1e\x97\x92O.#\x9e\xaa\x96\xec\
X8\xdd\x12\x01\x0eB\x05\xbb\xb6,\xfa&\xfcD\x84\
\xd1!y\x8d\xa3TT\x07\xc4\xb5l6<\x89\xe2\xb3\
\xff;O\xf3WT\x9f\xe6\x85\xca\xe2{\x114\x07\x18\
\x96\x16J\x9c\x14X\x85\x02\x1c\xc2\xe5\x1d\x8f\xa3m\xea\
\xe7\x8aKU\x0aB\x11d\xb2,S\x8c\xd0\x8d\x10i\
OJM,\x14\x8c/\xaaNr\xab\xdd:f2\xbc\
\x95\x15u(\x09.\xe8\x93\xd4\xca\xd2G\x19)0A\
\xfa\xd01?\x96H\xad_\xc3H\x8f\xb8n9V\xf2\
U\x1fqXt;\xdfE\x1b\xe5\xd7\xb7\x95\xdbi\xb0\
\x03\xf0K\xbf\xc3(\xdf\xc7\x10QQZ\x18d\x9fB\
n\xe2\xec\xe8\x7fFy\xb4\x8e\xc5k\xf1\x19\xc5:\xc0\
jQ\xfd3\xe7M\xc7jZ\x05\xf9u|\x96\x11N\
M\xbb8\x85\xd2&\xaf\x09\x97\x1fB\x966\x22\xe5P\
%Z\xf3\xe0C\x1f\xa3\x96\x86>\x0f\x82Cr\x88\xb9\
\x12MXA8\xfff\xb8s\xcf,\xcfad\xc6O\
\x06D\x99ec\x0b\xb3\xb9e\x9b.[2\xcf1l\
\xd3\xa6\xc4\xf5@F\x88\xb9\xb4m\xe6\xd9\x86g\xdas\
R\xed\xca\xcc\xd0G#.\x99\x85\xbd9\x85\xd9\xeb\xba\
\x8em\xc0\xa6\xe3\xd9\x8c\xdatN1\xd4\xa9\xe7\xa0A\
\x96\xe5\x89\x99d\xae\x97\x00#\x80\x9a-\xd7\xf1\xbc9\
rLR\x9aP\xd3\x81\x8a\xac9\x02\xaa\xe41\xd7\x22\
\xcc@P%\xdc3\xd36b\x83\xce\x11)\x97\x14h\
\xf6\x17\xa3&\x06K\xe3_\xc6\xb240\xc9\xbc&\xa9\
\x06\xa9z6G\xd4d\xd0\x1e1)\xf3(&s\xb0\
b\x8c\x11\x0f\xcc-\xf0\xdbq\xa1\x8c\xe7`X\xc1\x0c\
\x5c\x16\xb6\xe7\xe0\x01)\xfe3\xa04\xb6\xb5\xa7P\x8e\
\xb9K\xcc@\xe4\x9a\x84`f-\xe7\xb0\xeeY\x1e#\
\xe0\xa6e2O_s\x98\xd5e\xfbP\xd0a\x1e\xac\
>\x8e\xf6\xc0r\x97\xd4\x85\xfe\xd8em.\x08\xa1U\
\x8bz\xc4\x81\xd2E\x97\xf5\x10@=D7N\xcb\xff\
\x96\xa6Wu\xf7z\xa4\xfe\xd3Z\x94\xf4B@\xbc\xab\
\x9f\x09_\xce\xa6\xcc\xd2\x14\xe27\x93(8\xc8O\xae\
\x0eR\xb4NClN5\x84\x88\xd7\x07\x01\xe6\xb0\x84\
\xe4yP\x5c\xfa\xb39\xffp\xfb\xfe\xb2\xd2\xe7\x0f\xbe\
\xbf\xfc\x17\xb7\x0d.t\
\x00\x00\x06\xb5\
\x00\
\x00\x1f\xf5x\xda\xddYI\x93\x9bH\x16\xbe\xfbW\x10\
\xaaKw\x8cHr_\xb0T}qt\xf4D\xf4\x5c\
fz9:\x10\xa4T\x8c\x11h\x00\x95$\xff\xfay\
\x09b\xd1Rv\x97-\xbb\xedBQQ\xe2{/\xb7\
\xef\xad\xa0\xd9O\xfbu\xe6=\xda\xb2J\x8b|>!\
\x08O<\x9b\xc7E\x92\xe6\xab\xf9\xe4\xf7\xdf~\xf6\xf5\
\xc4\xab\xea(O\xa2\xac\xc8\xed|\x92\x17\x93\x9f\xee_\
\xcd\xaa\xc7\xd5+\xcf\xf3`p^\x85I<\x9f<\xd4\
\xf5&\x0c\x82\xcd\xb6\xccPQ\xae\x82$\x0elf\xd7\
6\xaf\xab\x80 \x12L\x06\xf5xP\x8fK\x1b\xd5\xe9\
\xa3\x8d\x8b\xf5\xba\xc8\xabfd^\xdd\x8d\x94\xcbd\xd9\
k\xefv;\xb4c\x8d\x121\xc6\x04\x98\x06\x94\xfa\xa0\
\xe1W\x87\xbc\x8e\xf6\xfe\xe9P\xd8\xe3\xb5\xa1\x14c\x1c\
\x80l\xd0\xfckZa\x05\xacl\xe0\xafW\xef\x00T\
\x15\xdb2\xb6K\x18gQn\xeb\xe0\xcdooz\xa1\
\x8fQR'\xa3i\xd2\xfc]\x15G\x1b{\xb2j\x07\
\xb6\x0cDk[m\xa2\xd8VA\x877\xe3wiR\
?\xcc'\x8c#\xc2\xe0\x12\x0d\xf8`\xd3\xd5C}\x8e\
\xa6\xc9|\x02\xbb\xa7F\xb7\xf7#\x0b\x93V\xe18q\
8\xb6=\xa2\xde\x0fV\xcbX+\xac\x95\x99z\x14S\
\xe2c\xe2\x13\xf1c3\xa8;S\x98\x14\xb1\xdb$\xac\
a\xd7i\xb4\xad\x8b5\x981\x8e\xb3\xa8\xaa\xd2e\x1a\
\xc3M\x91o\xb2\xed*\xcd\xdf\xa6\xebMQ\xd6o\xab\
\x8d\x8d\xeb2\xca\xdef\xe9\xa2\x8c\xca\x03\xea\xb8\xed7\
b\xf7N\xd1\xdf'\x1b`X\xaa\xab\xc2C'\xbc\x07\
\xe9,\xb1\xcb\xcai\xb5\xc7uwp^5\xf1\x82F\
\xdao\xd6\xed4yL\xedn\xd0]DUK\xa9\xe7\
m\xa2\x15\xb8_V\x94\xf3\xc9\xdd\xb2\xb9\x8e\x82EQ\
&\xb6\xecD\xb2\xb9ND\x05\x98(\xad\x0fm\xd4\x1c\
\xe7\xee\xf6\xebf\xed\xe5\xf8\xba\xbcz\x88\x92b7\x9f\
\xd0s\xe1\xfb\xa2X\xcf'\x0a\x19\xa21'\xea\x5c\x1c\
\xef\xc1\xdaHha\x884\x17B\xb7\x1f\x8a\x8c\x94\x17\
\xd3\xc6\xdb\xb2\x84x\xf4\xb3\xe8`\xe1H\xcd?rT\
\xaa\x1e\x8a\xdd\xaat\xd4\xd4\xe5\xd6\x9e\x8ft\x12\x7f\xb1\
(\xf6\xd7\xc5\xe0\x0d[\x17\xe9\xfe6Ok\x88\xa6\xcd\
~<\xeb6Mlu}\xe0.\xcd\x81\x01\xff\xe8\xd7\
\x84\xf5\x04\x9fktN\xae\xf0S\x1a\xb05\xfc\x84\xe8\
\xf0\xb4h\x1d\xed\xd3u\xfa\xde\xc2\xb9\xc9\xb9J\x95G\
\x1b\x7f\x95\x15\x8b(\xfb\xc8\xb1\xcb\xa2n<\xde\xads\
\xdf(\xcdN\xa8k\xc7y^}pQ\xbf?8l\
\xd2\x81\x8es\x070%E\x0f\x16e\x0a\xb13:S\
\x07\x1d\xc6\x90\xcb\x11\x90\xa7\xf7\x8d\x076\xfe\xa9\xcee\
\x87\xb1\xec\x18\x18\xc1ed4\xf8\xda\xd6Q\x12\xd5\xd1\
\x10&\x1dB\x8d\xe9O\x06\xe96\xfc\xf7\x9b\x9f\xef\x8f\
\x0b\xcd\xe28\xfc\xb3(\xdfu\xebz\x9eS\x88\x16\xc5\
\x16\xcc5\xb9\xef\xe1Y\x12\x87\x90 !O\xdc\xa7k\
p~\x97[\xff\x01\x09q\x16\x0c\x82\x13eG\xd60\
i;mi\xdbL{\xb5\xdc$\xf1:u\x83\x82\xff\
\xd4i\x96\xfd\xd3-r<\xf1h\xd2\xb4\xce\xec\x00\xce\
\x82\xe3\xee\x8fg\x0bF\x87\x9b\x05\xdd\xe9\x9b\xbb\xd5\xc0\
\xcaI\xe0\xf4\x86\xce\xa2\x85\x05G\xf9\xd5\x09=r\x19\
A\xc5v\xb3.\x12{\x1c\xde\xb3\x09Y\xb17Y}\
\xc8@\xbe\x84\xdd\x87wJ\x9bED_\xbb\x1b\xff\x98\
HB\xd2\xde\x96\xdb\x0c\x12\xe2\xa3\xcd\x8b$y]\xd5\
e\xf1\xce\x86wV\xba\xcf\xf1\xb6\x8d\xa8\x90\x22\xde\x01\
Y\x9a[\xd8HX\xfdo\x1b\x95v\x8c\xfe\xb7H\xf3\
\x10\x98\xb3e\x8767\x19\xc4E\x1d\xf6\xe3\x93\x08\xb2\
UYF\x870\x876`\x8c\x16\xcbee\xeb\x10w\
X\xbf\xd9\x13\x0fw\xe7d\x98\x0c\xbe\xdb\xd52\xda#\
}!\x1b \x17\x00\x08J\x98\xe4L\x0c\xf35>-\
(\xe7\x1c\x0f`\x09\xa8D\xd8\x08\xca4\xed\xed>\xdb\
D\xf5\xc35~G\xa7\x08\xef\xa0\xd4\x0bmO\xb9#\
\xc8P\xa1\xe49\x7f\x8bm]\xdf\x8a\xbdK\xa6\x5c\xc8\
ypb\xa9\xe0\x18bJ%\x92\x94JF<\x8a0\
\xd5\x8c\xb3)t\x13\x00Q\xca<\x8e\xb0\x90R\xab\xa9\
\xcf\x91QpI\x8f!\xa6\xb1PX\xf4j\xb4\xc3\xe8\
T \x01=\x93\xd1\x03B\x90\xe3\x90s\x98J1\xaa\
\xa7\xe0.Zk\xe3\x09\xc4\xb1\x86\xda\x02\x0az\x5c\xf5\
ZK:F9f\xcag#\xbc/1E\x0e<\xd5\
E\xe9C\xb1y\x8c\xeami]\xc2z\xae9\xa4Z\
\xd2o\xc5\x1cPK\x8d\x00\x1e\xc0\x1cP\x919\xd7\x82\
^\x9a\x83\xfe5s\xb0\x0e#\x17\xe6`\x9d9\xc4\x13\
\xe6\x10\x1f3\x87\xaf\xbe\x98=\x92\xe4\xdb\xb1\x07\x07\xbe\
\x98\x04\xca\xa6\x0c#&\x84\x91\xfc\x03\xe1!\xc4\xa5A\
\xc8\x07\xeca.\xec\xf1\xc9\xe1\xe1\x7fB|\xacN\xba\
\x02\x82\xd5\x900\xa1y\xce+W(\x81\x84\xa8.\xd3\
\xfd\x0f\x18A\x0b\xc8\x94\xc0l\x8a\xdd\x07IB\x19\xe6\
\x12\xb6\xca\x10$G\xad\xf4\xd47H\x19E$c?\
\xf6\xc5\xf8\xc4\xea\x1fN\x8bp\x9d\x97\x94\xe6!\xe3\xeb\
\xda\xbd\xb1\xfc\xbf<\x9fr$\xdc\xea|\xca\x04r\x0f\
h\x98z\x7fx\xd2 6<\xf8\x9cZ\x02\x1a\x17\xe9\
\x9f\x08>b\x89\x11-}\x93\x04U\xdb\xf5\x15\xd0\xc3\
\xc6\xf1\xa8\xa3\xf8^i4GO\x9f\xf6\xc4y\xbf\x8c\
\xb8\xbd\xce\xa2\xf6\xd9\xb7\xc7\x22$!#1\xdb\xec\x9f\
\xcf\xe3\x13\xec\xac\x81\x08\x88\x9d\xa6]\x9eJ\xc8!\xad\
\x93\xc5\xde\xd1`\x10i\xd7\xbf^a\x8d)E}\xfc\
,\xef\xbb\x99s\x11%\xf8mi!\xa6\x8d82U\
\x18\x12\xe0\x91\x16\xec\xb2+m\xe8z\xea\xfb5f4\
\xc7\xbe\xa4/\x84\x18\xd6\x96\x01u+b\xb4o^\x06\
3\xec\xc6\x1ec|\xf2\x22\x88\xe9\xb3\xc6\x8dx\xc1\xfe\
\xcb\x08%\xd5&^y+^\xc6\x1d\xf1w\x1dH\xba\
k{n\x95z}\xfc\xd5\x89\xf9\xc2\xb5Zh\xd4\xf8\
\x8e\xf9\xacZM\xff\x86\xd4\xfb\xa5\x89a]\x93\xf79\
\xc4\x90g\xb5\x7f\xdf\x051\x5c\xdf\xa2\xbb\x1b?\xe5\xbd\
\x14b\xe8-B\x89\xbf\xbc\x1c\xc3\xd4-B\xc9|\x92\
\xc7\xcc\x82\xd5G^\xd9\xdc\xb1\x84*.?\xf7\x8d1\
\xe6\xdc\xd0\x9b\xbd\xac!\x1a\xea\xa1\xe4@\x1e\xd8Fq\
\x22\x09p\xe7\x13\x84)\xe1B\x00c\xf0]3-\x94\
\x99b\xa4\x5c\xd52d\x84\x11$\x99\xc0\x5c0x\xcc\
'\x02q\xa3\x0c\x83\x87Ux\x141\xee\x0d)k'\
3\x863\x03m&\xf6\x88{wj\x08g\xb0\x1e\xe4\
=L\xb1\x22\xd7\xc1\xcc\xbdf5\x8a\x18\xd8\x04\xd2Z\
j,\x07\xc4\xef!WfaZ\xf7{\x1a\x13\x0c$\
W\xa6\x1d\x83\xbfxT\x22\xca\x8df\x12\xb6\xcc\x90\xc4\
\x86b\xc9\xdar\x0d\x03\xb0fJR\xcf-@\x14\xa1\
\x1c\xc6\xf6G\xec\x8e\xad\xc7\xe0\xfb\x8b\xb7\xe8\x82q\x0d\
\x15\x9c>\xf3\xe5R\xe3@3\xf7\xab\xcb\xfd\xab\xff\x03\
\xa8\x9a\x0b\xf8\
\x00\x00\x12\x0e\
<\
?xml version=\x221.\
0\x22 encoding=\x22UTF\
-8\x22 standalone=\x22\
no\x22?>\x0a<svg\x0a   xm\
lns:dc=\x22http://p\
url.org/dc/eleme\
nts/1.1/\x22\x0a   xml\
ns:cc=\x22http://cr\
eativecommons.or\
g/ns#\x22\x0a   xmlns:\
rdf=\x22http://www.\
w3.org/1999/02/2\
2-rdf-syntax-ns#\
\x22\x0a   xmlns:svg=\x22\
http://www.w3.or\
g/2000/svg\x22\x0a   x\
mlns=\x22http://www\
.w3.org/2000/svg\
\x22\x0a   xmlns:sodip\
odi=\x22http://sodi\
podi.sourceforge\
.net/DTD/sodipod\
i-0.dtd\x22\x0a   xmln\
s:inkscape=\x22http\
://www.inkscape.\
org/namespaces/i\
nkscape\x22\x0a   widt\
h=\x2234.133335\x22\x0a  \
 height=\x2234.1333\
35\x22\x0a   id=\x22svg29\
85\x22\x0a   version=\x22\
1.1\x22\x0a   inkscape\
:version=\x221.0.2 \
(e86c870879, 202\
1-01-15)\x22\x0a   sod\
ipodi:docname=\x22s\
emiautomaticclas\
sificationplugin\
_band_processing\
.svg\x22\x0a   inkscap\
e:export-xdpi=\x226\
7\x22\x0a   inkscape:e\
xport-ydpi=\x2267\x22\x0a\
   viewBox=\x220 0 \
32 32\x22>\x0a  <defs\x0a\
     id=\x22defs298\
7\x22 />\x0a  <sodipod\
i:namedview\x0a    \
 id=\x22base\x22\x0a     \
pagecolor=\x22#ffff\
ff\x22\x0a     borderc\
olor=\x22#666666\x22\x0a \
    borderopacit\
y=\x221.0\x22\x0a     ink\
scape:pageopacit\
y=\x220.0\x22\x0a     ink\
scape:pageshadow\
=\x222\x22\x0a     inksca\
pe:zoom=\x225.59890\
11\x22\x0a     inkscap\
e:cx=\x22-6.5814791\
\x22\x0a     inkscape:\
cy=\x22-2.3178001\x22\x0a\
     inkscape:cu\
rrent-layer=\x22lay\
er1\x22\x0a     showgr\
id=\x22true\x22\x0a     i\
nkscape:grid-bbo\
x=\x22true\x22\x0a     in\
kscape:document-\
units=\x22px\x22\x0a     \
showguides=\x22true\
\x22\x0a     inkscape:\
snap-global=\x22tru\
e\x22\x0a     inkscape\
:window-width=\x221\
366\x22\x0a     inksca\
pe:window-height\
=\x22706\x22\x0a     inks\
cape:window-x=\x220\
\x22\x0a     inkscape:\
window-y=\x220\x22\x0a   \
  inkscape:windo\
w-maximized=\x221\x22\x0a\
     inkscape:gu\
ide-bbox=\x22true\x22\x0a\
     inkscape:lo\
ckguides=\x22true\x22\x0a\
     inkscape:do\
cument-rotation=\
\x220\x22>\x0a    <inksca\
pe:grid\x0a       t\
ype=\x22xygrid\x22\x0a   \
    id=\x22grid2997\
\x22\x0a       originx\
=\x220\x22\x0a       orig\
iny=\x220\x22\x0a       s\
pacingx=\x221\x22\x0a    \
   spacingy=\x221\x22 \
/>\x0a  </sodipodi:\
namedview>\x0a  <me\
tadata\x0a     id=\x22\
metadata2990\x22>\x0a \
   <rdf:RDF>\x0a   \
   <cc:Work\x0a    \
     rdf:about=\x22\
\x22>\x0a        <dc:f\
ormat>image/svg+\
xml</dc:format>\x0a\
        <dc:type\
\x0a           rdf:\
resource=\x22http:/\
/purl.org/dc/dcm\
itype/StillImage\
\x22 />\x0a        <dc\
:title />\x0a      \
</cc:Work>\x0a    <\
/rdf:RDF>\x0a  </me\
tadata>\x0a  <g\x0a   \
  id=\x22layer1\x22\x0a  \
   inkscape:labe\
l=\x22Layer 1\x22\x0a    \
 inkscape:groupm\
ode=\x22layer\x22>\x0a   \
 <path\x0a       st\
yle=\x22fill:#49646\
b;fill-opacity:1\
;fill-rule:eveno\
dd;stroke:#e6e6e\
6;stroke-width:0\
.93749995;stroke\
-linecap:square;\
stroke-linejoin:\
miter;stroke-mit\
erlimit:4;stroke\
-dasharray:none;\
stroke-dashoffse\
t:0;stroke-opaci\
ty:1\x22\x0a       d=\x22\
M -16.875,21.692\
145 8.9430421,22\
.034503 9.403940\
1,31.777942 31.2\
57293,16.487989 \
7.9290684,0.5989\
0962 8.3899661,1\
0.342353 -17.428\
076,10 Z\x22\x0a      \
 id=\x22rect3811\x22\x0a \
      inkscape:c\
onnector-curvatu\
re=\x220\x22\x0a       so\
dipodi:nodetypes\
=\x22cccccccc\x22 />\x0a \
   <rect\x0a       \
style=\x22fill:#377\
1c8;fill-opacity\
:1;fill-rule:eve\
nodd;stroke:#fff\
fff;stroke-width\
:1.12025;stroke-\
linejoin:miter;s\
troke-miterlimit\
:2.5;stroke-dash\
array:none;strok\
e-opacity:1\x22\x0a   \
    id=\x22rect2993\
\x22\x0a       width=\x22\
8.0292196\x22\x0a     \
  height=\x226.3568\
73\x22\x0a       x=\x2250\
.882217\x22\x0a       \
y=\x2240.495235\x22\x0a  \
     rx=\x222.38189\
41\x22\x0a       ry=\x222\
.4374452\x22\x0a      \
 transform=\x22matr\
ix(1,0,-0.893923\
85,0.44821887,0,\
0)\x22\x0a       inksc\
ape:export-xdpi=\
\x2267\x22\x0a       inks\
cape:export-ydpi\
=\x2267\x22\x0a       ink\
scape:transform-\
center-x=\x22-2.424\
2103\x22\x0a       ink\
scape:transform-\
center-y=\x2222.719\
22\x22 />\x0a    <rect\
\x0a       transfor\
m=\x22matrix(1,0,-0\
.85262914,0.5225\
1655,0,0)\x22\x0a     \
  ry=\x222.58302\x22\x0a \
      rx=\x222.3818\
941\x22\x0a       y=\x223\
0.571445\x22\x0a      \
 x=\x2240.812611\x22\x0a \
      height=\x226.\
6647506\x22\x0a       \
width=\x228.0292196\
\x22\x0a       id=\x22rec\
t3767\x22\x0a       st\
yle=\x22fill:#21447\
8;fill-opacity:1\
;fill-rule:eveno\
dd;stroke:#fff5f\
5;stroke-width:1\
.03756;stroke-li\
nejoin:miter;str\
oke-miterlimit:2\
.5;stroke-dashar\
ray:none;stroke-\
opacity:1\x22\x0a     \
  inkscape:trans\
form-center-x=\x22-\
2.4881651\x22\x0a     \
  inkscape:trans\
form-center-y=\x222\
0.859161\x22 />\x0a   \
 <rect\x0a       st\
yle=\x22fill:#00112\
b;fill-opacity:1\
;fill-rule:eveno\
dd;stroke:#fffff\
f;stroke-width:0\
.979266;stroke-l\
inejoin:miter;st\
roke-miterlimit:\
2.5;stroke-dasha\
rray:none;stroke\
-opacity:1\x22\x0a    \
   id=\x22rect3769\x22\
\x0a       width=\x228\
.0292196\x22\x0a      \
 height=\x227.01639\
27\x22\x0a       x=\x2233\
.305485\x22\x0a       \
y=\x2222.915205\x22\x0a  \
     rx=\x222.38189\
41\x22\x0a       ry=\x222\
.7534041\x22\x0a      \
 transform=\x22matr\
ix(1,0,-0.809897\
72,0.58657112,0,\
0)\x22\x0a       inksc\
ape:transform-ce\
nter-x=\x22-2.48816\
94\x22\x0a       inksc\
ape:transform-ce\
nter-y=\x2218.64306\
\x22 />\x0a    <rect\x0a \
      transform=\
\x22matrix(1,0,-0.7\
8851564,0.615014\
7,0,0)\x22\x0a       r\
y=\x222.8469048\x22\x0a  \
     rx=\x222.38189\
41\x22\x0a       y=\x2217\
.737324\x22\x0a       \
x=\x2228.668716\x22\x0a  \
     height=\x227.2\
066555\x22\x0a       w\
idth=\x228.0292196\x22\
\x0a       id=\x22rect\
3771\x22\x0a       sty\
le=\x22fill:#cccccc\
;fill-opacity:1;\
fill-rule:evenod\
d;stroke:#ffffff\
;stroke-width:0.\
956354;stroke-li\
nejoin:miter;str\
oke-miterlimit:2\
.5;stroke-dashar\
ray:none;stroke-\
opacity:1\x22\x0a     \
  inkscape:expor\
t-xdpi=\x2267\x22\x0a    \
   inkscape:expo\
rt-ydpi=\x2267\x22\x0a   \
    inkscape:tra\
nsform-center-x=\
\x22-2.4242177\x22\x0a   \
    inkscape:tra\
nsform-center-y=\
\x2216.268669\x22 />\x0a \
 </g>\x0a</svg>\x0a\
\x00\x00\x08:\
\x00\
\x00\x5c\xbex\xda\xe5\x5cY\x8f\xe3\xb8\x11~\xef_\xa1\
h\x10\xec\x0e\xd2\xba\xa8[m{\x81d\xb0\xc0\x22\x9b\
\x97=\x90\xc7\x05-\xd1\xb60:\x0c\x8an\xdb\xf3\xeb\
S\xd4e\xd9mzw\x93fO\x9a\xf6`\xa6GU\
\xc5\xeb\xabb\xf13\xc5\xe6\xec\xbbCYh\xcf\x846\
y]\xcdu\xc7\xb4u\x8dTi\x9d\xe5\xd5z\xae\xff\
\xfa\xcb\xf7F\xa4k\x0d\xc3U\x86\x8b\xba\x22s\xbd\xaa\
\xf5\xef\x16\x0f\xb3\xbf\x18\x86\xf6\x0fJ0#\x99\xb6\xcf\
\xd9F\xfb\xa1\xfa\xdc\xa4xK\xb4o7\x8cm\x13\xcb\
\xda\xef\xf7f\xde\x0b\xcd\x9a\xae\xad\x8f\x9aa,\x1e\x1e\
f\xcd\xf3\xfaA\xd34h\xb7j\x92,\x9d\xeb}\x81\
\xed\x8e\x16\xada\x96Z\xa4 %\xa9Xc9\xa6c\
\xe9'\xf3\xf4d\x9e\xf2\xd6\xf3g\x92\xd6eYWM\
[\xb2j>L\x8ci\xb6\x1a\xadyo\xf6nk\xe4\
\xc4ql\xd9\xc8B\xc8\x00\x0b\xa39V\x0c\x1f\x8c\xf3\
\xa2\xd0\xc7kE\x91m\xdb\x16\xe8N\x96\x7f\xcc*i\
\x00\xd0-\xfc\x1d\xcd\x07\x81\xd9\xd4;\x9a\x92\x15\x94#\
fE\x98\xf5\xe9\x97O\xa3\xd2\xb0\xcd\x8ce\x93j\x06\
<\xcfZ=\x03\xb9\xc2%i\xb68%\x8d5\xc8\xdb\
\xf2\xfb<c\x9b\xb9\xeez\xa6\xe3\xc2\xc7o\x85\x1b\x92\
\xaf7\xecR\x9ags\x1dz\x8f\xe2\xa8{\x9e\x04\x87\
\xd3\x19\xf4\x15'\xa3\xc66cd:\x1au|7\xec\
l\x86!$Y\x9d\xf2>A\x95\xa4\xcc\xf1\x8e\xd5%\
x-M\x0b\xdc4\xf9*O\xe1\xa1\xae\xb6\xc5n\x9d\
W\xbf}.\x8b\xdfp\x96\x99\x03tc;\xe4\xb0\xad\
)3\x0e\xd9\x16\x00\x0c\xc2\xab\xca\xe3\xa0\x5c\x80v\x96\
\x91U\xc3\xad\xba\xd1\xf0'\x18N\xa8kV\xab\x1d;\
\xc7{\x96=\xe7d\x7f\xb2]\xe2\xa6CL\xd3\xb6x\
\x0d\xd1U\xd4t\xae\x7fX\xb5\x9f^\xb1\xaciF\xe8\
\xa0\x0a\xda\xcf\x99\xaa\x06\x0f\xe4\xec\xd8\xcd\xa7\xbe\xee\xa1\
\xbf\xbc\xd6Qo_\xd77\x1b\x9c\xd5\xfb\xb9\x8e.\x95\
_\xea\xba\x04\x7f\x99\xb1\x1f\xdb\xc8\x8e/\xd5\xe9a\xae\
\x1b\x8e\x07\xad\xba\xf0\xef\x0b-4\xe8\x85\xa6\x1d\xa0\xb8\
w\xf5T\xb9\xa3\x14f\x9cQ\xe0#\x81Q\xb5?\x86\
\x1a\x9aM\xbd_S\x8e\x0e\xa3;rY\x92k\x8c\xe5\
\xb2>\x5cWC\x00\xec\xf8\x5c6vU\xce`\xbel\
\x0f\xd3ZwyF@\xb8\xc2E\xf3\xa2\xe4>\xaf\x00\
\x05\xa3\x0f]\xc7\x1dA\xbe\xb4\x18\xe28\xb4#\x81\x05\
\xf4\xcd\x16\xa8\x8ebU\x89\x0fy\x99\x7f!0p\xa7\
\x8d+\x88\x9d\xb3aw\xc54\x8d\x1d\xf9\x9c<\x1c\xb9\
L\x1f\x84\x1c/.p\xc3\xc0\x1f\x855\xcd!\xd4'\
\xdd\x19D\xc7\xa9\x88\xcf`H\xc0\x876\x80\xda\xf0\x0a\
/u\xc7\xa9\xae\x8fk\xebe`\xb7\xf2\x920\x9ca\
\x86OQ>HP\x1c\xdb\xc3\xc8 \x19&?}\xfa\
~\xd174K\xd3\xe4\xdf5\xfd<\xb4\xabi\xdc\x00\
/\xeb\x1d \xad/F\xf1,K\x13H_0\xad\x17\
y\x09\xb1\xcb3\xdf\xdf ]\xcd\xac\x93\xe2\xcc\x98\x83\
u\xaa\xb4\xab\x96\x92.\x0f^]\x0c\xb2\xb4\xccy!\
\xebg\x96\x17\xc5\x0f\xbc\x91~\xc4\x93JsV\x90\x93\
pf\xf5\xbd\xef\xc7fM\x067\xb3\x86\xd1\xb7O\xeb\
\x13*gA?:\xba\xc0KR\xcc\xf5\x1f\xb9Rs\
^F\x7f\xbd\xdb\x96uF\xfa\xe2\x03\x9a\xeb\xb30\xf0\
B\x1b\x8d\x1ed\x14W\x0dG\x06\xfc\x80\x19\xcd\x0f\xdf\
:&\xac\x19a\xe8E\x8f\xb6\x89\x22/\x08\x91\x17>\
B\xf6\xf7\x1d\x14;\x90\xb8@\x0c~\xf6\x5c\xcf\x8f\x1f\
#d\xda \x0c\xd1\xa3\x8bL\xb0\x0b\x1d\xff\xe3\xe8\x8e\
\x19%)\x9bx\xac\x8d\x12\x0f\xf1\x8f\xabO\xe4g\x01\
\xa8iG\x9e6\xda6\x82 \x9e\xc8y:\x09m\xd3\
\x83\x05m\xd2\xff\xd3\xc2\xe1\x99\xe8E\x99~\xba^S\
q(x\x07\xfd\xc8\x9d\x8a\x1bv,\x00\xbe\x1587\
\xf9`\xdbi\xbaZ=\xf1\x07\xa3O\x93\x89\xd3=\xd2\
]\x01\xe9\xfe\x99Tu\x96=5\x8c\xd6\x9fI\xd2'\
\xe6\xfe\xb1\xcb\x15\x89=<B\xdc\x10Z\xc0\x1cf\x89\
7\xc82\x0c\xd9\x95R|L* 4\x83tlj\
\x12Y\x12\xc0\x0c\x82n\xa5\x8d_\x17L\xc3\x11\xc3\x89\
q\xe6)\x0b\xa7cF\x97\xf2W\x81\xd3\x88\xc4\x80\x06\
Ad\xab\x0a\xa8\x1f\x9a\x81\x84\xc9\x0e\x80\xdab@=\
\xcf\xf7\x95\x05\xd45\xf9|w_\x1dPW\x84\xe7j\
\x850\xc2\xaa\xe2\xe9\xc5=\xe9y\xf5\x00\x0d\xef\x14P\
\xcf\x8c\xf8\x8cw_?\x85\x1a\xfe\x9dB\x0a\xc4\xad\x9d\
\xf4\xaf\x9fD\x0d\xd5\xa7\xbdg\xc6\xa7\x9d\x887\xe0M\
\x86\xa78s\x12\x01*\x8f9\xdd\x22\xa3Jp'\x01\
\xa4\x12\xb9\x93xqR\x84=\x89 \x95\xc6\x9e\x8c@\
\x9cH\xe3X]D%\xf2'\x03\xdd)\xa42\x19\x94\
\x11\xab\x0d*\xea\xd6u\x0f\xbd\xcd\xae\xd3\xad\xef\xf5*\
\xec;\x89\xe0\x94\xc7\x9f\xa2Hm\x02%DT\x22\x81\
\x8a\xd5&P\x22He\x12\xa8@m\x02%\x84T\x1e\
\x81\x12\xae\xf6\xedb\xa8l\x90\xca$P\xee\x9dB*\
\x95@Ew\x0a\xaa\xccM(\xf1\xf7Q5@\x0d:\
\xf2i\x07o\xc4J\xed[\xdbP*\xf0R\x11\xa0\x12\
\xf7\xf5\xc4\x0b\x94\x1a\xc4T\x08\xa9\xcc\x9d=\xf1\x96\xbe\
\x1a\xd4T\x04\xaa\xd4\xbd\xbd[|_\x05r*\x04U\
\xe2\xee\x9ex\xf6g\x9e\xca+\x94\xd4\xfd=\xf1\xb2\xaf\
8\xa8rw\xf8\xc4g#\x14\x87U*EE\xe2\xf7\
PJ\xc0\xfa\xe6\x1cU\xf8\xed\x94/\xfc\xca\xc2)\x8f\
\xa1\x06\xf7\x89\xa7Dz\x1a\xde%\xa22\xb9it\x9f\
\x88J\xdc5\xbd\xf1&\xdfu#U\x11\x95IK\xfd\
[\xdf\x9e0V\x15Q\xa9\x9cT\xb8\xd6#\x1c\xae\xde\
\xfdv\xd4\xd7!\xa4\xa1x{?\xc48#\xef\x1c\xd4\
\xb7~\x93\x7f\xe3P\x14\xdf4y\xf7\x8b\xd3\xdb\xbf\xca\
\xf7\xc4\x94TmD\xe5\xee\x98\xfaw\x09\xaa\xdc\x1dS\
\xef>1\x95\xb9a\xea+ML\xbf\xc6\xeb|t\xfb\
\xd4\xc9\xbb\xa7\xa6_\xe7}~\xac89\xfd:/\xf4\
\x91x\x13Z\x09v:\x1c\xdeu\xdf\xf0`\xa4x\x03\
z\x99f\xae\xbfR\x15R\x99'#\xc5\xa4_iL\
\xa5\x1e\x8d\x14/Sjc*q\x97Oq6%\x82\
T\xea\xe1\xc8[g\xa4\x14`SBL\xe5\x9e\x8e\x14\
G\xaa\x12lj\xf8\x1d\xdd\xf0\xedN\xf2\x89\x97\xfd(\
\xc2\xf8\xdd\x7f9\x15!*\xf5(\xdf\x8d\x03\xa7Jc\
*wg\xea\x06\xe7W\x19U\xc9\x87\xf9n\x1c\xe3W\
\x1aU\xa9\xa7\xf9n\xdd\x1f\xa3\x02\xa1\x12\x80*\xf98\
\xdf\xed\xdf+\x7f\xff\x94J\x84\xaa\xec\xf3|\xe2hU\
\x9aTI?\xd0w\x83Z\xfd\xbflR\xcd\xac\xf5p\
\x9f\xe2\x04\xde+W\xfe=\xda\xfc\x86?X\x88\xa2\x18\
y\xf0d\x86q\xec\xa28\xe6\x0a\xfb\xe38N\xee\x96\
\xd8\x8c@\x15\xf8'\xbc\xb9S\x023p\x82\xc8\x8dN\
\x04\xbe\xff-\xf5 \x8c\xe2\xe0\x94\x86\xdb[$#/\
pb\xfbd:\xb8%\xf0M7\x8a\x1c\xfbTu\xef\
\x14\xdf7}\xa8\xde\x0b\xce\xee\xb3\xe4cr\xc3\xf0\xe4\
\x863'\x90\x80\xff9w\x02\x0c\xd1\xf1\xec\xd8\x8d\x83\
?\xe9\x0d\x1f\x08\xbak\x87\xb6\xe7\xff/n\x19;\x7f\
\xeb.Y\xed\xd6}\xb2\xa3c\x199\x8c\xfe<\x94E\
\xd2^\xb3;\xd7\xb7\x944\x84>\x93\x17\x90\xd4\x153\
\xda\xffC\xd7h\x89\x8b\xa7V\xb2o\x81O\x96u\x91\
u\x82&\xffB\x12\x07u\x19\xc9v\xe2\xed\xe1\xa9\xc8\
+\xd2_j\x9a\xd8\x7f\xed\xccV\xb8\xcc\x8bc\xd2@\
\x1c\x19\xd0^\xbez2\x86.\x1b]=[\x92\x8e7\
\xea&\xdf\xfc\x0c\x86\xda\xdf\xa1\x95o\x9e\x0a\xc2\x008\
\xa3\xbf84\xb1\xa1\x85}M\xb33\xc1\x90\xf5\xaf\x1d\
\x8c\xbd\xe5\xa5\xf1\x0eR$\xc6\xbe\xbb\xc64\xf6\x03?\
\xf2\xa6\xb1\x8a\x90\x19\x22\x0f\xb9\xdeY\x88q\x98\xdd0\
\xf6\xf5\xc5\x8cA\x0f\xab\xc9\x84\x1fn7\xa55\x07\x98\
\xa3t\x911\xda\x02P\xf8\x221\xbdl]\xd0\xfe\xef\
9\xef\x19\xd3\x1cW\xecw\x1c\xca(a\xe9\xe6\xcc\xa8\
sr\xcf\x90\x5c\x1b]8\xd91\x91\xff\xdf\xb9\xf9d\
\xf8\xd8{{\xdaQ\xa3\xc8\xd7\x98\xed B\xaf\x0d\xc3\
\x80Z\xaf+\xaa]\x09U\xa6g\xba\x15ik\x82\xc6\
\x18\x83\xa8\x19\x0br\x7f\x19\x18\x1a\xaa\x92\x86a\xca\x9e\
\xf64\xe7\x06\x06\xbf\x145)\xa8\xc1\x96\xbdM\x95n\
j\xda\x1b\xf515\x9d\xb4\x97\x01\xa5/\xfe\xf9\xaf\x1f\
gV\xeb\xd3\x05\xfc\x84:\xba\xeb[!\xc1\xce\xf8-\
\xb3\x8b\x87\xff\x00\x1c\x7f\x12[\
\x00\x00\x0d\x1f\
<\
?xml version=\x221.\
0\x22 encoding=\x22UTF\
-8\x22 standalone=\x22\
no\x22?>\x0a<svg\x0a   xm\
lns:dc=\x22http://p\
url.org/dc/eleme\
nts/1.1/\x22\x0a   xml\
ns:cc=\x22http://cr\
eativecommons.or\
g/ns#\x22\x0a   xmlns:\
rdf=\x22http://www.\
w3.org/1999/02/2\
2-rdf-syntax-ns#\
\x22\x0a   xmlns:svg=\x22\
http://www.w3.or\
g/2000/svg\x22\x0a   x\
mlns=\x22http://www\
.w3.org/2000/svg\
\x22\x0a   xmlns:sodip\
odi=\x22http://sodi\
podi.sourceforge\
.net/DTD/sodipod\
i-0.dtd\x22\x0a   xmln\
s:inkscape=\x22http\
://www.inkscape.\
org/namespaces/i\
nkscape\x22\x0a   widt\
h=\x2234.133335\x22\x0a  \
 height=\x2234.1333\
35\x22\x0a   id=\x22svg29\
85\x22\x0a   version=\x22\
1.1\x22\x0a   inkscape\
:version=\x221.0.2 \
(e86c870879, 202\
1-01-15)\x22\x0a   sod\
ipodi:docname=\x22s\
emiautomaticclas\
sificationplugin\
_reset.svg\x22\x0a   i\
nkscape:export-x\
dpi=\x2267\x22\x0a   inks\
cape:export-ydpi\
=\x2267\x22>\x0a  <defs\x0a \
    id=\x22defs2987\
\x22 />\x0a  <sodipodi\
:namedview\x0a     \
id=\x22base\x22\x0a     p\
agecolor=\x22#fffff\
f\x22\x0a     borderco\
lor=\x22#666666\x22\x0a  \
   borderopacity\
=\x221.0\x22\x0a     inks\
cape:pageopacity\
=\x220.0\x22\x0a     inks\
cape:pageshadow=\
\x222\x22\x0a     inkscap\
e:zoom=\x225.598901\
\x22\x0a     inkscape:\
cx=\x223.6381492\x22\x0a \
    inkscape:cy=\
\x2239.445738\x22\x0a    \
 inkscape:curren\
t-layer=\x22layer1\x22\
\x0a     showgrid=\x22\
true\x22\x0a     inksc\
ape:grid-bbox=\x22t\
rue\x22\x0a     inksca\
pe:document-unit\
s=\x22px\x22\x0a     show\
guides=\x22true\x22\x0a  \
   inkscape:wind\
ow-width=\x221366\x22\x0a\
     inkscape:wi\
ndow-height=\x22706\
\x22\x0a     inkscape:\
window-x=\x220\x22\x0a   \
  inkscape:windo\
w-y=\x220\x22\x0a     ink\
scape:window-max\
imized=\x221\x22\x0a     \
inkscape:snap-gl\
obal=\x22true\x22\x0a    \
 inkscape:docume\
nt-rotation=\x220\x22>\
\x0a    <inkscape:g\
rid\x0a       type=\
\x22xygrid\x22\x0a       \
id=\x22grid3765\x22\x0a  \
     originx=\x220\x22\
\x0a       originy=\
\x220\x22\x0a       spaci\
ngx=\x221.0666667\x22\x0a\
       spacingy=\
\x221.0666667\x22 />\x0a \
 </sodipodi:name\
dview>\x0a  <metada\
ta\x0a     id=\x22meta\
data2990\x22>\x0a    <\
rdf:RDF>\x0a      <\
cc:Work\x0a        \
 rdf:about=\x22\x22>\x0a \
       <dc:forma\
t>image/svg+xml<\
/dc:format>\x0a    \
    <dc:type\x0a   \
        rdf:reso\
urce=\x22http://pur\
l.org/dc/dcmityp\
e/StillImage\x22 />\
\x0a        <dc:tit\
le />\x0a      </cc\
:Work>\x0a    </rdf\
:RDF>\x0a  </metada\
ta>\x0a  <g\x0a     id\
=\x22layer1\x22\x0a     i\
nkscape:label=\x22L\
ayer 1\x22\x0a     ink\
scape:groupmode=\
\x22layer\x22>\x0a    <pa\
th\x0a       style=\
\x22fill:#f2f2f2;st\
roke:#2e2e2e;str\
oke-width:3.8476\
1;stroke-linecap\
:butt;stroke-lin\
ejoin:miter;stro\
ke-miterlimit:4;\
stroke-dasharray\
:none;stroke-opa\
city:1\x22\x0a       d\
=\x22M 0,2.1333333 \
H 32 V 32.000001\
 H 0 Z\x22\x0a       i\
d=\x22path3028-2\x22\x0a \
      inkscape:c\
onnector-curvatu\
re=\x220\x22 />\x0a    <g\
\x0a       id=\x22g839\
\x22\x0a       transfo\
rm=\x22matrix(1.216\
6667,0,0,1.21666\
67,-7.2222224,-7\
.6844446)\x22>\x0a    \
  <rect\x0a        \
 style=\x22color:#0\
00000;display:in\
line;overflow:vi\
sible;visibility\
:visible;fill:#e\
9c6af;fill-opaci\
ty:1;fill-rule:n\
onzero;stroke:#f\
f0013;stroke-wid\
th:0;stroke-line\
cap:butt;stroke-\
linejoin:miter;s\
troke-miterlimit\
:4;stroke-dashar\
ray:none;stroke-\
dashoffset:2.832\
8;stroke-opacity\
:1;marker:none;e\
nable-background\
:accumulate\x22\x0a   \
      id=\x22rect38\
51\x22\x0a         wid\
th=\x2216\x22\x0a        \
 height=\x2216\x22\x0a   \
      x=\x2217.3333\
34\x22\x0a         y=\x22\
19.466667\x22\x0a     \
    rx=\x220\x22\x0a     \
    ry=\x227.168830\
9\x22 />\x0a      <pat\
h\x0a         style\
=\x22fill:none;stro\
ke:#ff0013;strok\
e-width:1.84;str\
oke-linecap:butt\
;stroke-linejoin\
:miter;stroke-mi\
terlimit:4;strok\
e-dasharray:none\
;stroke-opacity:\
1\x22\x0a         d=\x22m\
 21.333333,23.46\
6667 8,8\x22\x0a      \
   id=\x22path3845\x22\
\x0a         inksca\
pe:connector-cur\
vature=\x220\x22 />\x0a  \
    <path\x0a      \
   style=\x22fill:n\
one;stroke:#ff00\
13;stroke-width:\
1.84;stroke-line\
cap:butt;stroke-\
linejoin:miter;s\
troke-miterlimit\
:4;stroke-dashar\
ray:none;stroke-\
opacity:1\x22\x0a     \
    d=\x22m 29.3333\
33,23.466667 -8,\
8\x22\x0a         id=\x22\
path3847\x22\x0a      \
   inkscape:conn\
ector-curvature=\
\x220\x22 />\x0a    </g>\x0a\
  </g>\x0a</svg>\x0a\
\x00\x00\x0aw\
<\
?xml version=\x221.\
0\x22 encoding=\x22UTF\
-8\x22 standalone=\x22\
no\x22?>\x0a<svg\x0a   xm\
lns:dc=\x22http://p\
url.org/dc/eleme\
nts/1.1/\x22\x0a   xml\
ns:cc=\x22http://cr\
eativecommons.or\
g/ns#\x22\x0a   xmlns:\
rdf=\x22http://www.\
w3.org/1999/02/2\
2-rdf-syntax-ns#\
\x22\x0a   xmlns:svg=\x22\
http://www.w3.or\
g/2000/svg\x22\x0a   x\
mlns=\x22http://www\
.w3.org/2000/svg\
\x22\x0a   xmlns:sodip\
odi=\x22http://sodi\
podi.sourceforge\
.net/DTD/sodipod\
i-0.dtd\x22\x0a   xmln\
s:inkscape=\x22http\
://www.inkscape.\
org/namespaces/i\
nkscape\x22\x0a   widt\
h=\x2234.133335\x22\x0a  \
 height=\x2234.1333\
35\x22\x0a   id=\x22svg29\
85\x22\x0a   version=\x22\
1.1\x22\x0a   inkscape\
:version=\x221.0.2 \
(e86c870879, 202\
1-01-15)\x22\x0a   sod\
ipodi:docname=\x22s\
emiautomaticclas\
sificationplugin\
_post_process.sv\
g\x22\x0a   inkscape:e\
xport-xdpi=\x2267\x22\x0a\
   inkscape:expo\
rt-ydpi=\x2267\x22>\x0a  \
<defs\x0a     id=\x22d\
efs2987\x22 />\x0a  <s\
odipodi:namedvie\
w\x0a     id=\x22base\x22\
\x0a     pagecolor=\
\x22#ffffff\x22\x0a     b\
ordercolor=\x22#666\
666\x22\x0a     border\
opacity=\x221.0\x22\x0a  \
   inkscape:page\
opacity=\x220.0\x22\x0a  \
   inkscape:page\
shadow=\x222\x22\x0a     \
inkscape:zoom=\x223\
.9590209\x22\x0a     i\
nkscape:cx=\x228.40\
33843\x22\x0a     inks\
cape:cy=\x227.16568\
34\x22\x0a     inkscap\
e:current-layer=\
\x22layer1\x22\x0a     sh\
owgrid=\x22true\x22\x0a  \
   inkscape:grid\
-bbox=\x22true\x22\x0a   \
  inkscape:docum\
ent-units=\x22px\x22\x0a \
    showguides=\x22\
true\x22\x0a     inksc\
ape:snap-global=\
\x22true\x22\x0a     inks\
cape:window-widt\
h=\x221366\x22\x0a     in\
kscape:window-he\
ight=\x22706\x22\x0a     \
inkscape:window-\
x=\x220\x22\x0a     inksc\
ape:window-y=\x220\x22\
\x0a     inkscape:w\
indow-maximized=\
\x221\x22\x0a     inkscap\
e:guide-bbox=\x22tr\
ue\x22\x0a     inkscap\
e:document-rotat\
ion=\x220\x22>\x0a    <in\
kscape:grid\x0a    \
   type=\x22xygrid\x22\
\x0a       id=\x22grid\
2997\x22\x0a       ori\
ginx=\x220\x22\x0a       \
originy=\x220\x22\x0a    \
   spacingx=\x221.0\
666667\x22\x0a       s\
pacingy=\x221.06666\
67\x22 />\x0a  </sodip\
odi:namedview>\x0a \
 <metadata\x0a     \
id=\x22metadata2990\
\x22>\x0a    <rdf:RDF>\
\x0a      <cc:Work\x0a\
         rdf:abo\
ut=\x22\x22>\x0a        <\
dc:format>image/\
svg+xml</dc:form\
at>\x0a        <dc:\
type\x0a           \
rdf:resource=\x22ht\
tp://purl.org/dc\
/dcmitype/StillI\
mage\x22 />\x0a       \
 <dc:title />\x0a  \
    </cc:Work>\x0a \
   </rdf:RDF>\x0a  \
</metadata>\x0a  <g\
\x0a     id=\x22layer1\
\x22\x0a     inkscape:\
label=\x22Layer 1\x22\x0a\
     inkscape:gr\
oupmode=\x22layer\x22>\
\x0a    <ellipse\x0a  \
     style=\x22fill\
:#49646b;fill-op\
acity:1;stroke-w\
idth:1.29299533;\
stroke:#e6e6e6;s\
troke-opacity:1\x22\
\x0a       id=\x22path\
2997\x22\x0a       ink\
scape:export-xdp\
i=\x2267\x22\x0a       in\
kscape:export-yd\
pi=\x2267\x22\x0a       c\
x=\x2232\x22\x0a       cy\
=\x2217.066666\x22\x0a   \
    rx=\x2224\x22\x0a    \
   ry=\x2221.333334\
\x22 />\x0a    <path\x0a \
      style=\x22fil\
l:#e6e6e6;fill-o\
pacity:1;fill-ru\
le:evenodd;strok\
e:#e6e6e6;stroke\
-width:0.930989;\
stroke-linecap:s\
quare;stroke-lin\
ejoin:miter;stro\
ke-miterlimit:4;\
stroke-dasharray\
:none;stroke-das\
hoffset:0;stroke\
-opacity:1\x22\x0a    \
   d=\x22m 12.94917\
5,14.13438 h 10.\
16044 V 8.802795\
 l 8.890386,8.53\
0539 -8.890386,8\
.530539 v -5.331\
586 h -10.16044 \
z\x22\x0a       id=\x22re\
ct3811\x22\x0a       i\
nkscape:connecto\
r-curvature=\x220\x22\x0a\
       sodipodi:\
nodetypes=\x22ccccc\
ccc\x22 />\x0a  </g>\x0a<\
/svg>\x0a\
\x00\x00\x08g\
\x00\
\x00\x1c:x\xda\xedXYo\xe3\xc8\x11~\x9f_A\
\xc8/3\x08I\xf5}\xc8\xc7\x22\xc8b\x83\x00\xbb/\
\xc9\x06y\x5cPd\xcbfL\xb1\x05\x92\xb2%\xff\xfa\
|M\x89\x94dK\xc6,\xe2\xc9$@$\x182\xab\
\xaa\xbb\xeb\xf8\xeah\xde\xfc\xb0YV\xd1\x93k\xda\xd2\
\xd7\xb7\x13\x9a\x92I\xe4\xea\xdc\x17e}\x7f;\xf9\xfb\
\xaf?%f\x12\xb5]V\x17Y\xe5kw;\xa9\xfd\
\xe4\x87\xbbO7\xed\xd3\xfd\xa7(\x8a\xb0\xb8ng\xbe\
\x9d\xdfN\x1e\xban5\x9bN\x9f\x9f\x9fS\xbfru\
\xfb\x9cu\xf9\xc3\xdc\xfb\xc7\xd47\xf7\xd3uSN\x19\
!v\x0a\xd9\xc9ae\x91\x8f\x0bW\xeb\xa6\xeaE\x8b\
|\xea*\xb7tu\xd7NiJ\xa7G\xe2\xf9A<\
o\x5c\xd6\x95O.\xf7\xcb\xa5\xaf\xdb~e\xdd^\x1d\
\x097\xc5\xe2D\xabg\xde\x0bQk\xed\x94\xb0)c\
\x09$\x92v[w\xd9&9]\x0a\xeb\xce-\x85\x01\
d\x0a\xdeA\xf2\xeb\xa4f-\xfc\xb9\xc2\xdf(>\x10\
\xd2\xd6\xaf\x9b\xdc-\xb0\xce\xa5\xb5\xeb\xa6?\xfe\xfa\xe3\
\xc8LHZt\xc5\xd16e\xfd\xd8\xe6\xd9\xca\x9d\x9c\
:\x10w\x1e\xc8\x96\xae]e\xb9k\xa7\x03\xbd_\xff\
\x5c\x16\xdd\xc3\xed\x84\x8b\x94r|dO|p\xe5\xfd\
C\xf7\x9aZ\x16\xb7\x13h\xcf\xac\xd5\xfd\xf3\x116\xe8\
N`\xbf\xf1\xec\x185)\x8b>;\xa3r\xa3\x89\xd1\
6\x8e\x18a4!4\xa1\xf2K\xbfh\xb0iV\xf8\
<(\x893\xdc\xb2\xcc\xd6\x9d_\x22\x8cy^em\
[.\xca\x1c\x0f\xbe^U\xeb\xfb\xb2\xfe\xadu]\x07\
\x18\xb6\xbfu\xdeW\xe9\xe0\xd1\xf1x\xb7Y\xf9\xa6K\
6\xc5\x0a~U\xfa,s;0\xef\xc0\xbd\x19\x95\x08\
\x1a\x14O\xa5{\x0ekv&\xcf\xb3v\xe7\xaa(Z\
e\xf7\x80U\xe5\x9b\xdb\xc9\xd5\xa2\xff\xec\x19s\xdf\x14\
\xae\x19X\xaa\xff\x9c\xb0<\x5c_v\xdb]\x1e\xed\xf7\
\x1e4\x0a\xbb\x8e|r\x9e\xdf>d\x85\x7f\xbe\x9d\xb0\
\xd7\xcc\x17\xef\x97\xd8\x15!\xb0\xda\x907\xec|\x03&\
I\x8d\xa5T\x9b7\xcc\xa0\x8fN9\xd3\xea\xcc\xcau\
\xd3 \xd3\x92*\xdb:\x18\xd5\xff\xd0\xbdP\xfb\xe0\x9f\
\xef\x9b\xe0\x9c\xaeY\xbb\xd7+\x03'\x99\xcf\xfd\xe6<\
\x1bq^\x87\x1cN\xd6u\xd9!OV\x9b\xe3]\xd7\
e\xe1\xda\xf3\x0b\xdb:[%\xf7\x95\x9fg\xd5y\x81\
\xe7\xb2\x86\x93\x92=\xa4)\x1fc\xf0Zb\xc0\xb7&\
\x97$\xa0;\xb9\xc0\xda^f-\xb3M\xb9,_\x1c\
\x1cC/\x9a\xdd\xf8\xae\xc7r\xd8\xe6\xae\x17\xba9q\
\xddn\xdd\x0e{\xe1\x99\x13\x22'\x03\xb1\xdb\x86$\xdf\
l\x03c$\xfa\xa6DV\x1c\xa9<\x90\xb6\xc7\xa4\x90\
\xfdH\x9aM\x8f\xc1\x1e\xa1\xfa5o{\xcc\x8b\xa6}\
jL\xdf\xe6FO/\xdc\xa2=$IxBa\xb0\
\x83EUY\xbb\xac\xf9s\x93\x15%l>6\xe9\x94\
#\x0d\xa3\x07\xa5\xdb9\xc0^\xd6\x88L\xeb+\x18x\
\xb7\xe7\xdc\xb4\x9d_\x0dR\xd0\xb6\xdbV\xa1N\x80\x98\
\xf497\xbbZ(\xd4Vr\xdd\x93\xf6\xb94#\xa9\
6\x86q\xc9\xe9\xf5\xe4\xb0\xd8/\x16(\x1f\xc7\x8e\xd9\
W6,\x856|ow\xb0\xfcT\xd5\xdfm\x19\x95\
\x1fb\xd9b\xae\xe7\xfa\xd4\xb2\xdfa\x10\xd5\xef\x1at\
3\x0d\x91\xeb\xff[\xba.+\xb2.;\x04u\xa0\x00\
\x81l\x08,:\xe3\xec\xaf?\xfe4\xea\x9f\xe7\xb3\x7f\
\xf8\xe6\xf1pt\x10\xc8\xe6~\x0d\x8dF+\x03\x5c\xf2\
\x19z\x19J\xfa]\xb9D=\x0bm\xf0\x0f\xe8]8\
\x7fd\x9c\x08\x07\xa0\x1f6\xddm\xdb\xb8]S<;\
\x19\x14\xf9\xb2\x0c\x8b\xa6\x7f\xeb\xca\xaa\xfaK8d\xb4\
|\xdc\xb4\xec*w \xdeL\xf7\xda\x0f\xfe92\xee\
f:X\xdf?\xdd\xbf\xa9q~\xbdZ\xfa\xc2\xed+\
\xe3\xebl\xaf\xb2\xb9C\x95\xfa9\xf0\xa2\xb1\x16\x14c\
\x1d\xdd\x9f\xb8\xca\xba\x87O\xa7\xb1_@\xfb\xd9\x950\
\x5c\xf3\x10\xf5\xc6?\xba\xd9\xd5|\x9e\xe7\x05\xd9?\xee\
\x0a\xdcL\xa4\xc2\x04\xd0\x136\xd0Cxq\xfal\xbe\
\xee\xbac\xda?}Y\xcf\xe0\x1d\xd7\x0c\xd4\xfe\xa1B\
\xad\xeafb\xa0\x15\x19\x9aL\xd3d\xdbY\x8dyn\
\xa0\x8e\x90\x1b\xd1\x15\x80\x11Q\x91Zb\x89\xb115\
\xa9 V[\x11Q\x15\xa3\xab\xa7v\xf7\x99\x1c\xa7F\
\xb0\x93\x13s\x80\xe8\xa1\xcd\xf8\x1aJw\xbeI\xd0p\
\x9e\xb2n\xdd\xb8\x00\xe5\x11\xb3\x17=\xc4\x850\xa2\xb8\
\x0e\x0fGy\xd1?6\xeb\x0a}\xfe\xc9\xd5\xbe(F\
\x172\x11\xbe\xa7.D\xb3\xd5\x92\x09\xc1\xd4{\x8e9\
\xeb\x82_\x22\x98*\xd0cX\xccd\xaa\x18'\xd6D\
*\xa5R\x18Cd\xccyj\x91|\x9cF\x7f\x8ad\
\xca\x85\x16B\xf3\x18\xf3\x942\x12\xf5<\xe2X\xcb\x98\
\xd14\xe64\x95\x8aK%\x22\x96*+\x09\xb5X\x8d\
\xd2\xa5\x98\x92*\xaa\xa2\x84\xa6(\xc7Lq875\
\x8aH\x8d-I\xca)\x15\x96\x1a\x193\x93R\x82\xee\
\xaeA$\x9c\x11#\x94\x8e\x194\xa1\x12\x07\x80h\xb8\
\x95T!R\xd0\x93\x1b\xc3e\xf4s\x84\x91\x00\xfa2\
\xa9b\xf4\x7f\x229\xa7:\xca#\xd4~\xa8$i\x8c\
\xf9\xd22E\xa9\x82NF\x1a\x22l8\x9c\x10M5\
\x83\xeaFsCY\x90\xa2\x9a*\x19\x91\x98`\xad\xe5\
\xca\x12\x15\xa8\x04k\x82\x1c\xb1BZ\x1bs\x1c+!\
@\xa5VV\xe0Q`\x14d\x22\x82\xa4fa\xcbX\
\xa4\xd0\xd5B\xdb`\xac\xe4D\xe8\x18\xba\xc2'\xf0\xdf\
\xcb\x09\x90\x1a`\x05a\x94_\x0d\xa4\x11;c\x17C\
\xd2\x86:\x81!\xa3\xed?\xf9K{\x80\x9b\xab\xaar\
\xd5\xba\xb3\x88c\x1a\xbd\xc4~=\xe2v\x13\xe2k\xc4\
)k\x91\xb7J~D*\x8e\xa9e\x19O\xf8aH\
h\xb2\xba\x0dE\x15\x99\x9auM\xb9\xf9\x1c\x82\x22\xb9\
\xd6\x96\xea>\xb8\xd6H\xc9\x00\x9e\xf0\xbfF\x1e\xed\x03\
\xc7\x80\x18\xa5(\x8f\x11\xd1/\xe3va\x86L\x003\
C1c\x1e\xf2:L\x8f\x09C0\x95\xd0\xf20J\
4\x90\x16\x08\xac\x91\x96\x8a\x03u\x1b\xa8\xc0\xa7\xb1\x82\
\xbe\x9b\xdd\xfb\xb6\xd7W6r]\x94\xed\x0a%\x13\x17\
\x9cP\xc8\xae=n\x16\x8b\xca?\xcf\x9e\xca\xb6\x9cW\
\xee\xba\xff-\xab\xe0\x96\x81\xd4\x07\xeb\xc8o\xa8\x9e.\
|O\x03\x018#-\xa8&\xf6[V\xcf@\xdd\xf5\
\xe7\x19y\x13\xc6\xebe\xd6<\xbaf\xb7\xc0\xd5\x19\x94\
O\xe6Y\xfe\x18zK]\xcc\xb2\x1c\x03\xe3\xba\xca:\
\xf7\xaa\xf4\xa2\xdc\x00D\xb8K1\x96\x06'\x1b\xe4\x8d\
J\x11[\xe4\x8bB\xe2\xe8\x90\xdao0\x22\x8dU\x09\
O\xe8\x07\x96`\x94\x08#\xd5\xeb\x84\x18\xbc\x9e\xeb\xf0\
\xfd\x1e^\xbfT\xb0yJ\x19\xea&\x0f=KR\x94\
\x19\x81\x8a\x8d\xda'\x94\xa51\x13;\xf8\xcb\x8b\x9eK\
\xec\xc7\xf9\xee\x04\x9f4c\x9c\xc97\x9e2,\x0c\xe2\
\xe2;x\x0a\xfdg\xdf\xdd\x81\xb5\xbe\xb9S\xdc\xdb\xd3\
\xbe\x85\xb2\x98\xaa\x147F\xa1\xe8%O}\xa0\x9f\xae\
\x84\xc5I\xf3K\x18\xdbs\xff[\xe6\xa2_\x224^\
\xcd\xa4\xe5<\xe0\x89b\xb8\x906\xb2\xa8\xf9BH-\
b\x0b\xc7i{|18\x1e\x8e\x12\xfd\x1f\xc5\x17H\
\x8a\x7f\x8f4\xc4L\x81\x09\x823\xb8\x83(!\x15\xb5\
\xc1m\xbb[g\xcc\xa0X\xf8\x88\x8b\xe0J\xd47r\
\xd3\xb9~M1\xdc2\xa5\xbf\xc7\x84\xcd0\xc2\xe1\xf6\
Jc\xd4-\x89_a#\x0a\xe7H\x0cE\x0a\xae\xb3\
\x9cJj.{\xc9&\xec\xdf\xf4\xd301\xed\xde9\
dM>\xf9&\xad\xfaB\x8a\x1f\xe6*8\xeb\xc55\
\xfe0\xc9c\x9c4\xea\xd5\x5c\xf5?\xd4\xc5\x0fS\xdb\
\xd1-i\xf4v?m\x85a\x8bY}\xf4n\xe4\xc0\
\xc7$eR\xad\xb5B\xcdx\xcb\x0e\xe3\x97\xdc\xa5\x10\
\x97g\xd8\xdbs\xec>/\x930\x98[\xc5\x8d\x8a\xc7\
\xfd\xa3?F\xa3t<\xfe\x17\x11|i\x04-1\x11\
S\xceD\x8c\xeb \xa5\x84[\xf5\x9ex\x10\x12\x82\xa0\
6\x1a\xa0\x973\x5c\x18\xde\x13Gu\x10\x0a\x1d\xc7\x84\
\x1b\x83\xb0\xb8d2\x5c\x87\xd0\x85P\x1c$\xebo\x08\
\xcc0\x86K\xca\xcb[;\xdb.k\xba\xb3\xf3\xbf\xab\
\x8b0\x8a*\x85\xbb\x14S\xe7f\xe6\xfe\x05\x9d\xfb\x9c\
X\xdct\x98\x80Y_\xfe\x9f \xdf-A\x92\x0b)\
\xc2\xc2\x8b\x06M\x888\x9f!\xfd}E\xe3\xc2B?\
.E\x96\x11\x0f\xcd\x09\x00\xc6%j\xdc?\xca\xde\x03\
\xb1L\x99\x94\x00o\xcf\xc1\xd4$\xdf\x17\x16\x98\xb9\x08\
\xee\xdf\x12\xb3\x83\xa6\x84\xbd#-1Jk\x0cgA\
X\x18\x5c\xec\xe5!;\xf8\x90\x1c\xec\x1b\xe5\x86%\xd8\
?\xbc!\xf82\xbe&\xbe\xbf\xfbt\x13\xde\xea\xdd}\
\xfa\x17\x7f\xce<\x87\
\x00\x00\x04\x05\
<\
?xml version=\x221.\
0\x22 encoding=\x22UTF\
-8\x22 standalone=\x22\
no\x22?>\x0a<svg\x0a   xm\
lns=\x22http://www.\
w3.org/2000/svg\x22\
\x0a   width=\x2234.13\
3335\x22\x0a   height=\
\x2234.133335\x22\x0a   v\
iewBox=\x220 0 34.1\
33335 34.133335\x22\
\x0a   version=\x221.1\
\x22>\x0a  <g>\x0a    <re\
ct\x0a       style=\
\x22fill:#e9ab16;fi\
ll-opacity:1;str\
oke:#18d6ff;stro\
ke-width:2.175;s\
troke-miterlimit\
:4;stroke-dashar\
ray:none;stroke-\
opacity:1\x22\x0a     \
  width=\x2232\x22\x0a   \
    height=\x2232\x22\x0a\
       x=\x221.0666\
667\x22\x0a       y=\x221\
.0666667\x22\x0a      \
 rx=\x225.3\x22\x0a      \
 ry=\x223.8\x22 />\x0a   \
 <polygon\x0a      \
 points=\x2217,5 28\
,12 25,26 9,26 6\
,12\x22\x0a       styl\
e=\x22fill:none;str\
oke:#ffffff;stro\
ke-width:1.6;str\
oke-linejoin:rou\
nd;stroke-dashar\
ray:2.8,1.6;\x22 />\
\x0a    <circle cx=\
\x2214\x22 cy=\x2217\x22 r=\x22\
2.0\x22 style=\x22fill\
:#2c4a52;\x22 />\x0a  \
  <circle cx=\x2218\
\x22 cy=\x2221\x22 r=\x222.0\
\x22 style=\x22fill:#2\
c4a52;\x22 />\x0a    <\
circle cx=\x2212\x22 c\
y=\x2221\x22 r=\x222.0\x22 s\
tyle=\x22fill:#2c4a\
52;\x22 />\x0a    <cir\
cle cx=\x2226\x22 cy=\x22\
8\x22  r=\x222.6\x22 styl\
e=\x22fill:#e8622a;\
\x22 />\x0a    <path d\
=\x22M 23.7,5.7 L 2\
8.3,10.3 M 28.3,\
5.7 L 23.7,10.3\x22\
\x0a          style\
=\x22stroke:#ffffff\
;stroke-width:1.\
8;stroke-linecap\
:round;fill:none\
;\x22 />\x0a  </g>\x0a</s\
vg>\x0a\
\x00\x00\x06\xc4\
\x00\
\x00!+x\xda\xddYmo\xa46\x10\xfe\x9e_\x81\
\xf6\xbe\xb4j0\xb6y'\xd9\xdc\x87;U\xad\xd4\xaa\
U\xef\xae\x95\xfa\xe5\xe4\x05\xef\x86\x0605\x90\xdd\xbd\
_\xdf1`\x16\xf6%\x97\x5c\xd2{\x09Q\x14\x98\x19\
\x1b\xcf\xe3\x99\xf1<\xe4\xf2\xe5&\xcf\x8c[.\xabT\
\x14\xf3\x19Axf\xf0\x22\x16IZ\xac\xe6\xb3wo\
\x7f4\x83\x99Q\xd5\xacHX&\x0a>\x9f\x15b\xf6\
\xf2\xea\xec\xb2\xba]\x9d\x19\x86\x01\x83\x8b*J\xe2\xf9\
\xec\xba\xae\xcb\xc8\xb2\xcaFfH\xc8\x95\x95\xc4\x16\xcf\
x\xce\x8b\xba\xb2\x08\x22\xd6lg\x1e\xef\xccc\xc9Y\
\x9d\xde\xf2X\xe4\xb9(\xaavdQ\xbd\x18\x19\xcbd\
9X\xaf\xd7k\xb4\xb6[#\x12\x86\xa1\x85\xa9E\xa9\
\x09\x16f\xb5-j\xb61\xa7Ca\x8d\xc7\x86R\x8c\
\xb1\x05\xba\x9d\xe5\xfd\xac\xa2\x0aP)\xe1w0\xd7\x02\
T\x89F\xc6|\x09\xe38*xm\xbd~\xfbzP\
\x9a\x18%u2\x9a&-n\xaa\x98\x95|\xf2V-\
\xec\x10`9\xafJ\x16\xf3\xca\xd2\xf2v\xfc:M\xea\
\xeb\xf9\xccv\x10\xb1\xe1r[\xe15OW\xd7\xf5\xbe\
4M\xe63X=\x0d\x83\xeey\xb4\xc3\xa43\xe8'\
\x8e\xc6{\x8f\xa8\xf1\x1d\x0f\xbc8\xf0q\xe0\x87\xe7\x06\
\xc5\x94\x98\x98\x98\xc4\xfd\xbe\x1d\xa4}\x8a\x12\x11\xabE\
\xc2;x\x9e\xb2\xa6\x169lc\x1cg\xac\xaa\xd2e\
\x1a\xc3\x83(\xca\xacY\xa5\xc5{\x96$\xef\xabtU\
\xbc\xaf\x85\xc8\x90Ftx=\xdf\x94B\xd6\xe6&)\
\x01W\xcf?\xaa\xdcj\xe5\x15h/\x13\xbe\xac\x94U\
\xe7\xa4z\x02/;\x1dh\xe3,-\x7fg\xf5ug\
a\x18\xfa\xf9]\x91\xd6\xb0\xd1M\xc5\xe5\x1b\x05\xedo\
\xc5\xbb\xaaCU\xcf\xa4-\x03\xcf\xee'\x83\xe9V\xda\
b\xb4\xaa\x8c-x6\x9f\xbd\x02\xfb\xd9H\x9d\xb4\xb3\
\x07\x9e;\x8c\x86\xf1\xe5h)\xea\xaa\xeam\x06\xb0-\
\xd3,\x8b\x0aH\xa8\x8b\xaa\x96\xe2\x86G/p{\xf5\
\x8ff\xbb\xd3\x11E\x84\xf8\xaeSn\xb48K\x0b\x0e\
K\x88\x16M]\x8fe\xff\x88\xb4\x88\xf2\xb4\xe6RK\
\x05\xf8\x98\xd6\xdb\x88\xcc\xc6o\x87%\xe6\x06\xc1\xc8S\
\x97\x7fn\xbb\xb0\xe1\xb1\x81\xcfM\x07\xd1Vt\xea~\
2\x8b\xf2T\xf9\x15\x04\xe1T\xae\x01\x8aE\x01\xeb\xac\
\x854\xe3F\xde\xb2\xba\x91\xe02\x14\x16\xeb\xeb\x06\x86\
\x12d\xb7\xd7\xa3\x81\x09\xc9\xf3\x02\xc6{\xaa\x88\x09\xed\
g\x05\x8cM\x1f\x8f\x88\xfb\xac\x10!\xde\xe3\x11\xf1?\
\x1d\x11\x09\x06G\x10\x19\x16|\xd1b\x03x\xb8n\xe2\
\xb4\x0f\xe6Tg\xca&\x83s\xe7\x96\x17\x22I\x06\xfc\
\x96\xed5\xc5\x8f o\x1f\xb9\xea\xdf\x86I~7v\
\xedC\x96\xc2\x9f\xc8\xd1\xb2\x84U\xd7LJ\xb6\x1d\xef\
Z+\x15\xcbe\xc5\xeb\x08\xdf\x8d\xbc\x82Ny\x1e\x84\
\xd3\x82\xdc\xf7\x0b\xba\xae9\x13\xa5\xee\x1b\x8ek7\xd0\
\x0f\xe8sb\xa2\xd8\x82\x82\xa2`\x22\x93 t\x10\xf6\
l'\xa4\xf6'\x86\xe81\x88\x1d\xe4\x12\xcf\xf7\x1e\x1e\
\xa0\xf7\x07\xf9d(\xffj\x10\x1b\x05]\xd5\xa36r\
\xba\xe0\xfd\xc9\xa0\xc1\x9e\xf3:nC\xfc\xb0\xa2?A\
E\xf7U\x10u\xbc\xde\x96\x1c:\x958\xbe?\x92S\
\xf4\x8e\x83\xe9v\xdb\xfc\x85\xc0\xdc\x9d\xad\xc43\xfe4\
l\x8c\xc2\xf6\xf1\x04\x94\xf6\xff\x07\xe5\xa5\xb5\xea[E\
Kw|m[i\xa9N\xb2\xbd\xdbM\x01-nr\
\x9b\xf2\xf5\xae\xdd\x5c\xb0\xa1k,\xd9\x0axK&\xe4\
|\xd6\x03\xde+\x16B&\x5cjU\x9bC\xdeD\xd5\
\xe3\xd4\xd1\xad\xb3\xa9\x8bj\xd6A\x8f\x8f\xeb\x01\xfbD\
\xac!u\xf7\x95\x1f\x84\xc8\x81\x09\xa0\xd0\x0d1\xc5\xe1\
\xbe:\x86\xac\xa6\xc8\xc7~\x18R\xff@\x09\xef\x0b\x90\
\x83)\x1cI\x07\x13\x03\xdc\x12\xa8\x9c\x99\xb1-\x07\xa7\
\xda?z\x97\xa1J\xadWR\x81S\xcb\x86\xef\x8fT\
\x1as\xb1\x10\x9b\xe3j \x12\x8d\x22\x89f\xd3\xf5\xe7\
\xe5f<k\x93&j\xff\x8e\x0d\x5c\xa7\x05``\xf6\
%\x8e\xd8\x03\xc4\xfb\x16\xba\xce\xf9\xf8\x94\xc5f\x17C\
\xfb\xaa\xediU\xce6\x90\x13\x1f8\xf8M\xf6M\xaa\
\x82\x95\xe6*\x13\x0b\x96}\xc4m)\xea\x96,\xa9\xf7\
\xf4a9\x81N\x87\xb6\x8a\xe4\xf9l\xb3U\xb2\x09k\
Q\x02\xdb\xf7v]\x84\x90)\xd0\xae\xcd8/:\xd1\
v,R\xf4\x12(\xfe\xa6\x8d\xc1\xbd2\xdf\xeb\xb6c\
]\x97?\x97\xd6an\xb4\xf2\x9c\xd7,a5\xdb%\
\x8a\x96\xd00\x1c<\x03\xa6\x1e\xfd\xf1\xfa\xc7!\x13\xe3\
8\xfaK\xc8\x9b]\xfa*\x03\xb6\x10\x0dl\xd7\x98D\
%q\x04\xdc\x1a(\xe6U\x9aC\xf8+Z\xfe\x03p\
iH\xd9A11V`M\xce'\x98V\xf2\x8e\xa4\
\x1f\xfdR\x91\xc4P\xdd`\x90\xf5\xa6\x86r\xfa\xb3z\
\xc9\xb4\xf8\xaaI\xd3:\xe3\xe32\xd2\xaf^\x17\x93\x91\
s\x97\x96\xf6\xbe}Z\xedP\x99$\xce>\xa1\xfcE\
)\x0dr\x98A\xa2)s\xa8f\xfd\xf0\x01\xcdQ\xaf\
s\xec0\xb8ww\x83\xb1\x13\xecw\x87\xf8\xcb\xf56\
\xb8?)F\x87\x83np\xecp\xc4\xac\x8e~\x0d1\
N~\x11\xe9\xbb\x9a]\x0a@|\x87\xc8\xf1m8m\
<n\x12oP\xc8\x89\x99jnld\x13\xd7\xf6\xc2\
`\x88\x8a\xc9q\xfc\xd0\xbe\xbb\xeb\xb7\x9c\xcf{\x14\xb7\
\xc70>\xc7\xea\xf4\xed\x81\x99\x02\xac<\x82l\xdd\xe1\
p\xdfc\xf7#G\xee7\x0a\xd5\x00\xd2\xf9p\x07\xed\
\x1f>\x06Y\xf0\xf5@F\x10\xec \xa6n\xf04\xbc\
\xaek\x84\xf5)p\xae\x9a_\xe3\x95a#\xda\xdd\x1e\
\xdc\x1c\xa0c\xfb>5\xf1\xbd\xf1y\x92\x98Q\xb4\x96\
\xb8\xee\x93!\x90\x1b\xae.I\x9fBn\x07(\x02\xe7\
s\x02\xf1\xf4\x91\x90\x8f#a\xa0D\xb1\xa1\xd3\xd4\x86\
\xe2r\xe2\xfeD\x5c\x98\xf4\xd9\x00B\x02]$\x1e\x05\
\x08\xf9\xa6\x01\x19\xd7\x0a\xf5\x95\xa0\xaf\x15\xed\xed\xc1\xcd\
)\x08\xecg\x13\x13~\x97#\x8fM\x12\xe7\xf9T\x0d\
\xed\xec\xe3\x00\x09\x9f\x0e\x90\x17K\xaa~\x06L(W\
?SL\xa0\xfb\xc3\x94\xba_\xa0\x07\xd9\xfd\xab\x86 \
\xf5\x1fO\xb8\xa0\x07\xb1i'\x0dU+\x07\xd9\xa4v\
\x91\x80|\xb06\xfe>D\x0ex\xfd\xa7T\xdb#$\
\xa3\xfd\xb01DO\x92V%\xd0\x92(-\x14\x06\x17\
\xe2\x96\xcbe&\xd6\xd1mZ\xa5\x8b\x8c_\xb4\x7f\xd3\
L9\xa7E\x1d\xf0\xb1\xcfCv\x07K\x01x>p\
)\x86\x9d!\xeer\xf9Q\x96\xf2\x94{2\xe2(P\
\xadl\x1a\x1cl\xd6E\xce\xe4\x0d\x97\xdd(^0p\
\xce\x5c\xb0\xf8F1\xb6\x22\x89X\x0c$\xbf\xc9X\xcd\
\x0f\x89L\xe0\x1e\x10\x99\x11\x03\x19\xbe\xcd:c\xeaB\
\xfa\x7f\xc3\x04c\x0a\xe3\xa1v\x1f\xc8\x1d\xec\x05\xe2\xc2\
wm\xeax\x0f\xae\x0f>\x94\x82\xfd\xf6\xcawl\xc7\
\xfe\x02\xb9@\x09\xf2UY\xf0\xce\xa9\x87\x9c.\xe6\xa9\
\xdf\x95\x96P\x1d\xbf\x8e\x91\x19\xa6\xee\xd4\xce\xcd\xe0X\
\xa7\xfe\xd0\xca\xd1~,\xbcT\x1f\x1c\xae\xce\xfe\x03\xff\
0\xb7\x9c\
\x00\x00\x0a \
\x00\
\x00/\xfbx\xda\xedZY\x8f\xdb\xc8\x11~\x9f_\xc1\
\xc8/\x1eDM\xf5\xcdn\xce\x8c\xf7a\x17\x1b,\xb0\
A\x80\xd8F\x1e\x17\x14\xd9\xd20\xa6H\x81\xa4F\x92\
\x7f}\xaaI\xf1\x928\x87f<\x93\x8dc\x19\x86\xd5\
U\xd5WU}u\xb4|\xfd\xd3n\x958w&/\
\xe2,\xbd\x99\x10\x17O\x1c\x93\x86Y\x14\xa7\xcb\x9b\xc9\
\xe7O\xbf\x225q\x8a2H\xa3 \xc9Rs3I\
\xb3\xc9O\x1f.\xae\xff\x82\x90\xf3sn\x82\xd2D\xce\
6.o\x9d\xdf\xd2/E\x18\xac\x8d\xf3\xfe\xb6,\xd7\
\xfel\xb6\xddn\xdd\xf8@t\xb3|9\xbbt\x10\xfa\
pqq]\xdc-/\x1c\xc7\x81}\xd3\xc2\x8f\xc2\x9b\
\xc9a\xc2z\x93'\x95`\x14\xceLbV&-\x8b\
\x19q\xc9l\xd2\x89\x87\x9dxhw\x8f\xefL\x98\xad\
VYZT3\xd3\xe2]O8\x8f\x16\xad\xb4=\xcd\
\x96UBDk=\xc3tF)\x02\x09T\xec\xd32\
\xd8\xa1\xe1T8\xe3\xd8T\x8a1\x9e\x01\xaf\x93|\x9a\
\x94\xbfK@\x15\xf7\x1e\xa6\xe2\xf6w\x07\xf5\xaf\xe1o\
;\xa1!\xb8E\xb6\xc9C\xb3\x80\x99\xc6MM9\xfb\
\xe5\xd3/-\x13a7*\xa3\xde2\x8d\xf6\x07\xfb\x0e\
L\x92\x06+S\xac\x83\xd0\x14\xb3\x86^\xcd\xdf\xc6Q\
y{3a\xdc%\x0c>\xa2\x22\xde\x9axy[\x1e\
S\xe3\xe8f\x02w\xa5Z\xd5\xe3\x9e+\x91Z\xe0\xb0\
\xb0\xdfr\xb0\xab\xa9K\x9c\x9c\x08\xe6\xd52\xcd\x15\xfc\
(\x0b\xed\x99`I\xb3\x8a\x83M\x99\xad\xc0\xc6a\x98\
\x04E\x11/\xe2\x10\x06Y\xbaN6\xcb8\xfd#L\
\xe2\xf5\x1fe\x96%n\xa3\xeav'\xb3[gy\x89\
v\xd1\x1aT(\xbdQ\xe6\xbea~\x00\xeeud\x16\
\x85\x95\xaa\xefcGp\xa1\x9a\x07\x5c0\x8f\x09\xf2\xbf\
\xe5A\x14\x83S\xd6r\xbd\x15\xc3,IL\x08\x9a\x09\
\x92m\xb0/&\xad\x00,5\x9c\xca1\x93\x87Ea\
\xd9\xa2\xcc\xd6\x8d,\xe8\xa0\xdc'\xf6\xe2@D\xb0b\
\x96\xfb\xefp\xf5\xb9\xaaH\x19\x98).\xf7>\xb9\x9a\
ts\xb2\xc5\xa20\xb01\xee\xd1*\x83\xc0\x0c\xd8\x0b\
\xa0;{\xd9nxl72\xba\x1b\xc7\xedn\xd7\xb3\
\xe1\xb5\xbf\xbd\x1a\xa9:K\x8d|\xae\xc9\xf3\xd5\x88\xcf\
T\xe3\xe9ng\xa8\x91\xd1g\xaa\xf1DKL)\xfd\
VZbJ\x93\xfb\xb5\xd4\x93\xf2\xc6\x16te\xed{\
t\xf2\x9c\x13\xbe\x99q\xe0\xf8\xec\x95|\xbc\xca\x00\xfe\
mn c\xbd\x1b1\xe3CV\xd6\xa2[\x86\xdcL\
\xa8l\x87{\x18\x92n\xb8\xa3\xc0\xed\x84\xf70$\x9d\
1\x97\x87\x05?\xa7q\x09imS\x98\xfc\xa3M\x0d\
\xffH?\x17\xe6D\xeaS\x1e\xa4\x05\xe4\xa1\x15\xa8&\
\x0c\x12\xf3\x1e*\x07i?\xdee\xa7\xa2s<\x15\xc9\
\xb7\xf4U\xa4\x9f\xe6\xad\x88\xfc\x8f\xfbk\xef\xa2gy\
\xec\x91s\x1c\xbb\xce\x91c\x0d\xdd\xeei\x9e4\xe2\x06\
P\x0b=\x15\x11\xa8\xdb\xeeQp\x8d\xf8,\x94\x15y\
\xbc{\x8f]\xaa$\xa1\xc2cS\xf0_\xea\x09\x8f{\
S\xd4}\xed\xf1\xa9\xe7\x82\xc59QS$\x5c%\x98\
\xc4T<\xee\xea/\xc0}\x95\xe4\x1e,%\xf8\xc0\x00\
L\xbaDB\xce\xd7\x03+1\xb8\x81\xa7\x89\x18X\x92\
1WI\xc6\xf50\x16\xc0\xbd$\xa3\x023\xf1\xf2\x98\
\xd0\xe9W{p\x0f\x0a\xaa\xb4\x7f\x5c\x819\x95\xe0\x96\
\xa0n\xcf\xd3\x0aK1E\xda\xa5D\x03\xa2^[\x9d\
L>\xa8NN\x87\xea\xa4.c\x9426P'\x22\
\xc4\x15\x9e\xe6\xff'\xfa\x1c\xaf`\x11~\xcb\x1a\x16\x89\
\xb7\xadb\x11y\xd3:\x16\xf1\xb7\xacd\x11{\xdbZ\
\x16\xb1\xe7\xa7\x9f\x11\xfc\xdc\x03\xb6q`\x8e\x82\xf8\xb9\
\xb9\x89c\xc9\x9e\x1af\x10\xfeF\xb9i\x14\xebt\x0a\
\x8d\xbe\xe2\x0c\xf2\x8f\xa7\xa6pm\xae9c\x8fb\xfd\
l\x8d\x9ef\x8e\xd1$\xf3\x02\x85\x8a\xa7\xa6A\xc4\xff\
{\x0a\xbd\x9e\xd9\xd7\x80\xea[\xfbJa\x9f(\xa2\xbb\
\xd8l\xbb'\x83y\xd0\xdev\x1d,M\x85\x1f\xb8\xcb\
\xa2\xfa\x1c\x18\xf3,\x8fL\xde\xb0\xaajY\x0eX\x07\
\x88\xd5\xcfp\x17\xc3\xfb\xdaU[>\x1e\xe7\x17\xb7A\
\x94m\xa1\x16;f~\xcd2\xd0\x03\x5c\x8dhO\xe1\
\x13v\xb8\xb3\x00b.\x93\x1ea'L\xd8\x8f\x02\xb8\
(&\x84\x9c07y\x0e\xcaFI\xb07p\xa9\xea\
\x9fF\xa8\xb8\xcd\xb6\xcb\xdc*\xa7\xcc7\xe6x\xa6\xe5\
\xa0\xf9<\xdb\x8d\xb3\xa3,\xdc\xd8\x17@\xb4\xa9\xfdj\
\xbd\xeb\xaf\xba\x89#S\x8cO,\xd2`\x8d\x96I6\
\x0f\x92q\x81m\x9c\x82\x92\xd0\xe1\x89\x8b\xb0\xd6\x06\xc7\
\x12\xcd{\x97\x87\xd5=\x12\xbb.\xd0\x1e\xb3\xf6\xf7\xb3\
V\xc1.^\xc5_M\xd4\x85\xcdN+\xf6f}\xb5\
\x1c0=P[\xe3\xea\xe5\xde\xbe\xed\xed\xf6\x966@\
\x9a%P\xdd\xeb\xb5\xb3<^\xc6\xe9\xae\x9f\x17j\xd2\
\xbeO\xb2/\x81q\xba\xdcU\xfeW7s\xc7\xbc}\
\x9f\xd7\x00\xe4\x14\x17\x15}e\xca \x0a\xca\xa0\x03I\
C\x81\xb35%\xc4u\x1e-\xfc\x7f\xfe\xf2k\x9b\x93\
\xc2\xd0\xffW\x96\x7f\xe9\xd2\x89\x15\x08\xe6\xd9\x06,\xd1\
fJ\xfbb\x17\xfa\x16\xddA\xf9!^\x81\xeb\xdb\xf7\
\xd6\xbf\xeeV\x09\xc0\xb5e\x0c\x84\xad\xb2\xbaE\xebe\
sS\xbf\xa7\x8e>AG\xe1*\xb6\x93f\x1f\xcb8\
I~\xb3\x9b\xf4r\xe7a\xd1\xb8LL/\xa1\xce\x0e\
\xa7o2^\xefr\xd7\xb3\xe6\xf6\xd5h\xd9ie\x00\
\x9a\xd6\xd0I07\xe0\xc1\xbf[\xa6s\xea'y\xb6\
Y\xaf\xb2\xc8\x1c\xa67\xda4I\x12\xaf\x8b\xf6\xa2\x87\
\x94>,\x8d\xa2\xb8X\xc3$?Nm\xa4\xbd\xca\xee\
L\xbeH\xb2\xad\x7f\x17\x17\xf1<1W\xd5\xbfqb\
s}CZ\x80\x06\xfc4\x03\xe9\xa2\xcc\xb3/\xc6\x7f\
\xa7\x85a\x8b\xc5aX\x83\xc9\xa7\xae$\x82r\x82E\
C\xb7\x1b\xc0y\xfd\xf9\xa6,\xfb\xb4\x7fgq\xea\x83\
zM\xdeP\xabA\x02\xb8(}\xde\xd0\xa2\x00\x02Z\
\x9e\xc3Q{[W\xd4\xba\xec\xf0qC\xebj\xa1U\
\x90\x7f1y=\xc1\xa4\x01\x1c\x1e\xcd\x83\xf0\x8b\xd5W\
\x1a\xf9A\x08Qe\x93\x04\xe503\xad\x83\xf2\x96a\
.\x91@\xdc\x96,-\xc0Fr\x88VRA$d\
\x90?\x88$\x9aIe\xd3\x07\xc4UJ\x98\xa0S+\
\x00%\x00\x16\xd2\xa6\x98\xcbv)\x1bb\xb5+9&\
Ztm\x9d\x8d\xad\x10w\x81*i\x97\xe3r\x90\xe5\
.\xc3RweU\xbe\xb7\x19\x19R\x94\x84m\xba\x5c\
oO\xfe\xa0\xb1\x17\x19\xc4\xd0\x8a\x03:\x01T$5\
\xe5.\xc8\xe3 -\x07\xb4m\x15\xef\x06$P\xaf)\
\xc3\xdb!\x0dB\x97\x0f8\x8f7\xab+k\xcbC\x9c\
\x1c\xc8,\x82U\x9c\xec\xfd\x8f\xa0\xbe+\xd48-\xaa\
\xa7\xafM\xd8>\xe5\xd7\x12\xa5\xd9\x95 \x15A\xb8\x07\
\x93V\xa3 \x89\x97\xa9_\x94A^\xd6\x84\x08Rj\
^\xcf\xa9l{D\xac\xbc\xaa\xe6$\xa6\x04WB\x87\
\x80\xd5\x1ck\x0b\x09\xf6\x98V\xad\xd1\xda\xb8\x9e\xbd\xcd\
\xe3\x12D\x90\xc5\x96\x9f\xe4\xa8\x9c\x03^r(4\xec\
\xceI\x99_\xd9D_]\xbb\xb8\x8d\x17\xa5\xdf\x0c\x0f\
\xc7N\xc3[P~}\xee\xe7\xe2\xac\xc1\x96\x1d\xf4<\
\xfb\x80\xbc>\x14j\xd8\x81\xffH\xcfc\x8c\xf0\xf3\xbd\
\x1f\x9c\xff\xef\x0e\x03\xa7\xb5?\xe8@\x17\x89\xdd:\xb6\
;?;\x84N\xadkV\x0c\x07\x18U\xd4\xf7,M\
\x1f\x0f\x7f\xb7\x049%\x9e\xcbj\xf1\xd0\x01\xe7w\x08\
w\xa1\xb6\xa2\xae\xaa\x89\x14\xaa\xacz\x12\x82\xda\xb2\xda\
\xc7\xa1\xcd\xce\x08\x1aX\x87[i\xaf>\x00\x80JX\
\x0e\xb7\xd2\xdc\xf9z\x0aX%)\x12c\x85a\x0aA\
\xa7\xccr\x04\xc5\xc9]Pnr3Hrm\xb2\x02\
\x0b\xdb\xf8\x0euDh??@\xf5=\x83\x0a\x12\xfb\
\xfbw\xa7\xcf\x8d\x97o\x872\xcak\x87fS*{\
(\x93\xae\xa7\x00\x03S\x0d\xe9D3\xc1\x00\x5c\xc2U\
\x94\x10\xc9\xa6\x1e\xc0\x8fb\xc1\xbdQ\x1a\xa0\x0e2\xae\
\x90\x1e\x9d*\x8b,\x85u\x83<\x09[)\xc1\xf9\x14\
$4d\x1c8\xb9\xa3\x5c\x8fs\xe8~\xa6D\xbb\x14\
\xf2\x88\x87=\x80\x1f\xa7\x5cp8\x12\xd4\xfeZ\x11\xe5\
0\xd7c\x8a\x02\x85\xb9P\xeeS8#|a\xd0A\
\x13\x0bQN\x85\x22\xec>0z\xaf\x01F\xeb&G\
`\xac\xa3$\xc6BD\xfc\xd8~\xd50\xdf\x002\xcd\
\x9d\x81U\xa3\xb6bi\x1f\x86zF%\xd0\xe32\xad\
\xb8\x94\xe7\xd7!\xed\x9e\x03e\xd8\xe3By\xdb\xd5\x10\
M\x9f\x01\xa6\xc2\x0a\x8a\x84\x96\xd1\xb4\x17\x10:\xb9\xa0\
\xa4\xf7\x98{3\x91\xe0\x15\x82\x8a\xfe\x8b\xfb\xcdD\x80\
%4\xb4\xabbP(@g\x86\xa9\xa7\xb87(\x15\
\x80\xaa\x08\xef=\xd1\x9f\x962\x04\x0a\x14\xdb\xf8\x0a\xe6\
I\x10\xb5\xfd0\x85\xa0\xce\xc1k\x06\x95\xcb\x83\xbf\xaa\
;\x0f\xfd\xb2\xfeP@=\xad(\xc7\xec\x03\x89\x89\x10\
\x0c\x0e\xcf\xd6\xbb\xf3k\xcaS\x0b\xd9\x1e\xc4\x81f\x96\
\x1d\x80\xe8\x81\xb7W\xb9\x09J3\xc0@\xf5\xdf\x1a\xf8\
\x89ss\xac%Rg\xb8\xf7\xa8\xf3\xdeo\x01L<\
0\xa0\xb2\x16\xd0\x9e\x84:\xf2\xc8\x02\xb5A%x*\
\x97\x8f\x19\xdf\x96\x89\xdae\x9a\xa8\xfeo)\x95\xf3\xc0\
6\xac\xf7\xc8\xdd\xfa\x1fq\x09\xd5\xeaq\x87m\xdc\x1b\
\xfc\xa5\xd7\x17\x0e!\x19\x046=\xbe\x0c\x92\xa4\x02$\
~\x11$\xff\xfc\xaeg\xf3I\x95\x03z\xae\xc7\xeeq\
\xbd\x979\xde\xc0D\x8bE]\xc1\xbc\xd0DL\x0b\xa1\
\xe8\xb7\x0c\x9a\xe0U\xfa\x8c\xa0I\x5c\x88\x84\xa4\x17\x0b\
m\xcfDm^UR\xf6\xd1@\x95K\xb5d=\x07\
\x7f(jzZSh\xf0\x1e\x0f\x9b\x9e\xc0L\x01\xa0\
\xa6\xb6b&\x18s\xfb\xd5\x82\xb65\xc1k\xb6\xe2#\
\xd5\x8c\xfd\x01\xeb\xbejfT\x9c\xf1\xcb\xef\xae}\x7f\
\xb0s\x87\xc8\x0a5\x83\xa7\xc1d\x9eb\x0aC\xb0\xad\
\xc3\xaf\x80bHV\xd1\xd7\xbe\x8d+\xef\xb4s\xb7\x8f\
\xc2\xf6\x87\x049\xe8\xdc\x11\xd4qZA)\xf5\xa3s\
\xff\xd1d\xdc\xd7d(-.\xdf\xb4\x95\x97\x87\xc6\x1c\
\xa2\xb4\xed/\xc8\xa1\xc4\xb1\x9d\xbaj2\x8e\x9aBo\
\xce\x9a\xd2\xa7?J\x1c\xdc\xb4)\x87\xe6\x9f\x8fu\xf3\
|\xa4\x9b\xf7\x9e\xd0\xcd\xb3\x87\xba\xf9\xd7h\x1f\xde<\
\x0aKvV\x14\x96\xe2\xf2{|D}\xad'Th\
t\x09f\xbaW)UO\xa8\x1c\x8a[\x08\xe2\xe2\x1b\
\x05\xe2?E\x85h\xdb\xf4\xc7\x8b\xc33K\xc3\xeb\xd9\
\xf2\xc3\xc5\xb5\xfd\xb1\xe4\xc3\xc5\x7f\x00\xc5\x8d\xf3\xce\
\x00\x00\x0f\x81\
<\
?xml version=\x221.\
0\x22 encoding=\x22UTF\
-8\x22 standalone=\x22\
no\x22?>\x0a<svg\x0a   xm\
lns:dc=\x22http://p\
url.org/dc/eleme\
nts/1.1/\x22\x0a   xml\
ns:cc=\x22http://cr\
eativecommons.or\
g/ns#\x22\x0a   xmlns:\
rdf=\x22http://www.\
w3.org/1999/02/2\
2-rdf-syntax-ns#\
\x22\x0a   xmlns:svg=\x22\
http://www.w3.or\
g/2000/svg\x22\x0a   x\
mlns=\x22http://www\
.w3.org/2000/svg\
\x22\x0a   xmlns:sodip\
odi=\x22http://sodi\
podi.sourceforge\
.net/DTD/sodipod\
i-0.dtd\x22\x0a   xmln\
s:inkscape=\x22http\
://www.inkscape.\
org/namespaces/i\
nkscape\x22\x0a   widt\
h=\x2234.133335\x22\x0a  \
 height=\x2234.1333\
35\x22\x0a   id=\x22svg53\
20\x22\x0a   version=\x22\
1.1\x22\x0a   inkscape\
:version=\x221.0.2 \
(e86c870879, 202\
1-01-15)\x22\x0a   sod\
ipodi:docname=\x22s\
emiautomaticclas\
sificationplugin\
_download_arrow.\
svg\x22\x0a   inkscape\
:export-xdpi=\x2267\
.5\x22\x0a   inkscape:\
export-ydpi=\x2267.\
5\x22>\x0a  <defs\x0a    \
 id=\x22defs5322\x22 /\
>\x0a  <sodipodi:na\
medview\x0a     id=\
\x22base\x22\x0a     page\
color=\x22#ffffff\x22\x0a\
     bordercolor\
=\x22#666666\x22\x0a     \
borderopacity=\x221\
.0\x22\x0a     inkscap\
e:pageopacity=\x220\
.0\x22\x0a     inkscap\
e:pageshadow=\x222\x22\
\x0a     inkscape:z\
oom=\x2211.197802\x22\x0a\
     inkscape:cx\
=\x227.6094086\x22\x0a   \
  inkscape:cy=\x221\
6.013151\x22\x0a     i\
nkscape:current-\
layer=\x22layer1\x22\x0a \
    showgrid=\x22tr\
ue\x22\x0a     inkscap\
e:grid-bbox=\x22tru\
e\x22\x0a     inkscape\
:document-units=\
\x22px\x22\x0a     showgu\
ides=\x22true\x22\x0a    \
 inkscape:guide-\
bbox=\x22true\x22\x0a    \
 inkscape:window\
-width=\x221366\x22\x0a  \
   inkscape:wind\
ow-height=\x22706\x22\x0a\
     inkscape:wi\
ndow-x=\x220\x22\x0a     \
inkscape:window-\
y=\x220\x22\x0a     inksc\
ape:window-maxim\
ized=\x221\x22\x0a     in\
kscape:document-\
rotation=\x220\x22>\x0a  \
  <inkscape:grid\
\x0a       type=\x22xy\
grid\x22\x0a       id=\
\x22grid5346\x22\x0a     \
  originx=\x220\x22\x0a  \
     originy=\x220\x22\
\x0a       spacingx\
=\x221.0666667\x22\x0a   \
    spacingy=\x221.\
0666667\x22 />\x0a  </\
sodipodi:namedvi\
ew>\x0a  <metadata\x0a\
     id=\x22metadat\
a5325\x22>\x0a    <rdf\
:RDF>\x0a      <cc:\
Work\x0a         rd\
f:about=\x22\x22>\x0a    \
    <dc:format>i\
mage/svg+xml</dc\
:format>\x0a       \
 <dc:type\x0a      \
     rdf:resourc\
e=\x22http://purl.o\
rg/dc/dcmitype/S\
tillImage\x22 />\x0a  \
      <dc:title \
/>\x0a      </cc:Wo\
rk>\x0a    </rdf:RD\
F>\x0a  </metadata>\
\x0a  <g\x0a     id=\x22l\
ayer1\x22\x0a     inks\
cape:label=\x22Laye\
r 1\x22\x0a     inksca\
pe:groupmode=\x22la\
yer\x22>\x0a    <path\x0a\
       style=\x22co\
lor:#000000;disp\
lay:inline;overf\
low:visible;visi\
bility:visible;f\
ill:#49646b;fill\
-opacity:1;fill-\
rule:nonzero;str\
oke-width:1.2929\
9533;stroke-line\
cap:butt;stroke-\
linejoin:miter;s\
troke-miterlimit\
:4;stroke-dashar\
ray:none;stroke-\
dashoffset:0;str\
oke-opacity:1;ma\
rker:none;enable\
-background:accu\
mulate;stroke:#e\
5e5e5\x22\x0a       d=\
\x22m 13.7,0.166666\
67 c -1.092615,0\
 -1.966667,0.874\
05183 -1.966667,\
1.96666663 V 16.\
433333 H 4.26666\
67 c -2.1333337,\
0 11.7333333,16 \
11.7333333,16 L \
17.066667,33.5 1\
8.133333,32.4333\
33 c 0,0 13.8666\
68,-16 11.733334\
,-16 H 22.4 V 2.\
1333333 c 0,-1.0\
926148 -0.874051\
,-1.96666663 -1.\
966667,-1.966666\
63 z\x22\x0a       id=\
\x22rect5348\x22\x0a     \
  inkscape:conne\
ctor-curvature=\x22\
0\x22 />\x0a  </g>\x0a  <\
g\x0a     inkscape:\
groupmode=\x22layer\
\x22\x0a     id=\x22layer\
3\x22\x0a     inkscape\
:label=\x22Livello\x22\
>\x0a    <ellipse\x0a \
      style=\x22col\
or:#000000;displ\
ay:inline;overfl\
ow:visible;visib\
ility:visible;fi\
ll:#33454a;fill-\
opacity:1;fill-r\
ule:nonzero;stro\
ke:#e5e5e5;strok\
e-width:1.336;st\
roke-linecap:but\
t;stroke-linejoi\
n:miter;stroke-m\
iterlimit:4;stro\
ke-dasharray:non\
e;stroke-dashoff\
set:0;stroke-opa\
city:1;marker:no\
ne;enable-backgr\
ound:accumulate\x22\
\x0a       id=\x22path\
5982\x22\x0a       cx=\
\x2225.599998\x22\x0a    \
   cy=\x2227.733334\
\x22\x0a       rx=\x227.4\
666653\x22\x0a       r\
y=\x226.6666665\x22 />\
\x0a    <ellipse\x0a  \
     style=\x22fill\
:none;stroke:#e5\
e5e5;stroke-widt\
h:0.20201878;str\
oke-miterlimit:4\
;stroke-dasharra\
y:none;stroke-op\
acity:1\x22\x0a       \
id=\x22path6043\x22\x0a  \
     cx=\x2225.2888\
87\x22\x0a       cy=\x222\
7.733334\x22\x0a      \
 rx=\x222.7999995\x22\x0a\
       ry=\x226.376\
8115\x22 />\x0a    <el\
lipse\x0a       id=\
\x22path6045\x22\x0a     \
  style=\x22fill:no\
ne;stroke:#e5e5e\
5;stroke-width:0\
.30115181;stroke\
-miterlimit:4;st\
roke-dasharray:n\
one;stroke-opaci\
ty:1\x22\x0a       cx=\
\x2225.599997\x22\x0a    \
   cy=\x2227.733334\
\x22\x0a       rx=\x226.2\
222214\x22\x0a       r\
y=\x226.3768115\x22 />\
\x0a    <ellipse\x0a  \
     transform=\x22\
matrix(0.0063758\
7,0.99997967,-1,\
0,0,0)\x22\x0a       i\
d=\x22path6047\x22\x0a   \
    style=\x22fill:\
none;stroke:#e5e\
5e5;stroke-width\
:0.2087952;strok\
e-miterlimit:4;s\
troke-dasharray:\
none;stroke-opac\
ity:1\x22\x0a       cx\
=\x2227.733896\x22\x0a   \
    cy=\x22-25.5787\
81\x22\x0a       rx=\x222\
.608789\x22\x0a       \
ry=\x227.3110561\x22 /\
>\x0a  </g>\x0a</svg>\x0a\
\
\x00\x00\x0b\x09\
<\
?xml version=\x221.\
0\x22 encoding=\x22UTF\
-8\x22 standalone=\x22\
no\x22?>\x0a<svg\x0a   xm\
lns:dc=\x22http://p\
url.org/dc/eleme\
nts/1.1/\x22\x0a   xml\
ns:cc=\x22http://cr\
eativecommons.or\
g/ns#\x22\x0a   xmlns:\
rdf=\x22http://www.\
w3.org/1999/02/2\
2-rdf-syntax-ns#\
\x22\x0a   xmlns:svg=\x22\
http://www.w3.or\
g/2000/svg\x22\x0a   x\
mlns=\x22http://www\
.w3.org/2000/svg\
\x22\x0a   xmlns:sodip\
odi=\x22http://sodi\
podi.sourceforge\
.net/DTD/sodipod\
i-0.dtd\x22\x0a   xmln\
s:inkscape=\x22http\
://www.inkscape.\
org/namespaces/i\
nkscape\x22\x0a   widt\
h=\x2234.133335\x22\x0a  \
 height=\x2234.1333\
35\x22\x0a   id=\x22svg29\
85\x22\x0a   version=\x22\
1.1\x22\x0a   inkscape\
:version=\x221.0.2 \
(e86c870879, 202\
1-01-15)\x22\x0a   sod\
ipodi:docname=\x22s\
emiautomaticclas\
sificationplugin\
_import.svg\x22\x0a   \
inkscape:export-\
xdpi=\x2267\x22\x0a   ink\
scape:export-ydp\
i=\x2267\x22>\x0a  <defs\x0a\
     id=\x22defs298\
7\x22 />\x0a  <sodipod\
i:namedview\x0a    \
 id=\x22base\x22\x0a     \
pagecolor=\x22#ffff\
ff\x22\x0a     borderc\
olor=\x22#666666\x22\x0a \
    borderopacit\
y=\x221.0\x22\x0a     ink\
scape:pageopacit\
y=\x220.0\x22\x0a     ink\
scape:pageshadow\
=\x222\x22\x0a     inksca\
pe:zoom=\x227.91804\
17\x22\x0a     inkscap\
e:cx=\x227.4951726\x22\
\x0a     inkscape:c\
y=\x227.8677452\x22\x0a  \
   inkscape:curr\
ent-layer=\x22layer\
1\x22\x0a     showgrid\
=\x22true\x22\x0a     ink\
scape:grid-bbox=\
\x22true\x22\x0a     inks\
cape:document-un\
its=\x22px\x22\x0a     sh\
owguides=\x22true\x22\x0a\
     inkscape:wi\
ndow-width=\x221366\
\x22\x0a     inkscape:\
window-height=\x227\
06\x22\x0a     inkscap\
e:window-x=\x220\x22\x0a \
    inkscape:win\
dow-y=\x220\x22\x0a     i\
nkscape:window-m\
aximized=\x221\x22\x0a   \
  inkscape:snap-\
global=\x22true\x22\x0a  \
   inkscape:docu\
ment-rotation=\x220\
\x22>\x0a    <inkscape\
:grid\x0a       typ\
e=\x22xygrid\x22\x0a     \
  id=\x22grid3765\x22\x0a\
       originx=\x22\
0\x22\x0a       origin\
y=\x220\x22\x0a       spa\
cingx=\x221.0666667\
\x22\x0a       spacing\
y=\x221.0666667\x22 />\
\x0a  </sodipodi:na\
medview>\x0a  <meta\
data\x0a     id=\x22me\
tadata2990\x22>\x0a   \
 <rdf:RDF>\x0a     \
 <cc:Work\x0a      \
   rdf:about=\x22\x22>\
\x0a        <dc:for\
mat>image/svg+xm\
l</dc:format>\x0a  \
      <dc:type\x0a \
          rdf:re\
source=\x22http://p\
url.org/dc/dcmit\
ype/StillImage\x22 \
/>\x0a        <dc:t\
itle />\x0a      </\
cc:Work>\x0a    </r\
df:RDF>\x0a  </meta\
data>\x0a  <g\x0a     \
id=\x22layer1\x22\x0a    \
 inkscape:label=\
\x22Layer 1\x22\x0a     i\
nkscape:groupmod\
e=\x22layer\x22>\x0a    <\
rect\x0a       styl\
e=\x22fill:#789ba2;\
fill-opacity:1;f\
ill-rule:evenodd\
;stroke:#e6e6e6;\
stroke-width:2.4\
;stroke-linecap:\
square;stroke-li\
nejoin:miter;str\
oke-miterlimit:4\
;stroke-dasharra\
y:none;stroke-da\
shoffset:0;strok\
e-opacity:1\x22\x0a   \
    id=\x22rect3010\
\x22\x0a       width=\x22\
32\x22\x0a       heigh\
t=\x2232\x22\x0a       x=\
\x221.0666667\x22\x0a    \
   y=\x221.066668\x22\x0a\
       ry=\x226.095\
2382\x22 />\x0a    <pa\
th\x0a       style=\
\x22fill:#3d2746;fi\
ll-opacity:1;fil\
l-rule:evenodd;s\
troke-width:2;st\
roke:#e6e6e6;str\
oke-opacity:1;st\
roke-miterlimit:\
4;stroke-dasharr\
ay:none\x22\x0a       \
d=\x22m 14.686747,2\
.5709195 c -0.94\
2103,0 -1.695748\
,0.7536466 -1.69\
5748,1.6957472 V\
 16.596759 H 6.5\
529079 c -1.8394\
548,0 10.1170001\
,13.795911 10.11\
70001,13.795911 \
l 0.919727,0.919\
728 0.919728,-0.\
919728 c 0,0 11.\
956456,-13.79591\
1 10.117,-13.795\
911 H 22.188272 \
V 4.2666667 c 0,\
-0.9421006 -0.75\
3645,-1.6957472 \
-1.695748,-1.695\
7472 z\x22\x0a       i\
d=\x22rect5348-6\x22\x0a \
      inkscape:c\
onnector-curvatu\
re=\x220\x22 />\x0a  </g>\
\x0a</svg>\x0a\
\x00\x00\x05\x22\
\x00\
\x00\x11\x8ex\xda\xd5XYo\xe36\x10~\xcf\xaf\x10\
\x94\x97\x16\x8d\x0eR'\x15\xdb\xfb\xb2X\xa0@\xfb\xd2\
n\xd1\xc7\x05-\xd16\x1bI\x14(\xca\xc7\xfe\xfa\x0e\
u\xcbv\x16\x1b\xf4\xc0\xae\x82 \xe073\xe4\xcc|\
\x9c\x19\x22\xabw\xe7\x227\x8eL\xd6\x5c\x94k\x13\xd9\
\xaei\xb02\x15\x19/\xf7k\xf3\x8f\x8f\x1f\xac\xd84\
jE\xcb\x8c\xe6\xa2dk\xb3\x14\xe6\xbb\xcd\xc3\xaa>\
\xee\x1f\x0c\xc3\x00\xe3\xb2N\xb2tm\x1e\x94\xaa\x12\xc7\
\xa9\x1a\x99\xdbB\xee\x9d,uX\xce\x0aV\xaa\xdaA\
6r\xccI=\x9d\xd4S\xc9\xa8\xe2G\x96\x8a\xa2\x10\
e\xddZ\x96\xf5\xe3LYf\xbbQ\xfbt:\xd9'\
\xafUB\x84\x10\xc7\xc5\x0e\xc6\x16hX\xf5\xa5T\xf4\
l-M\xc1\xc7{\xa6\xd8u]\x07d\x93\xe6\xd7i\
%5d\xa5\x82\xdfQ}\x00\xecZ42e;\xb0\
cv\xc9\x94\xf3\xfe\xe3\xfbQh\xb9v\xa6\xb2\xd96\
\xbc|\xa9SZ\xb1\xc5\xa9\x03\xd8e\x80\x16\xac\xaeh\
\xcajg\xc0[\xfb\x13\xcf\xd4amz\xbe\x8d<\xf8\
\x82\x16<0\xbe?\xa8k\x94gk\x13\xbc\xc7$\xee\
\xd63\x86Q\xa7\xd0o\x9c\xcc\xb9\xb7\xb1\xf1\x03\x8b\xc3\
4\x8e\xdc8\x22O\x06v1\xb2\x5cd\xa1\xe0\xc7\xd6\
h\x88)\xc9D\xaa\x9d\x843X\xc1i\xa3D\x014\
\xa6iN\xeb\x9a\xefx\x0a\x0bQVy\xb3\xe7\xe5\xa7\
\x9a\x1e\xd9') I}2\xc7\x93\xd9\xb9\x12RY\
\xe7\xac\x82\x94\x86\xd1]\xe1e\x10n@\xba\xca\xd8\xae\
\xd6Z]|z\x05\x01F\xa6\xe1\xb4\xd2\xd1;\xedZ\
v\xe4\xec4\xe9ni\xdd\xe5\xd00*\xba\x87\xfb\x96\
\x0b\xb96\x1fw\xed\xd7\x0b\xb6BfL\x0e\xa2\xb0\xfd\
\x16\x22\x01\x9cpu\xe9\xca\xa4\xdf{\xf0W\xef:\xca\
\xdd\xfb\xf2\xfa@3qZ\x9b\xf8Z\xf8Y\x88bm\
F6A\xb1\xeb\xa3\xe8Z\x9c\x9e\xe1H\xcfv\x03\xe2\
\xa1\x1b\xdb\x14\xce\xc3\xd8\x0e\xb5\xf0\xd6\xb2\x91\x12J\xd0\
\xca\xe9\x85AP\xed\x1f\xd4+\xd5\x07q\xdaK\x9d\x1c\
%\x1bvm\xa9%\xd6v+\xce\xf7\xc5p\x01\x1a]\
\xdcVSr\x05\x05T\x9d\xe7\xbb6<c\xf5}\xc3\
\xba\xa4\x95\xb5\xcf\xc5\x96\xe6\xf7\x15N\xbc\x84$Y\xfd\
]G\xde\xc8\xc1\xb5\xc6p\xf1#\xf75\x0d\xf0\xdd}\
Ety]T\xd03/\xf8g\x06\x89A\xaf\x86-\
\x85j/\xb9\xdef\xd3*\xad\x16\xa9\xeb\xec\x0cC]\
t\xa1\x9f/\x1a3\x07P\xe7\x5c\x03\x98\x90h\x04\x85\
\xe4P.3\x97\x07\xe82\x87t[\x80\xd6|n\xef\
`{C\xa3k\xd9e.\xebK\xc3\xb9\xad\x8d\x16/\
\x98\xa2\x19Ut*\x94\x01\x01\xdf\xc6\xc8\xa0\xc3&\xbf\
\xbd\xff\xb0\xe9\x0fZ\xa5i\xf2\xa7\x90/\xc3\xb9\x86\xa1\
\x15\xe8V4\xc0\x86\xb9\x19\xe1U\x96&\xd0\x13\xa15\
lx\x01\xd7_\xb7\xd3\x9f\xa0\x07\xae\x9cI\xb0P\xd6\
\xc9\x9a6\xed\xb6\x95\xack\xaew'L\x96\x16\x5c\x1b\
9\xbf+\x9e\xe7?\xebC\xfa\x88g\x9br\x95\xb3\x09\
\x5c9\xbd\xf7}l\xce,\xb8\x953D\xdf\xae\xf6S\
V\x16\x853\x12\x9d\xd3-\x83[\xfc\x8b\x16\x1a\xe8\xb6\
\x82DS\x15\x22c\xbd\xf9\x98M\x96\xaa\x912u\xc9\
A\xde\xf6\x9c\xe4\xd1m\xbf\xe7\x8c\xd7\x15X\xc0\xa0\xc8\
y\xc9\x9e\x05t\xe8].N\xc9\x91\xd7|\x9b\xb3\xe7\
\xf6/\xcf!\xf2\x11\xdaA\xf8\xc9#\xa5\xad\xbd^X\
}/JP\xb7\x94M\xce\x92R\x94\x9f\xa1\x8b=\xd7\
J\x8a\x176\x9e\xd7-\xbb\x8aK\xb0\xedG1\xf1<\
4\xc0\xda\x07\x88'\xd96J\xcd\xb1\xbf\x04/\x13H\
?\x93\x03\xda.r\xa8\x1d\x95\xf8\x03\x96QhzR\
B4p8\x9b\xa3b\xb7\xab\x99\x82\xf3b\x0f\xc7.\
\x0a\xe2A8y^P\xf9\xc2dg\xc9J\x0a\x81Z\
[\x9a\xbe\xe8\xc4\x96YBS\xa8\xc5&\xa7\x8a-\x0a\
K\xa7\x17\xa6B8\x82\xc3\xd4\xc4#2\x8e\xcc\x09\xba\
[P\x97{\xa0\x04UlG\x81\x1e\x91\xc1\x84\xb6\xba\
\xc4\xc5\xbeG\xf0x\x07\xffC\xae\xb7\x9e\xfe\xf9\xa7\x5c\
G\x88D\x18G\xc1\xf7L\xb6\x17\x05_C6\x0c\xd0\
x\xc9\xe4\xdb8\x87\xf9\x1bz\xbe\xe7.9\xc7\x80\xba\
$\x0a\xe2\x89\xf3\x8a\xaa\xc3\x15\xe7-e\xb3\x9c\xdc\xa7\
c<\x17W\xe7\xb7\x132fr\xf4\x0f\xf2\xf3\xab\x11\
\xda\x11\xf1\xc1\xf1\xe8\xc9\xb71\x0a\xbc\xc8'\x06\x8e\xec\
H?\x15=\x8d]\x85\xaa\xb3\xaa#\xf0tL#8\
\xbe'D\x09\xfe(!-xY\x1c\xa9j$\xd3\xd3\
\xe9\x9b\x8f=\xb2\xfd\x9b\xd8\x01\xfbB\xec\x96\xf7}G\
_\xcc\xa2G\xae\x1d\xea\xf0\x03x\xd0\xdb\xc4\x8bC\x12\
{O\xf0F\x0d\x10&\xf7\x83'o\x0f\xfe\xdbnu\
\xc8\xf6B\xcf\xf3\xff\xd7>\xf7/\xf7\xb8\xd9\x8d\x1c\x1e\
\xc7>\xb0\x09\x1f\xbaiv\xfd\xdd\x8e\x16\x03\x8e\xd8a\
\x9b\x19\x7f\xde\xecp`\x87\x8b>\x87l\x1f\x13P\x8c\
\xaef\x1b\xd2m.\xfc\xf2l\xeb\xf8b\x84nQ\xf8\
:_\xec\xc8J\x91e#_(\xce\xc2\xddn\xc9\x17\
\xdcS\x1f\x07n\x10\xf8o'\xe2\xb6\x1e\xa6w\x01!\
7I\xbc\x99\x0b_\x9e\x18\xc4\xd6\xff\x1ap\xd1bb\
\xdc\x80\xdd+\xc1sI\x8c\xc3\xf0*\x93\xa1\x1fG\xb1\
;\xbd\xcd\xf7\x9b\x87\x95~\x1bo\x1e\xfe\x06\x1c\xcb>\
\xac\
\x00\x00\x0cg\
<\
?xml version=\x221.\
0\x22 encoding=\x22UTF\
-8\x22 standalone=\x22\
no\x22?>\x0a<!-- Creat\
ed with Inkscape\
 (http://www.ink\
scape.org/) -->\x0a\
\x0a<svg\x0a   xmlns:d\
c=\x22http://purl.o\
rg/dc/elements/1\
.1/\x22\x0a   xmlns:cc\
=\x22http://creativ\
ecommons.org/ns#\
\x22\x0a   xmlns:rdf=\x22\
http://www.w3.or\
g/1999/02/22-rdf\
-syntax-ns#\x22\x0a   \
xmlns:svg=\x22http:\
//www.w3.org/200\
0/svg\x22\x0a   xmlns=\
\x22http://www.w3.o\
rg/2000/svg\x22\x0a   \
xmlns:sodipodi=\x22\
http://sodipodi.\
sourceforge.net/\
DTD/sodipodi-0.d\
td\x22\x0a   xmlns:ink\
scape=\x22http://ww\
w.inkscape.org/n\
amespaces/inksca\
pe\x22\x0a   width=\x2234\
.133335\x22\x0a   heig\
ht=\x2234.133335\x22\x0a \
  id=\x22svg2985\x22\x0a \
  version=\x221.1\x22\x0a\
   inkscape:vers\
ion=\x220.92.1 r153\
71\x22\x0a   sodipodi:\
docname=\x22semiaut\
omaticclassifica\
tionplugin_split\
_raster.svg\x22\x0a   \
inkscape:export-\
xdpi=\x2267\x22\x0a   ink\
scape:export-ydp\
i=\x2267\x22>\x0a  <defs\x0a\
     id=\x22defs298\
7\x22 />\x0a  <sodipod\
i:namedview\x0a    \
 id=\x22base\x22\x0a     \
pagecolor=\x22#ffff\
ff\x22\x0a     borderc\
olor=\x22#666666\x22\x0a \
    borderopacit\
y=\x221.0\x22\x0a     ink\
scape:pageopacit\
y=\x220.0\x22\x0a     ink\
scape:pageshadow\
=\x222\x22\x0a     inksca\
pe:zoom=\x225.59890\
1\x22\x0a     inkscape\
:cx=\x22-66.482746\x22\
\x0a     inkscape:c\
y=\x225.1490207\x22\x0a  \
   inkscape:curr\
ent-layer=\x22layer\
1\x22\x0a     showgrid\
=\x22true\x22\x0a     ink\
scape:grid-bbox=\
\x22true\x22\x0a     inks\
cape:document-un\
its=\x22px\x22\x0a     sh\
owguides=\x22false\x22\
\x0a     inkscape:w\
indow-width=\x22136\
6\x22\x0a     inkscape\
:window-height=\x22\
708\x22\x0a     inksca\
pe:window-x=\x220\x22\x0a\
     inkscape:wi\
ndow-y=\x220\x22\x0a     \
inkscape:window-\
maximized=\x221\x22>\x0a \
   <inkscape:gri\
d\x0a       type=\x22x\
ygrid\x22\x0a       id\
=\x22grid3765\x22\x0a    \
   originx=\x220\x22\x0a \
      originy=\x220\
\x22\x0a       spacing\
x=\x221.0666667\x22\x0a  \
     spacingy=\x221\
.0666667\x22 />\x0a  <\
/sodipodi:namedv\
iew>\x0a  <metadata\
\x0a     id=\x22metada\
ta2990\x22>\x0a    <rd\
f:RDF>\x0a      <cc\
:Work\x0a         r\
df:about=\x22\x22>\x0a   \
     <dc:format>\
image/svg+xml</d\
c:format>\x0a      \
  <dc:type\x0a     \
      rdf:resour\
ce=\x22http://purl.\
org/dc/dcmitype/\
StillImage\x22 />\x0a \
       <dc:title\
 />\x0a      </cc:W\
ork>\x0a    </rdf:R\
DF>\x0a  </metadata\
>\x0a  <g\x0a     id=\x22\
layer1\x22\x0a     ink\
scape:label=\x22Lay\
er 1\x22\x0a     inksc\
ape:groupmode=\x22l\
ayer\x22>\x0a    <rect\
\x0a       style=\x22f\
ill:#0055d4;fill\
-opacity:1;fill-\
rule:evenodd;str\
oke:#ffffff;stro\
ke-width:2.91160\
679;stroke-miter\
limit:4;stroke-d\
asharray:none;st\
roke-opacity:1\x22\x0a\
       id=\x22rect2\
993\x22\x0a       widt\
h=\x2221.316967\x22\x0a  \
     height=\x2217.\
882128\x22\x0a       x\
=\x2242.85601\x22\x0a    \
   y=\x2258.501255\x22\
\x0a       rx=\x222.54\
06871\x22\x0a       ry\
=\x222.7055781\x22\x0a   \
    transform=\x22m\
atrix(0.61163666\
,-0.7911388,-0.0\
9130278,0.995823\
18,0,0)\x22\x0a       \
inkscape:export-\
xdpi=\x2267\x22\x0a      \
 inkscape:export\
-ydpi=\x2267\x22 />\x0a  \
  <rect\x0a       t\
ransform=\x22matrix\
(0.61163666,-0.7\
911388,0.0028817\
4,0.99999585,0,0\
)\x22\x0a       ry=\x222.\
8917108\x22\x0a       \
rx=\x222.5406871\x22\x0a \
      y=\x2232.0267\
26\x22\x0a       x=\x2218\
.956062\x22\x0a       \
height=\x2219.11234\
1\x22\x0a       width=\
\x2221.316967\x22\x0a    \
   id=\x22rect3767\x22\
\x0a       style=\x22f\
ill:#00aa00;fill\
-opacity:1;fill-\
rule:evenodd;str\
oke:#ffffff;stro\
ke-width:2.72273\
231;stroke-miter\
limit:4;stroke-d\
asharray:none;st\
roke-opacity:1\x22 \
/>\x0a    <rect\x0a   \
    style=\x22fill:\
#ff0000;fill-opa\
city:1;fill-rule\
:evenodd;stroke:\
#ffffff;stroke-w\
idth:2.59333038;\
stroke-miterlimi\
t:4;stroke-dasha\
rray:none;stroke\
-opacity:1\x22\x0a    \
   id=\x22rect3769\x22\
\x0a       width=\x222\
1.316967\x22\x0a      \
 height=\x2220.4913\
37\x22\x0a       x=\x221.\
4567897\x22\x0a       \
y=\x2210.378194\x22\x0a  \
     rx=\x222.54068\
71\x22\x0a       ry=\x223\
.1003535\x22\x0a      \
 transform=\x22matr\
ix(0.61163666,-0\
.7911388,0.08505\
246,0.99637647,0\
,0)\x22 />\x0a  </g>\x0a<\
/svg>\x0a\
\x00\x00\x0b\xbd\
<\
?xml version=\x221.\
0\x22 encoding=\x22UTF\
-8\x22 standalone=\x22\
no\x22?>\x0a<!-- Creat\
ed with Inkscape\
 (http://www.ink\
scape.org/) -->\x0a\
\x0a<svg\x0a   xmlns:d\
c=\x22http://purl.o\
rg/dc/elements/1\
.1/\x22\x0a   xmlns:cc\
=\x22http://creativ\
ecommons.org/ns#\
\x22\x0a   xmlns:rdf=\x22\
http://www.w3.or\
g/1999/02/22-rdf\
-syntax-ns#\x22\x0a   \
xmlns:svg=\x22http:\
//www.w3.org/200\
0/svg\x22\x0a   xmlns=\
\x22http://www.w3.o\
rg/2000/svg\x22\x0a   \
xmlns:sodipodi=\x22\
http://sodipodi.\
sourceforge.net/\
DTD/sodipodi-0.d\
td\x22\x0a   xmlns:ink\
scape=\x22http://ww\
w.inkscape.org/n\
amespaces/inksca\
pe\x22\x0a   width=\x2234\
.133335\x22\x0a   heig\
ht=\x2234.133335\x22\x0a \
  id=\x22svg2985\x22\x0a \
  version=\x221.1\x22\x0a\
   inkscape:vers\
ion=\x220.92.1 r153\
71\x22\x0a   sodipodi:\
docname=\x22semiaut\
omaticclassifica\
tionplugin_bandc\
alc_expression.s\
vg\x22\x0a   inkscape:\
export-xdpi=\x2267\x22\
\x0a   inkscape:exp\
ort-ydpi=\x2267\x22\x0a  \
 viewBox=\x220 0 32\
 32\x22>\x0a  <defs\x0a  \
   id=\x22defs2987\x22\
 />\x0a  <sodipodi:\
namedview\x0a     i\
d=\x22base\x22\x0a     pa\
gecolor=\x22#ffffff\
\x22\x0a     bordercol\
or=\x22#666666\x22\x0a   \
  borderopacity=\
\x221.0\x22\x0a     inksc\
ape:pageopacity=\
\x220.0\x22\x0a     inksc\
ape:pageshadow=\x22\
2\x22\x0a     inkscape\
:zoom=\x221.9795105\
\x22\x0a     inkscape:\
cx=\x22-235.70837\x22\x0a\
     inkscape:cy\
=\x22-16.832753\x22\x0a  \
   inkscape:curr\
ent-layer=\x22layer\
1\x22\x0a     showgrid\
=\x22true\x22\x0a     ink\
scape:grid-bbox=\
\x22true\x22\x0a     inks\
cape:document-un\
its=\x22px\x22\x0a     sh\
owguides=\x22true\x22\x0a\
     inkscape:sn\
ap-global=\x22true\x22\
\x0a     inkscape:w\
indow-width=\x22136\
6\x22\x0a     inkscape\
:window-height=\x22\
708\x22\x0a     inksca\
pe:window-x=\x220\x22\x0a\
     inkscape:wi\
ndow-y=\x220\x22\x0a     \
inkscape:window-\
maximized=\x221\x22\x0a  \
   inkscape:guid\
e-bbox=\x22true\x22>\x0a \
   <inkscape:gri\
d\x0a       type=\x22x\
ygrid\x22\x0a       id\
=\x22grid2997\x22\x0a    \
   originx=\x220\x22\x0a \
      originy=\x220\
\x22\x0a       spacing\
x=\x221\x22\x0a       spa\
cingy=\x221\x22 />\x0a  <\
/sodipodi:namedv\
iew>\x0a  <metadata\
\x0a     id=\x22metada\
ta2990\x22>\x0a    <rd\
f:RDF>\x0a      <cc\
:Work\x0a         r\
df:about=\x22\x22>\x0a   \
     <dc:format>\
image/svg+xml</d\
c:format>\x0a      \
  <dc:type\x0a     \
      rdf:resour\
ce=\x22http://purl.\
org/dc/dcmitype/\
StillImage\x22 />\x0a \
       <dc:title\
 />\x0a      </cc:W\
ork>\x0a    </rdf:R\
DF>\x0a  </metadata\
>\x0a  <g\x0a     id=\x22\
layer1\x22\x0a     ink\
scape:label=\x22Lay\
er 1\x22\x0a     inksc\
ape:groupmode=\x22l\
ayer\x22>\x0a    <rect\
\x0a       style=\x22o\
pacity:0.9899999\
9;fill:#80b3ff;f\
ill-opacity:1;fi\
ll-rule:evenodd;\
stroke:#d3d3d3;s\
troke-width:5.27\
755928;stroke-li\
necap:square;str\
oke-linejoin:mit\
er;stroke-miterl\
imit:4;stroke-da\
sharray:none;str\
oke-dashoffset:0\
;stroke-opacity:\
1\x22\x0a       id=\x22re\
ct3786\x22\x0a       w\
idth=\x2240\x22\x0a      \
 height=\x2230\x22\x0a   \
    x=\x22-3.75\x22\x0a  \
     y=\x222\x22\x0a     \
  ry=\x2212.190478\x22\
 />\x0a    <text\x0a  \
     xml:space=\x22\
preserve\x22\x0a      \
 style=\x22font-sty\
le:normal;font-w\
eight:normal;fon\
t-size:17.162326\
81px;line-height\
:0%;font-family:\
sans-serif;lette\
r-spacing:0px;wo\
rd-spacing:0px;o\
pacity:0.9899999\
9;fill:#000000;f\
ill-opacity:1;st\
roke:none;stroke\
-width:1.4301939\
\x22\x0a       x=\x222.20\
48812\x22\x0a       y=\
\x2221.09536\x22\x0a     \
  id=\x22text3910\x22\x0a\
       transform\
=\x22scale(0.953462\
63,1.0488088)\x22><\
tspan\x0a         s\
odipodi:role=\x22li\
ne\x22\x0a         id=\
\x22tspan3912\x22\x0a    \
     x=\x222.204881\
2\x22\x0a         y=\x222\
1.09536\x22\x0a       \
  style=\x22font-we\
ight:bold;font-s\
ize:14.30193901p\
x;line-height:1.\
25;font-family:s\
ans-serif;-inksc\
ape-font-specifi\
cation:'Sans Bol\
d';stroke-width:\
1.4301939\x22>1*2</\
tspan></text>\x0a  \
</g>\x0a</svg>\x0a\
\x00\x00\x16H\
<\
?xml version=\x221.\
0\x22 encoding=\x22UTF\
-8\x22 standalone=\x22\
no\x22?>\x0a<!-- Creat\
ed with Inkscape\
 (http://www.ink\
scape.org/) -->\x0a\
\x0a<svg\x0a   xmlns:d\
c=\x22http://purl.o\
rg/dc/elements/1\
.1/\x22\x0a   xmlns:cc\
=\x22http://creativ\
ecommons.org/ns#\
\x22\x0a   xmlns:rdf=\x22\
http://www.w3.or\
g/1999/02/22-rdf\
-syntax-ns#\x22\x0a   \
xmlns:svg=\x22http:\
//www.w3.org/200\
0/svg\x22\x0a   xmlns=\
\x22http://www.w3.o\
rg/2000/svg\x22\x0a   \
xmlns:xlink=\x22htt\
p://www.w3.org/1\
999/xlink\x22\x0a   xm\
lns:sodipodi=\x22ht\
tp://sodipodi.so\
urceforge.net/DT\
D/sodipodi-0.dtd\
\x22\x0a   xmlns:inksc\
ape=\x22http://www.\
inkscape.org/nam\
espaces/inkscape\
\x22\x0a   width=\x2234.1\
33335\x22\x0a   height\
=\x2234.133335\x22\x0a   \
id=\x22svg2985\x22\x0a   \
version=\x221.1\x22\x0a  \
 inkscape:versio\
n=\x220.92.1 r15371\
\x22\x0a   sodipodi:do\
cname=\x22semiautom\
aticclassificati\
onplugin_reproje\
ct_raster_bands.\
svg\x22\x0a   inkscape\
:export-xdpi=\x2267\
\x22\x0a   inkscape:ex\
port-ydpi=\x2267\x22\x0a \
  viewBox=\x220 0 3\
2 32\x22>\x0a  <defs\x0a \
    id=\x22defs2987\
\x22>\x0a    <linearGr\
adient\x0a       in\
kscape:collect=\x22\
always\x22\x0a       x\
link:href=\x22#line\
arGradient6023\x22\x0a\
       id=\x22linea\
rGradient6029\x22\x0a \
      x1=\x22-7.727\
2725\x22\x0a       y1=\
\x2211.454545\x22\x0a    \
   x2=\x223.1818182\
\x22\x0a       y2=\x222.3\
636363\x22\x0a       g\
radientUnits=\x22us\
erSpaceOnUse\x22\x0a  \
     gradientTra\
nsform=\x22matrix(0\
.39123955,0,0,0.\
37049912,8.58662\
46,7.0441121)\x22 /\
>\x0a    <linearGra\
dient\x0a       ink\
scape:collect=\x22a\
lways\x22\x0a       id\
=\x22linearGradient\
6023\x22>\x0a      <st\
op\x0a         styl\
e=\x22stop-color:#0\
0ffff;stop-opaci\
ty:1;\x22\x0a         \
offset=\x220\x22\x0a     \
    id=\x22stop6025\
\x22 />\x0a      <stop\
\x0a         style=\
\x22stop-color:#00f\
fff;stop-opacity\
:0;\x22\x0a         of\
fset=\x221\x22\x0a       \
  id=\x22stop6027\x22 \
/>\x0a    </linearG\
radient>\x0a  </def\
s>\x0a  <sodipodi:n\
amedview\x0a     id\
=\x22base\x22\x0a     pag\
ecolor=\x22#ffffff\x22\
\x0a     bordercolo\
r=\x22#666666\x22\x0a    \
 borderopacity=\x22\
1.0\x22\x0a     inksca\
pe:pageopacity=\x22\
0.0\x22\x0a     inksca\
pe:pageshadow=\x222\
\x22\x0a     inkscape:\
zoom=\x223.9590209\x22\
\x0a     inkscape:c\
x=\x22-83.985934\x22\x0a \
    inkscape:cy=\
\x2231.098298\x22\x0a    \
 inkscape:curren\
t-layer=\x22layer1\x22\
\x0a     showgrid=\x22\
false\x22\x0a     inks\
cape:grid-bbox=\x22\
true\x22\x0a     inksc\
ape:document-uni\
ts=\x22px\x22\x0a     sho\
wguides=\x22false\x22\x0a\
     inkscape:wi\
ndow-width=\x221366\
\x22\x0a     inkscape:\
window-height=\x227\
08\x22\x0a     inkscap\
e:window-x=\x220\x22\x0a \
    inkscape:win\
dow-y=\x220\x22\x0a     i\
nkscape:window-m\
aximized=\x221\x22>\x0a  \
  <inkscape:grid\
\x0a       type=\x22xy\
grid\x22\x0a       id=\
\x22grid3765\x22\x0a     \
  originx=\x220\x22\x0a  \
     originy=\x220\x22\
\x0a       spacingx\
=\x221\x22\x0a       spac\
ingy=\x221\x22 />\x0a  </\
sodipodi:namedvi\
ew>\x0a  <metadata\x0a\
     id=\x22metadat\
a2990\x22>\x0a    <rdf\
:RDF>\x0a      <cc:\
Work\x0a         rd\
f:about=\x22\x22>\x0a    \
    <dc:format>i\
mage/svg+xml</dc\
:format>\x0a       \
 <dc:type\x0a      \
     rdf:resourc\
e=\x22http://purl.o\
rg/dc/dcmitype/S\
tillImage\x22 />\x0a  \
      <dc:title \
/>\x0a      </cc:Wo\
rk>\x0a    </rdf:RD\
F>\x0a  </metadata>\
\x0a  <g\x0a     id=\x22l\
ayer1\x22\x0a     inks\
cape:label=\x22Laye\
r 1\x22\x0a     inksca\
pe:groupmode=\x22la\
yer\x22>\x0a    <g\x0a   \
    id=\x22g4566\x22\x0a \
      transform=\
\x22matrix(3.817414\
3,0,0,4.2647402,\
-9.6822243,-23.0\
32268)\x22>\x0a      <\
ellipse\x0a        \
 id=\x22path5982\x22\x0a \
        style=\x22f\
ill:url(#linearG\
radient6029);fil\
l-opacity:1;fill\
-rule:evenodd;st\
roke:#000000;str\
oke-width:0.3807\
2816;stroke-opac\
ity:1\x22\x0a         \
cx=\x226.6304274\x22\x0a \
        cy=\x229.26\
7107\x22\x0a         r\
x=\x223.9123955\x22\x0a  \
       ry=\x223.704\
9913\x22 />\x0a      <\
ellipse\x0a        \
 id=\x22path6043\x22\x0a \
        style=\x22f\
ill:none;stroke:\
#000000;stroke-w\
idth:0.10901568;\
stroke-miterlimi\
t:4;stroke-dasha\
rray:none;stroke\
-opacity:1\x22\x0a    \
     cx=\x226.46741\
2\x22\x0a         cy=\x22\
9.267107\x22\x0a      \
   rx=\x221.4671483\
\x22\x0a         ry=\x223\
.5439048\x22 />\x0a   \
   <ellipse\x0a    \
     style=\x22fill\
:none;stroke:#00\
0000;stroke-widt\
h:0.16251099;str\
oke-miterlimit:4\
;stroke-dasharra\
y:none;stroke-op\
acity:1\x22\x0a       \
  id=\x22path6045\x22\x0a\
         cx=\x226.6\
304274\x22\x0a        \
 cy=\x229.267107\x22\x0a \
        rx=\x223.26\
033\x22\x0a         ry\
=\x223.5439048\x22 />\x0a\
      <ellipse\x0a \
        style=\x22f\
ill:none;stroke:\
#000000;stroke-w\
idth:0.11267232;\
stroke-miterlimi\
t:4;stroke-dasha\
rray:none;stroke\
-opacity:1\x22\x0a    \
     id=\x22path604\
7\x22\x0a         tran\
sform=\x22matrix(0.\
00601145,0.99998\
193,-1,0,0,0)\x22\x0a \
        cx=\x229.26\
7272\x22\x0a         c\
y=\x22-6.6562543\x22\x0a \
        rx=\x221.44\
98279\x22\x0a         \
ry=\x223.8308589\x22 /\
>\x0a    </g>\x0a    <\
rect\x0a       styl\
e=\x22fill:#3771c8;\
fill-opacity:1;f\
ill-rule:evenodd\
;stroke:#000000;\
stroke-width:0.5\
946967;stroke-li\
nejoin:miter;str\
oke-miterlimit:2\
.5;stroke-dashar\
ray:none;stroke-\
opacity:1\x22\x0a     \
  id=\x22rect2993\x22\x0a\
       width=\x226.\
9829545\x22\x0a       \
height=\x224.812873\
8\x22\x0a       x=\x2231.\
488628\x22\x0a       y\
=\x2253.301979\x22\x0a   \
    rx=\x221.306897\
3\x22\x0a       ry=\x221.\
1945584\x22\x0a       \
transform=\x22matri\
x(-0.2780702,-0.\
96056076,0.60615\
197,0.79534885,0\
,0)\x22\x0a       inks\
cape:export-xdpi\
=\x2267\x22\x0a       ink\
scape:export-ydp\
i=\x2267\x22 />\x0a    <r\
ect\x0a       trans\
form=\x22matrix(-0.\
36062726,-0.9327\
1002,0.76866074,\
0.63965668,0,0)\x22\
\x0a       ry=\x222.09\
66327\x22\x0a       rx\
=\x221.9704837\x22\x0a   \
    y=\x2223.855112\
\x22\x0a       x=\x22-2.4\
649041\x22\x0a       h\
eight=\x228.2937431\
\x22\x0a       width=\x22\
10.528601\x22\x0a     \
  id=\x22rect3767\x22\x0a\
       style=\x22fi\
ll:#214478;fill-\
opacity:1;fill-r\
ule:evenodd;stro\
ke:#000000;strok\
e-width:0.867079\
68;stroke-linejo\
in:miter;stroke-\
miterlimit:2.5;s\
troke-dasharray:\
none;stroke-opac\
ity:1\x22 />\x0a    <r\
ect\x0a       style\
=\x22fill:#00112b;f\
ill-opacity:1;fi\
ll-rule:evenodd;\
stroke:#000000;s\
troke-width:1.00\
344706;stroke-li\
nejoin:miter;str\
oke-miterlimit:2\
.5;stroke-dashar\
ray:none;stroke-\
opacity:1\x22\x0a     \
  id=\x22rect3769\x22\x0a\
       width=\x2212\
.72683\x22\x0a       h\
eight=\x2210.85981\x22\
\x0a       x=\x22-19.4\
6273\x22\x0a       y=\x22\
7.0316653\x22\x0a     \
  rx=\x222.3818941\x22\
\x0a       ry=\x222.79\
86495\x22\x0a       tr\
ansform=\x22matrix(\
-0.38352156,-0.9\
2353192,0.834019\
91,0.55173435,0,\
0)\x22 />\x0a    <rect\
\x0a       transfor\
m=\x22matrix(-0.383\
52156,-0.9235319\
2,0.85270731,0.5\
2238897,0,0)\x22\x0a  \
     ry=\x222.89536\
21\x22\x0a       rx=\x222\
.3818941\x22\x0a      \
 y=\x22-6.1614981\x22\x0a\
       x=\x22-31.55\
1315\x22\x0a       hei\
ght=\x2211.127247\x22\x0a\
       width=\x2212\
.72683\x22\x0a       i\
d=\x22rect3771\x22\x0a   \
    style=\x22fill:\
#cccccc;fill-opa\
city:1;fill-rule\
:evenodd;stroke:\
#000000;stroke-w\
idth:0.97877949;\
stroke-linejoin:\
miter;stroke-mit\
erlimit:2.5;stro\
ke-dasharray:non\
e;stroke-opacity\
:1\x22\x0a       inksc\
ape:export-xdpi=\
\x2267\x22\x0a       inks\
cape:export-ydpi\
=\x2267\x22 />\x0a  </g>\x0a\
</svg>\x0a\
\x00\x00\x0aZ\
<\
?xml version=\x221.\
0\x22 encoding=\x22UTF\
-8\x22 standalone=\x22\
no\x22?>\x0a<!-- Creat\
ed with Inkscape\
 (http://www.ink\
scape.org/) -->\x0a\
\x0a<svg\x0a   xmlns:d\
c=\x22http://purl.o\
rg/dc/elements/1\
.1/\x22\x0a   xmlns:cc\
=\x22http://creativ\
ecommons.org/ns#\
\x22\x0a   xmlns:rdf=\x22\
http://www.w3.or\
g/1999/02/22-rdf\
-syntax-ns#\x22\x0a   \
xmlns:svg=\x22http:\
//www.w3.org/200\
0/svg\x22\x0a   xmlns=\
\x22http://www.w3.o\
rg/2000/svg\x22\x0a   \
xmlns:sodipodi=\x22\
http://sodipodi.\
sourceforge.net/\
DTD/sodipodi-0.d\
td\x22\x0a   xmlns:ink\
scape=\x22http://ww\
w.inkscape.org/n\
amespaces/inksca\
pe\x22\x0a   width=\x2234\
.133335\x22\x0a   heig\
ht=\x2234.133335\x22\x0a \
  id=\x22svg2985\x22\x0a \
  version=\x221.1\x22\x0a\
   inkscape:vers\
ion=\x220.92.1 r153\
71\x22\x0a   sodipodi:\
docname=\x22semiaut\
omaticclassifica\
tionplugin_new_f\
ile.svg\x22\x0a   inks\
cape:export-xdpi\
=\x2267\x22\x0a   inkscap\
e:export-ydpi=\x226\
7\x22>\x0a  <defs\x0a    \
 id=\x22defs2987\x22 /\
>\x0a  <sodipodi:na\
medview\x0a     id=\
\x22base\x22\x0a     page\
color=\x22#ffffff\x22\x0a\
     bordercolor\
=\x22#666666\x22\x0a     \
borderopacity=\x221\
.0\x22\x0a     inkscap\
e:pageopacity=\x220\
.0\x22\x0a     inkscap\
e:pageshadow=\x222\x22\
\x0a     inkscape:z\
oom=\x227.9180417\x22\x0a\
     inkscape:cx\
=\x22-46.685186\x22\x0a  \
   inkscape:cy=\x22\
6.1833882\x22\x0a     \
inkscape:current\
-layer=\x22layer1\x22\x0a\
     showgrid=\x22t\
rue\x22\x0a     inksca\
pe:grid-bbox=\x22tr\
ue\x22\x0a     inkscap\
e:document-units\
=\x22px\x22\x0a     showg\
uides=\x22true\x22\x0a   \
  inkscape:windo\
w-width=\x221366\x22\x0a \
    inkscape:win\
dow-height=\x22708\x22\
\x0a     inkscape:w\
indow-x=\x220\x22\x0a    \
 inkscape:window\
-y=\x220\x22\x0a     inks\
cape:window-maxi\
mized=\x221\x22\x0a     i\
nkscape:snap-glo\
bal=\x22true\x22>\x0a    \
<inkscape:grid\x0a \
      type=\x22xygr\
id\x22\x0a       id=\x22g\
rid3765\x22\x0a       \
originx=\x220\x22\x0a    \
   originy=\x220\x22\x0a \
      spacingx=\x22\
1.0666667\x22\x0a     \
  spacingy=\x221.06\
66667\x22 />\x0a  </so\
dipodi:namedview\
>\x0a  <metadata\x0a  \
   id=\x22metadata2\
990\x22>\x0a    <rdf:R\
DF>\x0a      <cc:Wo\
rk\x0a         rdf:\
about=\x22\x22>\x0a      \
  <dc:format>ima\
ge/svg+xml</dc:f\
ormat>\x0a        <\
dc:type\x0a        \
   rdf:resource=\
\x22http://purl.org\
/dc/dcmitype/Sti\
llImage\x22 />\x0a    \
    <dc:title />\
\x0a      </cc:Work\
>\x0a    </rdf:RDF>\
\x0a  </metadata>\x0a \
 <g\x0a     id=\x22lay\
er1\x22\x0a     inksca\
pe:label=\x22Layer \
1\x22\x0a     inkscape\
:groupmode=\x22laye\
r\x22>\x0a    <path\x0a  \
     style=\x22fill\
:#f2f2f2;stroke:\
#000000;stroke-w\
idth:1.30639458p\
x;stroke-linecap\
:butt;stroke-lin\
ejoin:miter;stro\
ke-opacity:1\x22\x0a  \
     d=\x22M 5.3333\
333,2.1333333 H \
32 V 34.133333 H\
 5.3333333 Z\x22\x0a  \
     id=\x22path302\
8-2\x22\x0a       inks\
cape:connector-c\
urvature=\x220\x22 />\x0a\
    <ellipse\x0a   \
    style=\x22color\
:#000000;display\
:inline;overflow\
:visible;visibil\
ity:visible;fill\
:#ffff15;fill-op\
acity:1;fill-rul\
e:nonzero;stroke\
:#c6b606;stroke-\
width:2.909091;s\
troke-linecap:bu\
tt;stroke-linejo\
in:miter;stroke-\
miterlimit:4;str\
oke-dasharray:no\
ne;stroke-dashof\
fset:2.83280158;\
stroke-opacity:1\
;marker:none;ena\
ble-background:a\
ccumulate\x22\x0a     \
  id=\x22path3822\x22\x0a\
       cx=\x2226.66\
6666\x22\x0a       cy=\
\x2211.733334\x22\x0a    \
   rx=\x226.9818182\
\x22\x0a       ry=\x226.4\
000001\x22 />\x0a  </g\
>\x0a</svg>\x0a\
\x00\x00\x063\
\x00\
\x00$\xc9x\xda\xddYm\x8f\x9bF\x10\xfe\x9e_\x81\
8U\xbaS\xbd\xc0.`\x03\xb1/\x1f\x1aE\xaa\x94\
\xaaU\x93\xb4R\xbfTkX\xdb4\x18\xd0\xb2>\xdb\
\xf9\xf5\x9d]^\x0c\xf8%q\xe4K\xec\x18\x9d\xec\x9d\
\x99}\x99gf\x9e\x1dt\xe3W\x9be\xa2=1^\
\xc4Y:\xd1\xb1a\xe9\x1aK\xc3,\x8a\xd3\xf9D\xff\
\xf0\xfe\x0d\xf2t\xad\x104\x8dh\x92\xa5l\xa2\xa7\x99\
\xfe\xea\xf1\xc5\xb8x\x9a\xbf\xd04\x0d&\xa7E\x10\x85\
\x13}!D\x1e\x98f\xbe\xe2\x89\x91\xf1\xb9\x19\x85&\
K\xd8\x92\xa5\xa20\xb1\x81M}g\x1e\xee\xccC\xce\
\xa8\x88\x9fX\x98-\x97YZ\xa8\x99iq\xd72\xe6\
\xd1\xac\xb1^\xaf\xd7\xc6\xdaVF\xd8\xf7}\xd3\x22&\
!\x08,P\xb1M\x05\xdd\xa0\xeeT8\xe3\xa1\xa9\xc4\
\xb2,\x13t;\xcb/\xb3\x0a6I\x9c~<z\x18\
\xa5m\xef\x0e\x18\xe6\xf0\xd7L\xa8\x05F\x91\xadx\xc8\
f0\x93\x19)\x13\xe6\xeb\xf7\xaf\x1b%\xb2\x8cHD\
\xade`\xd1\x22\xa49\xeb\xec[\x0bK\xbc\xe8\x92\x15\
9\x0dYa\xd6r5\x7f\x1dGb1\xd1m\xc7\xc0\
6|\x5c%\x5c\xb0x\xbe\x10}i\x1cMt\xf0\x95\
\xf8^9n\xe5\x03.\x0d\xaa\x85\x83v\xa6\x18D\xbb\
g\xde0\xf4F\x967\xf2\x07\x1a\xb1\x08F\x16F\xd8\
}P\x93j\x9f\x82(\x0b\xe5!a\x0f\xb6\x8c\xe9J\
dK\x08z\x18&\xb4(\xe2Y\x1c\xc2 K\xf3d\
5\x8f\xd3\x7f\xf9*5j\xd4\x9bM\xd9&\xcf\xb8@\
\x9b(\x074q}\xe6\x9ev\xdbh\x1fA=\x8e\xd8\
\xac\x90f\xa5sr\x04\xde\x8d\x94\x0e\xb4a\x12\xe7\x7f\
P\xb1(-4\xad\x1e\x7fHc\x01\xe9\xb0*\x18\x7f\
'!\xfd=\xfdP\x94h\xd6+\xd5\x96\x18;n\xb5\
\x1a\xac\x07\x13j#\x08\xdcD\xb7\xf4\xddp\xdb\x1d\xaa\
<\x09\x16\x9cA^\xdf\xcda\x19\xdcR\xca\x1d`-\
\x90\x8eZ\xd2*\x92\xd8\xb2~jI\xebP*\xb1f\
V\x9e\x99\xf5\x01/\xe7\xa9\x07E6\x84\x87\x5c\xc2_\
\x0f{\xc8\xc3\x08\x96\xf4\x0e\xf8\xed\x11\x07\xb9\x16\x82\x1c\
\xba:\xf7/\xea\xfc\x09\xd7\xaf\xcc\xf1\xcb\xb9}\xd4\xe7\
k\x0b\xb5}\xc9P\x1f\x8f\xb4\x7f\x09\xbf\xc7\xa6\xa46\
\xf5\xab\xa1[\xc9\xb5\xd1S\xcc\xd6;\xfe\x9b\xd2\xc6\xe5\
\x9c\xce\xe1\xbaM2\x0e\xc7\x9c\xa9O\xa5\x98f<b\
\xbcV\x0d\xd5\xa7\xa3\xca\x00\xbdXl\xcb.\xa1Z\xbb\
&a\xb9j\xa3\xb7\x0e\xeb\x8b\x05\x8d\xb2\xf5D'}\
\xe5\xa7,[Nt\xd7p}\xcf\xb7,\xaf\xaf\x0e\x01\
x\x84\x87\x86\x8d\x1d\xbf\x22\xff\xb6\x166\xf4\x0c\xec\x8e\
\x5c\xdb\xf3\xf7\x94+\xce\xa1\x05A\x09\xdd2\xf0J}\
\xd5\x89X,\xb2\xf5\x9cKt\x04_\xb1\xfeL\xa9A\
\xd3i\xb69\xac\x86+m%\x9b\x1b\xb4*\xb3+\xdf\
\xb4W]\xc5\x11\x03\xe1\x8c&\xc5\xde\xccu\x9c\x02\x0a\
\xa8\x8e\xb8\xdd\x80\xdc\xb7\xa8\xa3?\xb2\x8eY\xb4\x12\xb2\
\xaf\xda\x1eW-\xe9&^\xc6\x9f\x188\x8e\xfb&E\
Js4O\xb2)M>\xe37\xcf\x84\xba\xb7\xe5>\
Ubv\xb0\xab\xb3Xle\xef\xb2\xd9JY\xa7\xe8\
\xa4\xc0\x1e\x0d\xddF\x98\xf1\x18:\x80N\x91\x95\xa2N\
\xa1\xc9N\x07z\xd3\x8d\xcaB\x95\xa3\xa3\xben\xdb\xd6\
\x95e36\xf7\xabC\xc9\x97L\xd0\x88\x0a\xba+\x95\
ZB|\xbf\xf1\x0cZ\xcc\xe0\xcf\xd7o\x1aZ\x08\xc3\
\xe0\xef\x8c\x7f\xdcU\xaa4\xa0\xd3l\x05\xe1j\xc8C\
6!a\x00m\x1et;\x8f\xf1\x12\x0a@\xf6\x93?\
C[\x07E\xdb(:\xc6\x12\xac\xdd\xa2\xe5\xb2\x9c\x95\
\xfd\xe2\xc1\x16;\x0a\x97\xb1\x9cd\xbe\x13q\x92\xfc*\
7i\x88\xa2Y4\x16\x09\xdb\x09\x81?\xca\xd3\xd7t\
\xd2rnl\xd6\xde\xab\xd1|\x87J\xa7r\x9a@'\
t\xca Q\xdeJ\xa5\x86\xf7K([\xe5\xcb,b\
\xd5\xf4\x1a\xcd\xbcE\xd2\x85\xd8&\xa0\x9f\xc1\xe9\x83;\
K}^\xca\x01\xaa\xc8$\xc0/\x0b\xc1\xb3\x8fLi\
\x87\xa0-\x87e\xfd\x04\x96\x01\x8c\xe0`'\xdf\xd4r\
`a\x06\xbb\x07\xd3\x95\x10m\xd9\x7fY\x9c\x06\x00\x16\
\xe3\xb5\xb4\xd9\xa1\xc9\x1f\xf0\xf37\x8d\x94\x8d\xb1\xed\x0c\
l\x83\xa8\x039\xda_\x9am\x97\x19\xe5i\x89F|\
\xc3S\xc95\x1c\x00-i\x9f:i-\x9d\xf3\x1c\x0c\
\x97HC\xd8G\xfdu\xfc\xa13\x9c\x1e\xf3\xb7$\xe7\
\xbe\xbfC\xdb=\xdfU5H\xa0\xeaE\xe0\xd4\xb2\x88\
\x02\x1fsN\xb7A\x0a/v\x9f\x01\x05\x1b\xbe\xeb9\
\xc4\xf2\x07\x15<\x04KP\x88\xf6V\xb3\xb1\xe1\x11\xd7\
\xf2\xfc\x01P\xb4\xc2\x0bk\xff\x1c\x82d\x07\xc8\xbc\xc3\
\x03\xd0\xec\xdaz\xfb\xd2Fr\x02\x5c\x95<\xb9\xbfk\
\xb7\xdb\x0f\x8d\x95\xe04-d\x01A\xb9R\xc1\xe3\xcd\
\xbd\x04F>\xa3\x81%\x9ff\x04\xefS\xc4\xb7|l\
\xfb\xfe\xc07\x86><C\xefaw\xc1\xcf[\xd7s\
/\xab\x7f\x81\xad{\xb7w\xd9\xae\xb7\xcak\xde\xae\xd6\
\xd2\xc2#\x16\xf4\x10>j\xf7\x06'\xfcj\x9a\xeb\x87\
\x8e}\xaf.l\xdb;Z\x17\xb3H>\xdd<!\x97\
\x88|\x0fi\xf53\xa1\x82\xdd#\xcfpU\x8d\x0c\xd0\
\xc8pd)\xb8\xf6C\x0b\x96>0\x9f\xc5\xb6\x85\xde\
\xc1\xd7\x83\xef\x8d\xc8c\xe7(c\xceB\xd1=\xdc\xf5\
\x04\xac\x86R\x9eq\xe4b\xe4 \x82\x9c=\x8b\xaa\xfb\
\xa8\xe2\xd8y\xd9\xec\xb6\x9eu\xa4\xbd=\x0b\xb8\x81\x89\
k\x0c\xf7\xe4\xf2\xf6\x1dU\xd7o\xe7.\xba9\xe8\x08\
\x1aI\xf8\x9e\x11<\xc9\x96\xe4\x10\x82\x0a\xd9\x1b\x07\x0f\
\xdep\x90\x8d\x86\xcf\x04_\x9dc\xde\x17\xc276\xe7\
-\xde\xee\x0c\x8e\x93\xf8Y\x14~\x82\xc0\x1dg\xe4\x11\
|E\x04\xee\x1a\x0aY\x1b\x0f\x90c\x10U\xab\x17g\
\xf0S\xfc\xfd\x8d\x019\xb7\x8e\xbec\xbc\x0e\xf0\xf7\x0d\
\xb1\xf7\x15\x01\xa7\xd8\xfb\x86\xb8\xfb\xaa\xa0S\xdc}\xbb\
\xcc}\x06o\x9f`mJ\xd5\xeb\xe8\xe1\x10\x9c\xc3\xb6\
\xd5;\x13v\xe1}\xb1\xf4\xddu/\xca\xb6\xa7\xa8\xf6\
\x0b\xbd87]O.[\xe6\xa7\xf4\xd5\xb7\x9c3\xf9\
\xee\x86\xd8\xee\xb90\x00\xea\xba!\xe2z>\x14\xac^\
\x07v[\xdd\xe39,\x84\xec\xaf\xe5\xa1o\xd2.>\
;\x81!\xf2\xd5\x14\xf6\x1d\xda\xc3o\x19\x90\xfd~\xf0\
\x07c\xc8gm\x00\xdd\x1f\x8bG\x9f\xb9\xe3\xb3\xae\x9c\
m\x9b\x9f\xd5\x0f\xf55\x96\xffUy|\xf1?\x0c\xb7\
\xae\xe8\
\x00\x00\x0b{\
<\
?xml version=\x221.\
0\x22 encoding=\x22UTF\
-8\x22 standalone=\x22\
no\x22?>\x0a<svg\x0a   xm\
lns:dc=\x22http://p\
url.org/dc/eleme\
nts/1.1/\x22\x0a   xml\
ns:cc=\x22http://cr\
eativecommons.or\
g/ns#\x22\x0a   xmlns:\
rdf=\x22http://www.\
w3.org/1999/02/2\
2-rdf-syntax-ns#\
\x22\x0a   xmlns:svg=\x22\
http://www.w3.or\
g/2000/svg\x22\x0a   x\
mlns=\x22http://www\
.w3.org/2000/svg\
\x22\x0a   xmlns:sodip\
odi=\x22http://sodi\
podi.sourceforge\
.net/DTD/sodipod\
i-0.dtd\x22\x0a   xmln\
s:inkscape=\x22http\
://www.inkscape.\
org/namespaces/i\
nkscape\x22\x0a   widt\
h=\x2234.133335\x22\x0a  \
 height=\x2234.1333\
35\x22\x0a   id=\x22svg29\
85\x22\x0a   version=\x22\
1.1\x22\x0a   inkscape\
:version=\x221.0.2 \
(e86c870879, 202\
1-01-15)\x22\x0a   sod\
ipodi:docname=\x22s\
emiautomaticclas\
sificationplugin\
_class_tool.svg\x22\
\x0a   inkscape:exp\
ort-xdpi=\x2267\x22\x0a  \
 inkscape:export\
-ydpi=\x2267\x22\x0a   vi\
ewBox=\x220 0 32 32\
\x22>\x0a  <defs\x0a     \
id=\x22defs2987\x22 />\
\x0a  <sodipodi:nam\
edview\x0a     id=\x22\
base\x22\x0a     pagec\
olor=\x22#ffffff\x22\x0a \
    bordercolor=\
\x22#666666\x22\x0a     b\
orderopacity=\x221.\
0\x22\x0a     inkscape\
:pageopacity=\x220.\
0\x22\x0a     inkscape\
:pageshadow=\x222\x22\x0a\
     inkscape:zo\
om=\x223.9590208\x22\x0a \
    inkscape:cx=\
\x22-28.888374\x22\x0a   \
  inkscape:cy=\x222\
4.616745\x22\x0a     i\
nkscape:current-\
layer=\x22layer1\x22\x0a \
    showgrid=\x22tr\
ue\x22\x0a     inkscap\
e:grid-bbox=\x22tru\
e\x22\x0a     inkscape\
:document-units=\
\x22px\x22\x0a     showgu\
ides=\x22true\x22\x0a    \
 inkscape:snap-g\
lobal=\x22true\x22\x0a   \
  inkscape:windo\
w-width=\x221366\x22\x0a \
    inkscape:win\
dow-height=\x22706\x22\
\x0a     inkscape:w\
indow-x=\x220\x22\x0a    \
 inkscape:window\
-y=\x220\x22\x0a     inks\
cape:window-maxi\
mized=\x221\x22\x0a     i\
nkscape:guide-bb\
ox=\x22true\x22\x0a     i\
nkscape:document\
-rotation=\x220\x22>\x0a \
   <inkscape:gri\
d\x0a       type=\x22x\
ygrid\x22\x0a       id\
=\x22grid2997\x22\x0a    \
   originx=\x220\x22\x0a \
      originy=\x220\
\x22\x0a       spacing\
x=\x221\x22\x0a       spa\
cingy=\x221\x22 />\x0a  <\
/sodipodi:namedv\
iew>\x0a  <metadata\
\x0a     id=\x22metada\
ta2990\x22>\x0a    <rd\
f:RDF>\x0a      <cc\
:Work\x0a         r\
df:about=\x22\x22>\x0a   \
     <dc:format>\
image/svg+xml</d\
c:format>\x0a      \
  <dc:type\x0a     \
      rdf:resour\
ce=\x22http://purl.\
org/dc/dcmitype/\
StillImage\x22 />\x0a \
       <dc:title\
 />\x0a      </cc:W\
ork>\x0a    </rdf:R\
DF>\x0a  </metadata\
>\x0a  <g\x0a     id=\x22\
layer1\x22\x0a     ink\
scape:label=\x22Lay\
er 1\x22\x0a     inksc\
ape:groupmode=\x22l\
ayer\x22>\x0a    <path\
\x0a       style=\x22f\
ill:#49646b;fill\
-opacity:1;fill-\
rule:evenodd;str\
oke:#e6e6e6;stro\
ke-width:0.87413\
8;stroke-linecap\
:square;stroke-l\
inejoin:miter;st\
roke-miterlimit:\
4;stroke-dasharr\
ay:none;stroke-d\
ashoffset:0;stro\
ke-opacity:1\x22\x0a  \
     d=\x22M 9.9412\
55,13.125 H 20 V\
 8.3786031 L 28.\
801403,15.972841\
 20,23.567077 V \
18.820679 H 9.94\
1255 Z\x22\x0a       i\
d=\x22rect3811\x22\x0a   \
    inkscape:con\
nector-curvature\
=\x220\x22\x0a       sodi\
podi:nodetypes=\x22\
cccccccc\x22 />\x0a   \
 <path\x0a       st\
yle=\x22fill:#49646\
b;fill-opacity:1\
;stroke:#e6e6e6;\
stroke-opacity:1\
;stroke-width:0.\
93749995;stroke-\
miterlimit:4;str\
oke-dasharray:no\
ne\x22\x0a       d=\x22M \
-18.40625,-13 C \
-19.297609,-13 -\
20,-12.480012 -2\
0,-11.84375 v 47\
.6875 C -20,36.4\
80012 -19.297609\
,37 -18.40625,37\
 h 36.8125 C 19.\
297609,37 20,36.\
480012 20,35.843\
75 v -1.9375 C 1\
2.60091,30.63060\
6 7.5,23.846517 \
7.5,16 7.5,8.153\
4828 12.60091,1.\
3693945 20,-1.90\
625 v -9.9375 C \
20,-12.480012 19\
.297609,-13 18.4\
0625,-13 Z\x22\x0a    \
   id=\x22rect3792\x22\
\x0a       inkscape\
:connector-curva\
ture=\x220\x22 />\x0a  </\
g>\x0a</svg>\x0a\
\x00\x00\x0b\xed\
<\
?xml version=\x221.\
0\x22 encoding=\x22UTF\
-8\x22 standalone=\x22\
no\x22?>\x0a<!-- Creat\
ed with Inkscape\
 (http://www.ink\
scape.org/) -->\x0a\
\x0a<svg\x0a   xmlns:d\
c=\x22http://purl.o\
rg/dc/elements/1\
.1/\x22\x0a   xmlns:cc\
=\x22http://creativ\
ecommons.org/ns#\
\x22\x0a   xmlns:rdf=\x22\
http://www.w3.or\
g/1999/02/22-rdf\
-syntax-ns#\x22\x0a   \
xmlns:svg=\x22http:\
//www.w3.org/200\
0/svg\x22\x0a   xmlns=\
\x22http://www.w3.o\
rg/2000/svg\x22\x0a   \
xmlns:sodipodi=\x22\
http://sodipodi.\
sourceforge.net/\
DTD/sodipodi-0.d\
td\x22\x0a   xmlns:ink\
scape=\x22http://ww\
w.inkscape.org/n\
amespaces/inksca\
pe\x22\x0a   width=\x2234\
.133335\x22\x0a   heig\
ht=\x2234.133335\x22\x0a \
  id=\x22svg2985\x22\x0a \
  version=\x221.1\x22\x0a\
   inkscape:vers\
ion=\x220.92.1 r153\
71\x22\x0a   sodipodi:\
docname=\x22semiaut\
omaticclassifica\
tionplugin_reloa\
d.svg\x22\x0a   inksca\
pe:export-xdpi=\x22\
67\x22\x0a   inkscape:\
export-ydpi=\x2267\x22\
>\x0a  <defs\x0a     i\
d=\x22defs2987\x22 />\x0a\
  <sodipodi:name\
dview\x0a     id=\x22b\
ase\x22\x0a     pageco\
lor=\x22#ffffff\x22\x0a  \
   bordercolor=\x22\
#666666\x22\x0a     bo\
rderopacity=\x221.0\
\x22\x0a     inkscape:\
pageopacity=\x220.0\
\x22\x0a     inkscape:\
pageshadow=\x222\x22\x0a \
    inkscape:zoo\
m=\x221.9795104\x22\x0a  \
   inkscape:cx=\x22\
36.963316\x22\x0a     \
inkscape:cy=\x2218.\
950124\x22\x0a     ink\
scape:current-la\
yer=\x22layer1\x22\x0a   \
  showgrid=\x22true\
\x22\x0a     inkscape:\
grid-bbox=\x22true\x22\
\x0a     inkscape:d\
ocument-units=\x22p\
x\x22\x0a     showguid\
es=\x22true\x22\x0a     i\
nkscape:window-w\
idth=\x221366\x22\x0a    \
 inkscape:window\
-height=\x22708\x22\x0a  \
   inkscape:wind\
ow-x=\x220\x22\x0a     in\
kscape:window-y=\
\x220\x22\x0a     inkscap\
e:window-maximiz\
ed=\x221\x22\x0a     inks\
cape:snap-global\
=\x22true\x22>\x0a    <in\
kscape:grid\x0a    \
   type=\x22xygrid\x22\
\x0a       id=\x22grid\
3765\x22\x0a       ori\
ginx=\x220\x22\x0a       \
originy=\x220\x22\x0a    \
   spacingx=\x221.0\
666667\x22\x0a       s\
pacingy=\x221.06666\
67\x22 />\x0a  </sodip\
odi:namedview>\x0a \
 <metadata\x0a     \
id=\x22metadata2990\
\x22>\x0a    <rdf:RDF>\
\x0a      <cc:Work\x0a\
         rdf:abo\
ut=\x22\x22>\x0a        <\
dc:format>image/\
svg+xml</dc:form\
at>\x0a        <dc:\
type\x0a           \
rdf:resource=\x22ht\
tp://purl.org/dc\
/dcmitype/StillI\
mage\x22 />\x0a       \
 <dc:title />\x0a  \
    </cc:Work>\x0a \
   </rdf:RDF>\x0a  \
</metadata>\x0a  <g\
\x0a     id=\x22layer1\
\x22\x0a     inkscape:\
label=\x22Layer 1\x22\x0a\
     inkscape:gr\
oupmode=\x22layer\x22>\
\x0a    <path\x0a     \
  style=\x22color:#\
000000;font-styl\
e:normal;font-va\
riant:normal;fon\
t-weight:normal;\
font-stretch:nor\
mal;font-size:me\
dium;line-height\
:normal;font-fam\
ily:Sans;-inksca\
pe-font-specific\
ation:Sans;text-\
indent:0;text-al\
ign:start;text-d\
ecoration:none;t\
ext-decoration-l\
ine:none;letter-\
spacing:normal;w\
ord-spacing:norm\
al;text-transfor\
m:none;writing-m\
ode:lr-tb;direct\
ion:ltr;baseline\
-shift:baseline;\
text-anchor:star\
t;display:inline\
;overflow:visibl\
e;visibility:vis\
ible;fill:#00222\
b;fill-opacity:1\
;stroke:none;str\
oke-width:3.4133\
3342;marker:none\
;enable-backgrou\
nd:accumulate\x22\x0a \
      d=\x22M 8,9.6\
666667 C 3.81401\
07,14.876795 4.4\
328907,22.644794\
 9.4,27.066667 1\
4.367109,31.4885\
4 21.947342,30.8\
10128 26.133331,\
25.6 c 4.18599,-\
5.210128 3.56711\
,-12.978127 -1.4\
,-17.4 l 3,-2.86\
66667 H 17.06666\
5 V 6.4 l 3.2,8.\
533333 2.666666,\
-3.7 c 2.379302,\
3.277729 3.17105\
8,8.950266 0.533\
334,12.233334 -3\
.041859,3.786074\
 -8.220715,4.219\
72 -11.799998,1.\
033333 -3.579283\
5,-3.186387 -4.0\
418585,-8.913925\
 -1,-12.7 C 11.2\
,12.3 11.2,6.966\
6667 8,9.6666667\
 Z\x22\x0a       id=\x22p\
ath2988\x22\x0a       \
inkscape:connect\
or-curvature=\x220\x22\
\x0a       sodipodi\
:nodetypes=\x22cssc\
cccccsscc\x22 />\x0a  \
</g>\x0a</svg>\x0a\
\x00\x00\x06(\
\x00\
\x00N\xd5x\xda\xe5\x5c[\x8f\x9b8\x14~\x9f_\xc1\
2/\xadvm0\x10nM\xd2\x87\xad*U\xda\xa7\
\xdd\xae\xf6\xb1\x22\xe0$\xa8\x80#\xe3L\x92\xfe\xfa\xda\
\xdc\x122\x8c\xd4]\xcc\x8a\xa9\x19\x8dF\x9cs|\xfb\
\xf8\x8e/\x87\xc3,\xdf\x9f\xf3L{\xc2\xb4LI\xb1\
\xd2\x114u\x0d\x171I\xd2b\xb7\xd2\xff\xfe\xfc\x11\
\xf8\xbaV\xb2\xa8H\xa2\x8c\x14x\xa5\x17D\x7f\xbf~\
X\xfe\x02\x80\xf6;\xc5\x11\xc3\x89vJ\xd9^\xfbT\
|-\xe3\xe8\x80\xb57{\xc6\x0e\xa1a\x9cN'\x98\
6BH\xe8\xcex\xab\x01\xb0~xX\x96O\xbb\x07\
M\xd3x\xbbE\x19&\xf1Jo\x0a\x1c\x8e4\xab\x0c\
\x93\xd8\xc0\x19\xceq\xc1J\x03Ad\xe8W\xf3\xf8j\
\x1e\x8b\xd6\xd3'\x1c\x93<'EY\x95,\xca\xc7\x1b\
c\x9al;k\xd1\x9b\x93]\x19\xa1 \x08\x0c\xd32\
,\x0bp\x0bP^\x0a\x16\x9dA\xbf(\xef\xe3PQ\
\xcb4M\x83\xeb\xae\x96?f\x15\x96\x1c\xd0\x03\xff\xed\
\xcc[\x01,\xc9\x91\xc6x\xcb\xcbaX`f|\xf8\
\xfc\xa1S\x02\x13&,\xb9\xa9\xa6\xc5\xb3\xd7j\x0f\xe4\
\x22\xcaqy\x88b\x5c\x1a\xad\xbc*\x7fJ\x13\xb6_\
\xe9\xb6\x03\x91\xcd\xafE%\xdc\xe3t\xb7g\xf7\xd24\
Y\xe9\xbc\xf7V\xe0\xd7\xf77\xe4@\xb5ASq\xd8\
iL\x18X\x10i\x14-l\xaf\xb6i\x87\x10&$\
\x16}\xe2U\xe2<\x8d\x8e\x8c\xe4\xfc\xa9\xc5q\x16\x95\
e\xbaMc~C\x8aCv\xdc\xa5\xc5\x97\xbe\xf0\x0b\
\xa6D\xd4\x0e[$\xbbf\xf1\xf9@(\x03\xe7\xe4\xc0\
\xf1t\xbdA\xe5\xa5U\xae\xb9v\x99\xe0m)\xac\xea\
\xc1\x89;>:O\xd7\x8cJ\xdb\xf5Ut4yJ\
\xf1\xe9j\xbb\x89\xca\x1a@M;D;N\xb6\x8c\xd0\
\x95\xfe\xb8\xad\xaeF\xb1!4\xc1\xb4U\xb9\xd5\xd5S\
\x11\xfe@Rv\xa9\xdd\xab\xa9\xbb\xed\xaf\xa8\xb5\xd3\x9b\
\xc3\xfar\x1f%\xe4\xb4\xd2\xad{\xe57B\xf2\x95\xbe\
\x80\x8b\xc0\x0fLt\xaf\x8d\xcf+\x1dx6\xf4<\xdb\
G\xf63-o\xcf\xe2\x1d\xb2=\xc7\x7f\xae<R\xca\
\xfd\x0fd\xd1\x05\xf3AU\x7f\xda\xfa\xcb=9\xed\xa8\
\x00\x87\xd1#\xbe/)4`\xb3!\xe7a5\xa7\xc3\
Qx68\x16)\xe3\xdes8\xdf\xd6zL\x13\x5c\
\x0e\x17,\x8b\xe8\x00v\x19\xd9D\xd9\xb0\xc1)-8\
H\xa0!:\xb2\xbbgpo\xd1\xb2\xde3\xfd\x17,\
x\xdf\xcd\x17T\x97\x97UytN\xf3\xf4\x1b\xe6\xc0\
\xa0\x8av\x9cZ=X\xeab\x9a\xc6.\xc2\x83\xcf\x17\
!\xd3[\xa1\xc0S\x08\xac \xf0:!\xa1)w\x8c\
\x9b\xee\xb4\xa2\xcb\xadH\xf8;\x9f\xae\xcf\x15\xbf*\xf6\
y\xf7\xba\xcb\xad\xae\xa1\xbd\xf1\x9c\xf7\x95<\xc7,J\
\x22\x16]\x9d\xa0\x95\xf0\xbe\x99\xed\xc8\xf8\xd4\x19\xfe\xf9\
\xe1\xe3\xbaih\x19\xc7\xe1?\x84~m\xdb\xd54a\
\x10m\xc8\x91#\xad\xaf;\xf12\x89C>\xd9\xf1I\
`\x9d\xe6\x9c\xdab\x9e\xfc\x95OnK\xe3\xaa\xe8\x19\
\x0b\xb0\xae\x95\xd6\xd5R\x5c\xcf\x9a\x83KG\x12\xe7\xa9\
(d\xfc\xc5\xd2,\xfb$\x1aiF|Si\xca2\
|\x15.\x8d\xa6\xf7\xcd\xd8\x8c\x9b\xc1-\x8dv\xf4\xd5\
\xdd\xee\x8aJ\xcf)\xba\x07\x9dE\x1b\xcc\x19\xfa\x87P\
j\xe8\xb9w\x90\xe3!'\x09n\x8awh\xe2\x98u\
\x8f\x8c]2\xae\xdf\xf2\xde\x87\x8f\x1b[\xfc\xbc\x137\
\xa0\x99&BT\xdf\xd2c\xc6\xa7\xbb'\x5c\x90$y\
W2J\xbe\xe2\xf0\xd1\xac\xae\xe6\xb6v\x86\xd0\x84\x8e\
\x1d8\xe2\xd9\xb7r\x8e\x10\xa6\x19g+\x0b\x9dV\x96\
D|\x9a\xa14\xba\x84\x05_\xe8[i\xd7f\x8f\xa8\
\xa2\xbb\x0b\xdf\x0e\x00\x02>\xb8\xaa\x1a\xdf[@\xdb\xbe\
.'\xda\xcdB\xe3\xc0\xa0\xd28\x9dF\x90\xd6\x84w\
\xa4\xe5l\x05\xcf\xa9L{~@+J\xbb\x8e\xb8\xdc\
\xee\x01\xbf\x0c\xa4in\xb7\x1c\x989\x03\x19L\x01$\
\xe2\xf3\x7f\xdf\xf2\xa7\xc7\x11\x81\xc5\x14H\xfa\xd0\xaf\xc6\
b\xa9\x83\xa47\x05\x8e\x96\x0d]\xa5\xc88\x09\x1b\x91\
\x0f{;\xcd\xb1P\xbe\x82\x85&\x98\x86\x8f\xb6\x0d\x1d\
\x99+\xcd\xbc\x91\x1c\x89\xa0\xd9C\x0e\xfajq\xd0\x19\
\x89\xdes\xf3)\xb6:3\x87\xd1\x97IA\xd9\xdb\x9b\
\x99cg\x8e\xa6\xa09\xe5\x96f\xee\xe8\xd92\xc1\x93\
\xb8\x8f\x99=\xeb<\xa9>\xab\xdc\xd6e\xfc!yp\
\xe5Pk\xe7\x22&\xbf\xd18\xf6=\xd8\x87\x8b\xcaD\
!\xfc\xe4. *2\x10X2\x11Tm\xf7'\x0e\
r\xceX\x0eZ\xee\xfd\x0aR\x9dF<[!o\xae\
\x83\x0b\xde\x14HrNZ*\x81\xb8\x18\x1d0\x1c\x84\
\xd1\x87\xaa9v\x00\xbc\xd1\xb3\xe3\xb0o\xdbu%\xca\
\xd0\xd2\x01\xd6\xd8s\xb2\x85\xe0\x9dP\xaek\xcf<\xf8\
\xea\x83\xb1\xa7=\xe4\xdeE\x1a\x14\x09[W\xbb\x1c\xc7\
\x97\x8a\x9e\xe4\xb9p\xee\x08\xda\xe3C\xd5\xee]\xac\xc1\
Q\xeam\xa8;~I\x1e\x9a\xfe\x14\xc3\xd1\xe4\xeb\xb1\
\x5c?F\x92\x8f\xcc\xb3'\xa2\xc3\xa9h\xa3)\xb8\x88\
\xd4\x8a>\xd4a0\x10\x98S`\xa9\xd8\xfe\xb0\x89\xe4\
\x8c\xcfsp\x95\x07\xd1\x02\x81+\x15E\xb5\x0e\xcf\x8e\
3\xfa\xc0w\xc37e\xa38\xc0\x95\x0a\xa2Z\x1c\x14\
\xae\xecK\xc5\x0f)\xf3j\xaf\x0b\x80\x8d~\xb3\xd2G\
P\xbd\xd8\x97\xc7\x97\x12O*\x86\x96Z/W\xdal\
9`\xba\x92\xd7\x14y;\xed>l\xaf'&;:\
\x16\x06l\xef~s\xf8\xafw\x8c\xdd\xf7\x0f4*J\
\x91\xeb\xbf\xd2\xcb8\xca\xf0\x1b\x80~Co\x7f\x9e\xb9\
Tl,\x1d\xb93\x81\x0f\xe5\xe5oW\x98\xfc0\x86\
\xf5\x97N\xff'\x86\x93\xe4xJ\xceT\x9c?\x8a5\
\x13'\xc9\xdf\x96\x1e\x02\x9a7\x96\x93d\xee(\xc7G\
\x7f\x0a\x18\xe5\x7f\xdc2s\x18\xc7\x9f\xb6\x07q\x94\xff\
i\xcb\xccqt\xa7@Q\xea\x87-\xb3'\xe2$\x10\
\xcaN\x0d}\x0d\x0e=\xfa\xd48LF\xc5V\xe9:\
\x0e4E\xee\x09R\xc8\xad\xbb\x13\xf8$@\xaaG\xc9\
\xe688\x05\x9a\xea\x9c\x09\xe5\xa6R\xc8~\xc10{\
\x16Z\x93\xbcpU\x0dE\x7f|>\xd9p\x16\x80R\
\x9bF\x0bL\x92\xd5(=\xbbl\xd6@\xd6/\xae}\
\xb9\xe9\x8d*\x85\x18\xabM7\x98$\xa9G\xa9H\xed\
T\xd9\xde\xff\xe5\xc5\xd7\xd2\xd8\xad\x1f\x96\xe2\xdf\x09\xad\
\x1f\xbe\x035\xeb\x836\
\x00\x00\x0a\xad\
<\
?xml version=\x221.\
0\x22 encoding=\x22UTF\
-8\x22 standalone=\x22\
no\x22?>\x0a<!-- Creat\
ed with Inkscape\
 (http://www.ink\
scape.org/) -->\x0a\
\x0a<svg\x0a   xmlns:d\
c=\x22http://purl.o\
rg/dc/elements/1\
.1/\x22\x0a   xmlns:cc\
=\x22http://creativ\
ecommons.org/ns#\
\x22\x0a   xmlns:rdf=\x22\
http://www.w3.or\
g/1999/02/22-rdf\
-syntax-ns#\x22\x0a   \
xmlns:svg=\x22http:\
//www.w3.org/200\
0/svg\x22\x0a   xmlns=\
\x22http://www.w3.o\
rg/2000/svg\x22\x0a   \
xmlns:sodipodi=\x22\
http://sodipodi.\
sourceforge.net/\
DTD/sodipodi-0.d\
td\x22\x0a   xmlns:ink\
scape=\x22http://ww\
w.inkscape.org/n\
amespaces/inksca\
pe\x22\x0a   width=\x2234\
.133335\x22\x0a   heig\
ht=\x2234.133335\x22\x0a \
  id=\x22svg2985\x22\x0a \
  version=\x221.1\x22\x0a\
   inkscape:vers\
ion=\x220.92.1 r153\
71\x22\x0a   sodipodi:\
docname=\x22semiaut\
omaticclassifica\
tionplugin_open_\
file.svg\x22\x0a   ink\
scape:export-xdp\
i=\x2267\x22\x0a   inksca\
pe:export-ydpi=\x22\
67\x22>\x0a  <defs\x0a   \
  id=\x22defs2987\x22 \
/>\x0a  <sodipodi:n\
amedview\x0a     id\
=\x22base\x22\x0a     pag\
ecolor=\x22#ffffff\x22\
\x0a     bordercolo\
r=\x22#666666\x22\x0a    \
 borderopacity=\x22\
1.0\x22\x0a     inksca\
pe:pageopacity=\x22\
0.0\x22\x0a     inksca\
pe:pageshadow=\x222\
\x22\x0a     inkscape:\
zoom=\x225.598901\x22\x0a\
     inkscape:cx\
=\x22-81.100275\x22\x0a  \
   inkscape:cy=\x22\
-2.6110357\x22\x0a    \
 inkscape:curren\
t-layer=\x22layer1\x22\
\x0a     showgrid=\x22\
true\x22\x0a     inksc\
ape:grid-bbox=\x22t\
rue\x22\x0a     inksca\
pe:document-unit\
s=\x22px\x22\x0a     show\
guides=\x22true\x22\x0a  \
   inkscape:wind\
ow-width=\x221366\x22\x0a\
     inkscape:wi\
ndow-height=\x22708\
\x22\x0a     inkscape:\
window-x=\x220\x22\x0a   \
  inkscape:windo\
w-y=\x220\x22\x0a     ink\
scape:window-max\
imized=\x221\x22\x0a     \
inkscape:snap-gl\
obal=\x22true\x22>\x0a   \
 <inkscape:grid\x0a\
       type=\x22xyg\
rid\x22\x0a       id=\x22\
grid3765\x22\x0a      \
 originx=\x220\x22\x0a   \
    originy=\x220\x22\x0a\
       spacingx=\
\x221.0666667\x22\x0a    \
   spacingy=\x221.0\
666667\x22 />\x0a  </s\
odipodi:namedvie\
w>\x0a  <metadata\x0a \
    id=\x22metadata\
2990\x22>\x0a    <rdf:\
RDF>\x0a      <cc:W\
ork\x0a         rdf\
:about=\x22\x22>\x0a     \
   <dc:format>im\
age/svg+xml</dc:\
format>\x0a        \
<dc:type\x0a       \
    rdf:resource\
=\x22http://purl.or\
g/dc/dcmitype/St\
illImage\x22 />\x0a   \
     <dc:title /\
>\x0a      </cc:Wor\
k>\x0a    </rdf:RDF\
>\x0a  </metadata>\x0a\
  <g\x0a     id=\x22la\
yer1\x22\x0a     inksc\
ape:label=\x22Layer\
 1\x22\x0a     inkscap\
e:groupmode=\x22lay\
er\x22>\x0a    <path\x0a \
      style=\x22fil\
l:#808000;stroke\
:#000000;stroke-\
width:1.19256961\
px;stroke-lineca\
p:butt;stroke-li\
nejoin:miter;str\
oke-opacity:1\x22\x0a \
      d=\x22M 0,9.2\
444448 H 26.6666\
67 V 35.911111 H\
 0 Z\x22\x0a       id=\
\x22path3028\x22\x0a     \
  inkscape:conne\
ctor-curvature=\x22\
0\x22 />\x0a    <path\x0a\
       style=\x22fi\
ll:#37c871;strok\
e:#000000;stroke\
-width:1.0666667\
2px;stroke-linec\
ap:butt;stroke-l\
inejoin:miter;st\
roke-opacity:1\x22\x0a\
       d=\x22M 10.6\
66667,2.1333333 \
H 32 V 28.8 H 10\
.666667 Z\x22\x0a     \
  id=\x22path3028-2\
\x22\x0a       inkscap\
e:connector-curv\
ature=\x220\x22 />\x0a   \
 <path\x0a       st\
yle=\x22fill:#ffff0\
0;stroke:#000000\
;stroke-width:0.\
50283152px;strok\
e-linecap:butt;s\
troke-linejoin:m\
iter;stroke-opac\
ity:1\x22\x0a       d=\
\x22M 0,9.2444448 5\
.3333333,16.3555\
56 V 41.244445 L\
 0,34.133333 v -\
24.8888882 0\x22\x0a  \
     id=\x22path302\
6\x22\x0a       inksca\
pe:connector-cur\
vature=\x220\x22 />\x0a  \
</g>\x0a</svg>\x0a\
\x00\x00\x06\xe8\
\x00\
\x00+\x10x\xda\xe5Zmo\xdb6\x10\xfe\xde_a\
8\x18\xd0`\xa1$R\xefJ\x9c~X1`\xc0\x80\
\x0dk\x8b}\x1ch\x89\xb6\xb5\xc8\xa2 \xd1\xb1\xdd_\
\xbf\xa3^)\xc9I\xeb\xd6i\xedNF\x11\xf1\xee\xf8\
r\xcf\x1d\x1f\x1d\xa5\xde\xbd\xd9\xad\x93\xc9#\xcb\x8b\x98\
\xa7\xb3)\xd6\x8c\xe9\x84\xa5!\x8f\xe2t9\x9b~x\
\xff+\xf2\xa6\x93B\xd04\xa2\x09O\xd9l\x9a\xf2\xe9\
\x9b\xfbWw\xc5\xe3\xf2\xd5d2\x81\xcei\x11D\xe1\
l\xba\x12\x22\x0bt=\xdb\xe4\x89\xc6\xf3\xa5\x1e\x85:\
K\xd8\x9a\xa5\xa2\xd0\xb1\x86\xf5ig\x1ev\xe6a\xce\
\xa8\x88\x1fY\xc8\xd7k\x9e\x16e\xcf\xb4\xb8R\x8c\xf3\
h\xd1Zo\xb7[mk\x96F\xd8\xf7}\xdd :\
!\x08,P\xb1O\x05\xdd\xa1~WX\xe3\xa1\xae\xc4\
0\x0c\x1dt\x9d\xe5\xe7Y\x05\xbb$N\x1f\x9e\x5cL\
\xa9Ug\x07\x0c3\xf8\xd7vh\x04Z\xc17y\xc8\
\x16\xd0\x93i)\x13\xfa\xdb\xf7o[%2\xb4HD\
\xca00h\x11\xd2\x8c\xf5\xe6m\x84\x15^t\xcd\x8a\
\x8c\x86\xac\xd0\x1by\xd9\x7f\x1bGb5\x9b\x9a\x96\x86\
M\xb8\xecR\xb8b\xf1r%\x86\xd28\x9aM\xc1W\
\xe2{U[\xc9\x07\x5c\x19\xd4\x03\x07j\xa6hd\xf2\
\x9ayN\xe8\xb9\x86\xe7\xfa7\x13b\x10\x8c\x0c\x8c\xb0\
}]vj|\x0a\x22\x1e\xcaE\xc2\x1cl\x1d\xd3\x8d\
\xe0k\x08z\x18&\xb4(\xe2E\x1cB\x83\xa7Y\xb2\
Y\xc6\xe9?s*\xc2\x95\xd6\xe0\xdeN\xcbv\x19\xcf\
\x05\xdaE\x19\xe0\xe9\xb8\x07\x95\xfbFy\x0f\xda\xbb\x88\
-\x0aiU9'[\xe0]\xa5\x03m\x98\xc4\xd9\x9f\
T\xac*\x8b\xc9\xa4i\x7fHc\x01\xe9\xb0)X\xfe\
NB\xfaG\xfa\xa1\xa8\xd0lFj,1\xb6\xecz\
4\x18\x0f:4F\x10\xb8\xd9\xd4\x98v\xcd}\xbfY\
\xe6I\xb0\xca\x19\xe4\xf5\xd5\x12\x86\xc1\x8aR\xce\x00c\
\x81\xd4U\xa4u$\xb1a\xfc\xa4H\x9bP\x96\xe2\x89\
^{\xa67\x0b<\x9d\xa7\x1el2\x07~\xe4\x14\xfe\
z\xd8C\x1eF0\xa4w\xc0o\x8fX\xc86\x10\xe4\
\xd0\xd9\xb9\x7fR\xe7\x9fq\xfd\xcc\x1c?\x9d\xdbO\xfa\
|n\xa16O\x19\xea\xa7#\xed\x9f\xc2\xef;]R\
[y\xd7\xd2\xad\xe4\xda\xe81f\xdb\x8e\xff\xe6\xb4u\
9\xa3Kx\xdc&<\x87e.\xca\xabV\xccy\x1e\
\xb1\xbcQ9\xe5\xd5Sq@/\x16\xfb\xaaJ\xa8\xc7\
n8X\x8e\xda\xea\x8d\xc3\xfabE#\xbe\x9dM\xc9\
P\xf9\x91\xf3\xf5l\xeaj>\xf6\x0c\x0b{Cu\x08\
\xc0\xc3s\x11\x9b\xc4\xb4m\xcf\x1c\xa9\xe5\x8a\x08\xa8]\
\x8b\x8c\xfbn\xf2\x1cj\x10\x94\xd0=\x03\xb7\xca?M\
&\x16+\xbe]\xe6\x12\x1e\x91o\xd8\xb0\xa7\xd4\xa0\xf9\
\x9c\xef\x0e\xab\xe1\x99\xb6\x91\xd5\x0d\xdaT\xe9\x95\xed\xd4\
Q7q\xc4\x8a\xc3\x1d\xb7q\x0a(\xa0&\xe2f\x0b\
\xf2\xd0\xa2\x89\xbek<e\xa1$\xe4P\xb5\x7fZ\xb5\
\xa6\xbbx\x1d\x7fd\xe07\x1e\x9a\x14)\xcd\xd02\xe1\
s\x9a|\xc2\xed\x9c\x8b\xf2\xb9-\xe7\xa9\x13\xb3\x07]\
\x93\xc5b/k\x97\xdd^\xcaz\x9bN\x0aL\xd7\xb1\
[!\xcfc\xa8\x00z\x9b\xac\x12\xf56\x9a\xact\xa0\
6\xdd\x95YX\xe6\xa8;\xd4\xedU]\xb5m\xee\xf4\
\xf1\xee(\xe5k&hD\x05\xed\xb6J#!\xbe\xdf\
z\x06%f\xf0\xd7\xdb_[Z\x08\xc3\xe0o\x9e?\
t;U\x1a\xd09\xdf@\xb8Z\xf2\x90EH\x18@\
\x99\x07\xd5\xce}\xbc\x86\x0d \xeb\xc9\x9f\xa1\xac\x83M\
\xdb*z\xc6\x12\xacn\xd0j\xd8\x9cU\xf5\xe2\xc1\x12\
;\x0a\xd7\xb1\xec\xa4\xbf\x13q\x92\xfc&'i\x89\xa2\
\x1d4\x16\x09\xeb\x84\xc0\x1f\xd5\xea\x1b:Q\x9c\xbb\xd3\
\x1b\xef\xcb\xd6\xb2C\xa5\xb7q\xda@'t\xce Q\
~\x97\xca\x09\x1e\xef \xbe\xc9\xd6<bu\xf7\x16M\
\x16\x8a6db\x9f\x80~\x01\xab\x0f\xae\xcc\xf2\xba-\
D\xce\x1fX\xb5C\x02\xa2\x19\xa6S\x8b\x82\x9a\xb0\x1a\
\x8b\x9ap\x02\xdc\x08\x00\x0c\x96'\x90\xdd\x22\xb0\x1aY\
D\x81w\xf2\x9c\xee\x83\x14\x0e0\xb7r\xa6\xaec/\
#\xe5\xba|%\x9d\x9a\x02\x1ak\xbe\xbc\xbaz\xa5-\
\xa2aq\xf2\xb2Z\xcd\xc1\xb4\xdc\x1f\x12\xe6 55\
\xd2\xd1\xfa\x01TJ.\x0e\xae\xca9\x8c\xdb(.2\
\xc0\x11N\x04\xf0\xa4a\xb7\x1cJ\xf1E\xc2\xb7\xc1c\
\x5c\xc4\xf3\x84\xdd\x96\x7f\xe3D\xfa\xd5\x88*Xk\xd0\
\xfa\x9eW\xcd|\x930\x89\xcbG`\xf7\x16\xe4z\xbe\
^\x18\xda\xa6\x9c\x1b\xa2\x1b\xcc7B\xa8\xb2\x7fy\x9c\
\x06%\xfeG\x04C\x91\xf2\xc5\xa2`\x02\xc2\xed\x99\xc4\
3\xb0\xed\x8d\x83\xbc\xa6\xf9\x03\xcb\xab\x9e,\xa5\xe0 \
\x9a\xd3\xf0A\xa6Y\x1a\x054\x04f\xda$T\xb0Q\
P-\xc3\xb1FQu5\x99l\xc4\x1aG\xd5\xd3l\
 &\x93\xa8QE\x18\xd7i\xa0\x86\xd5\xf45k\x1c\
VGs\x5c\x13\x9e\xf2v\x17\xdce\x8f\xf9\xa0\xbc7\
\xa7j\x99\x822*\xd7\x04\x1b\xfb\xf5\x95z\xc0\xb8n\
\xadDN\xd3BR\x06\x10\x14\x15y\xbc{mh\x96\
o\xda\x86cZ7\x86\xfcuM\x0c\x0bp\xa0\xe5\xc9\
;lz\xb6I\xae\xbb\x92f\xa9\x14$\x83}\xfc\x0b\
L=\xa8W\xaa\x03\x8aB(K\x95\x9f*\x0b\x8f\x18\
P5\xf9H\xad\x86\x9e\xf1\xab=N\x5c\xf7\xec{L\
`\x18\xa6\xe9\x19\xc3\x94mY \x92\xbf\x01O\x1c\x9f\
vc\x16\x18 ]\xde\xca\x8cz\x8ddN\xc8\xeb\x06\
\xb9U\xc8m\xf3Z\x81e\x08\xcc'\xb1U\xd0;x\
 \xfa\xde\x88\xdc\xf7\x96\xd2#\xa7s\x0b\x98\xba\xd3]\
\x1b#\x0b\x11d\x8d,\xeam_\xc7\xb1w\xbc\xeeo\
\xff&\xd2\xde\xc8\x02h\x80\xd8\x9a3\x92K~wk\
\x82\xef=}/\x0e:\x82\x5c\x09\xdf\x0b\x82'\x9f,\
\xe4\x10\x82%\xb2\x17\x0e\x1e\x9c\xe9\x90\x89\x9c\x17\x82\xaf\
\xc91\xef3\xe1\xbb\xd3\x97\x0ao\xf7\x1aO\x93\xf8Q\
\x14\xfe\x0c\x81[\x96\xeb\x11|F\x04nkUu\x89\
o\x90\xa5\x91r\xaf\x9e\x9c\xc1\x9f\xe3\xefo\x0c\xc8\xb1\
\xfb\xe8;\xc6\xeb\x00\x7f_\x10{\x9f\x11p%{_\
\x10w\x9f\x15t%w_.s\x1f\xc1\xdb\xcf\xb06\
\xa5\xca\xc9o\x18\x82c\xd8\x96T_\x97\xb0}\x83\xea\
\xa3\xafm\x9f\x94m\x9f\xa3\xda\xcf\xf4\xe2\xd8t}v\
\xd8*?\xa5\xaf\xbea\x1d\xc9w\x17\xc4v/\x85\x01\
P\xd7\x05\x11\xd7\xcb\xa1`\x0c*\xb0\xcb\xaa\x1e\x8fa\
!d~)\x0f}\x93r\xf1\xc5\x09\x0c\x91/\xa6\xb0\
\xefP\x1e~\xcb\x80\x8c\xeb\xc1\x1f\x8c!_\xb4\x00\xb4\
\x7f,\x1e}\xe1\x8a\xcf8s\xb6mo\xbb\x9bL\xf9\
\xc4=x\x15\xa2|\x1b\x91\xcd\xd0\x1d\xbe\xc5\xc7\xd9\xee\
\xf8\xf7\xf8c<\xe5W\xb2Is\x8a\xf6n\x1c\xcd*\
\xbf\x18\x90I8!f\xfdF\x9c\xdc\x18O7zo\
\xe8\xa5C\xbe\x8b\xbb\x97\xe5?\xaa\x87\xc8=g\x1f\xeb\
\xf7\xda\x8e\xffu>\xda\xe7\xec#\xc6\x9a[nZ\xc5\
GOuk\xd48\xe8\xa3\xf9?\xf0\xd1=\xf3H\x12\
\xcd\xfb:\x07m\xe4\xb4\xff9\x00\xb8\xf5N~\x9c\xbf\
\x7f\xf5\x1fgGwq\
\x00\x00\x0f\x08\
<\
?xml version=\x221.\
0\x22 encoding=\x22UTF\
-8\x22 standalone=\x22\
no\x22?>\x0a<!-- Creat\
ed with Inkscape\
 (http://www.ink\
scape.org/) -->\x0a\
\x0a<svg\x0a   xmlns:d\
c=\x22http://purl.o\
rg/dc/elements/1\
.1/\x22\x0a   xmlns:cc\
=\x22http://creativ\
ecommons.org/ns#\
\x22\x0a   xmlns:rdf=\x22\
http://www.w3.or\
g/1999/02/22-rdf\
-syntax-ns#\x22\x0a   \
xmlns:svg=\x22http:\
//www.w3.org/200\
0/svg\x22\x0a   xmlns=\
\x22http://www.w3.o\
rg/2000/svg\x22\x0a   \
xmlns:sodipodi=\x22\
http://sodipodi.\
sourceforge.net/\
DTD/sodipodi-0.d\
td\x22\x0a   xmlns:ink\
scape=\x22http://ww\
w.inkscape.org/n\
amespaces/inksca\
pe\x22\x0a   width=\x2234\
.133335\x22\x0a   heig\
ht=\x2234.133335\x22\x0a \
  id=\x22svg2985\x22\x0a \
  version=\x221.1\x22\x0a\
   inkscape:vers\
ion=\x220.92.1 r153\
71\x22\x0a   sodipodi:\
docname=\x22semiaut\
omaticclassifica\
tionplugin_stack\
_raster.svg\x22\x0a   \
inkscape:export-\
xdpi=\x2267\x22\x0a   ink\
scape:export-ydp\
i=\x2267\x22>\x0a  <defs\x0a\
     id=\x22defs298\
7\x22 />\x0a  <sodipod\
i:namedview\x0a    \
 id=\x22base\x22\x0a     \
pagecolor=\x22#ffff\
ff\x22\x0a     borderc\
olor=\x22#666666\x22\x0a \
    borderopacit\
y=\x221.0\x22\x0a     ink\
scape:pageopacit\
y=\x220.0\x22\x0a     ink\
scape:pageshadow\
=\x222\x22\x0a     inksca\
pe:zoom=\x225.59890\
1\x22\x0a     inkscape\
:cx=\x22-43.253191\x22\
\x0a     inkscape:c\
y=\x225.1490207\x22\x0a  \
   inkscape:curr\
ent-layer=\x22layer\
1\x22\x0a     showgrid\
=\x22true\x22\x0a     ink\
scape:grid-bbox=\
\x22true\x22\x0a     inks\
cape:document-un\
its=\x22px\x22\x0a     sh\
owguides=\x22false\x22\
\x0a     inkscape:w\
indow-width=\x22136\
6\x22\x0a     inkscape\
:window-height=\x22\
708\x22\x0a     inksca\
pe:window-x=\x220\x22\x0a\
     inkscape:wi\
ndow-y=\x220\x22\x0a     \
inkscape:window-\
maximized=\x221\x22>\x0a \
   <inkscape:gri\
d\x0a       type=\x22x\
ygrid\x22\x0a       id\
=\x22grid3765\x22\x0a    \
   originx=\x220\x22\x0a \
      originy=\x220\
\x22\x0a       spacing\
x=\x221.0666667\x22\x0a  \
     spacingy=\x221\
.0666667\x22 />\x0a  <\
/sodipodi:namedv\
iew>\x0a  <metadata\
\x0a     id=\x22metada\
ta2990\x22>\x0a    <rd\
f:RDF>\x0a      <cc\
:Work\x0a         r\
df:about=\x22\x22>\x0a   \
     <dc:format>\
image/svg+xml</d\
c:format>\x0a      \
  <dc:type\x0a     \
      rdf:resour\
ce=\x22http://purl.\
org/dc/dcmitype/\
StillImage\x22 />\x0a \
       <dc:title\
 />\x0a      </cc:W\
ork>\x0a    </rdf:R\
DF>\x0a  </metadata\
>\x0a  <g\x0a     id=\x22\
layer1\x22\x0a     ink\
scape:label=\x22Lay\
er 1\x22\x0a     inksc\
ape:groupmode=\x22l\
ayer\x22>\x0a    <path\
\x0a       style=\x22f\
ill:none;stroke:\
#000000;stroke-w\
idth:9.81333351;\
stroke-linecap:b\
utt;stroke-linej\
oin:miter;stroke\
-miterlimit:4;st\
roke-dasharray:n\
one;stroke-opaci\
ty:1\x22\x0a       d=\x22\
m 2.2056427,23.4\
66912 -0.072309,\
10.666421 31.999\
2643,0.217024 0.\
07231,-10.666421\
 v 0\x22\x0a       id=\
\x22path2992-3\x22\x0a   \
    inkscape:con\
nector-curvature\
=\x220\x22 />\x0a    <rec\
t\x0a       style=\x22\
fill:#0055d4;fil\
l-opacity:1;fill\
-rule:evenodd;st\
roke:#ffffff;str\
oke-width:2.9116\
0679;stroke-mite\
rlimit:4;stroke-\
dasharray:none;s\
troke-opacity:1\x22\
\x0a       id=\x22rect\
2993\x22\x0a       wid\
th=\x2221.316967\x22\x0a \
      height=\x2217\
.882128\x22\x0a       \
x=\x2243.471264\x22\x0a  \
     y=\x2230.33707\
8\x22\x0a       rx=\x222.\
5406871\x22\x0a       \
ry=\x222.7055781\x22\x0a \
      transform=\
\x22matrix(0.994073\
01,0.10871458,-0\
.89704129,0.4419\
4674,0,0)\x22\x0a     \
  inkscape:expor\
t-xdpi=\x2267\x22\x0a    \
   inkscape:expo\
rt-ydpi=\x2267\x22 />\x0a\
    <rect\x0a      \
 transform=\x22matr\
ix(0.99407301,0.\
10871458,-0.8514\
3573,0.52445896,\
0,0)\x22\x0a       ry=\
\x222.8917108\x22\x0a    \
   rx=\x222.5406871\
\x22\x0a       y=\x2216.8\
1723\x22\x0a       x=\x22\
29.865074\x22\x0a     \
  height=\x2219.112\
341\x22\x0a       widt\
h=\x2221.316967\x22\x0a  \
     id=\x22rect376\
7\x22\x0a       style=\
\x22fill:#00aa00;fi\
ll-opacity:1;fil\
l-rule:evenodd;s\
troke:#ffffff;st\
roke-width:2.722\
73231;stroke-mit\
erlimit:4;stroke\
-dasharray:none;\
stroke-opacity:1\
\x22 />\x0a    <rect\x0a \
      style=\x22fil\
l:#ff0000;fill-o\
pacity:1;fill-ru\
le:evenodd;strok\
e:#ffffff;stroke\
-width:2.5933303\
8;stroke-miterli\
mit:4;stroke-das\
harray:none;stro\
ke-opacity:1\x22\x0a  \
     id=\x22rect376\
9\x22\x0a       width=\
\x2221.316967\x22\x0a    \
   height=\x2220.49\
1337\x22\x0a       x=\x22\
19.153696\x22\x0a     \
  y=\x224.2696047\x22\x0a\
       rx=\x222.540\
6871\x22\x0a       ry=\
\x223.1003535\x22\x0a    \
   transform=\x22ma\
trix(0.99407301,\
0.10871458,-0.80\
545523,0.5926566\
2,0,0)\x22 />\x0a    <\
path\x0a       styl\
e=\x22fill:none;str\
oke:#000000;stro\
ke-width:9.81333\
351;stroke-linec\
ap:butt;stroke-l\
inejoin:miter;st\
roke-miterlimit:\
4;stroke-dasharr\
ay:none;stroke-o\
pacity:1\x22\x0a      \
 d=\x22M 34.132053,\
11.73728 34.1333\
53,1.0706133 2.1\
333533,1.0666633\
 2.1320433,11.73\
333 v 0\x22\x0a       \
id=\x22path2992\x22\x0a  \
     inkscape:co\
nnector-curvatur\
e=\x220\x22 />\x0a  </g>\x0a\
</svg>\x0a\
\x00\x00\x05\xa7\
\x00\
\x00\x17\x86x\xda\xedXY\x8f\xdb6\x10~\xdf_!\
hQ\xa4\x97\xee\xcb\x92\x8f\x00E\x10\xa0@\x9f\x9a\x14\
}\x0ch\x89\xf6\xb2K\x89*I\xad\xed\xfc\xfa\x0c\xa9\
\xc3\x92-/\x02l\x8f\x00\x89\x17\x0b\xaf\xe6 9\xdf\
\xcc|\x1c\xed\xea\xf5\xb1\xa4\xc6\x13\xe6\x82\xb0jmz\
\xb6k\x1a\xb8\xcaYA\xaa\xfd\xda\xfc\xe3\xfd[ka\
\x1aB\xa2\xaa@\x94UxmV\xcc|\xbd\xb9[\x89\
\xa7\xfd\x9da\x18\xe0\x5c\x89\xac\xc8\xd7\xe6\x83\x94u\xe6\
8u\xc3\xa9\xcd\xf8\xde)r\x07S\x5c\xe2J\x0a\xc7\
\xb3=\xc7<\x9b\xe7g\xf3\x9cc$\xc9\x13\xceYY\
\xb2Jh\xcfJ\xdc\x8f\x8cy\xb1\x1b\xac\x0f\x87\x83}\
\x08\xb4\x91\x97\xa6\xa9\xe3\xfa\x8e\xef[`a\x89S%\
\xd1\xd1\x9a\xba\xc2\x19\xe7\x5c}\xd7u\x1d\xd0\x9d-?\
\xcf*\x13\x80J\x0d\xbf\x83y/\xb0\x05kx\x8ew\
\xe0\x87\xed\x0aK\xe7\xcd\xfb7\x83\xd2r\xedB\x16\xa3\
eH\xf5(rT\xe3\xc9\xae\xbd\xb0E\x00\x95X\xd4\
(\xc7\xc2\xe9\xe5\xda\xff@\x0a\xf9\xb06\x83\xd0\xf6\x02\
\xf8DZ\xf8\x80\xc9\xfeA^JI\xb16\xe1\xf4~\
\xbah\x9fG\x19\xf6Z\x83n\xe1l\x9c{\xdb7\xbe\
\xc7\x8b8_$\xee\x22I\x7f6|\xd7\xf7,\xd7\xb3\
\xbc\xe8\x07\xed\xd4\xc7\x94\x15,W\x87\x84=pIP\
#Y\x09i\xccs\x8a\x84 ;\x92\xc3\x03\xabj\xda\
\xecI\xf5a\x0b\xb5\x93#\x9a\x7f\x90\x8cQ\xbbGt\
\xd8\x1e\x1fk\xc6\xa5u,j\xc05Nf\x95\xa7^\
\xb9\x01\xed\xaa\xc0;\xa1\xac\xda \xd5\x13D\x99\x98\x86\
\xa3\xb5\xc3\x11\xd5\xf9\x8a'\x82\x0fg\xdb-\x12-\x90\
\x86Q\xa3=\x14\x1de|m\xde\xef\xf4\xa7Sl\x19\
/0\xefU\xb1\xfeLT\x0c\x12C\xe4\xa9\xed\x95n\
\xed\xfe\xbcj\xd5A\xef\xce\xeb\xc5\x03*\xd8am\xfa\
\x97\xca\x8f\x8c\x95k3\xb2\xa3t\x91\xba\xde\x95:?\
B\x8e];^\xf8Q\x92^)a?\xdf\xb3\x13\xd7\
\xf7\xc3\xf0J\xd9p\x0e}hQt\xc2\x10\x94\xfe\xf2\
:#\xf1\xc0\x0e{\xae\xc0\x91\xbc\xc1\x97\x9eJcm\
\xb7\xec8\xaf\x86*hT\x87[ME$tQ}\
\x1c\xaf\xda\x90\x02\x8byGQ\xa1\xda\xdaS\xb6Et\
\xde\xe0@*\x00\xc9\xea\x0a\xde\x0b\x86\x1c\x5cZ\xf4\xd5\
\x9f\xb8\xb7,\xe0\xec\xee\x0d\xd5\xe9\xb6\xaaDGR\x92\
\x8f\x18\x80\xf1\xaePQ\x91}\x0e,\x9cI\xdd\x09j\
\x9b\x8d6ZM\xa0m\xfd\x0cC\x9e\x14\x1b\x1cOJ\
f\xf6B\x95\x13%\xf0\xd34\x19\x84\x8c\x13\xe8\xa9Q\
H\xbd\xe84\x16)\xee\x00\xfe>\xea\x1a\xd5\x15\x9c\x5c\
\xeaNc]\xd7:\xceu\xefhy\x89%*\x90D\
\xe7F\xea%p\xb6!2\xa0\xe1\xec\xf77o7\xdd\
F\xab<\xcf\xfed\xfc\xb1\xdf\xd70\x94\x01\xda\xb2\x06\
\xb2en\x06\xf1\xaa\xc83 N\xe0\x8f\x0d)\xa1=\
\x14\xe7\xfe\x04D\xb9r\xce\x8a\x89\xb1\x02\xeb\xbch\xbb\
,\xc7-\x03\xcf^CE^\x12\xe5\xe4\xbc\x93\x84\xd2\
_\xd5&]\xc4\xa3E\x89\xa4\xf8,\x5c9\xdd\xe9\xbb\
\xd8\x9cQp+\xa7\x8f^?\xed\xcf\xa8L\x1akH\
4E[\x0cU\xfe\x9bR\x1a\xd7\xb5\xc4YS\x97\xac\
\xc0\x9d\xfb\x80&\xce\xe5\x902y\xa2\xa0\xdf\xc1\xe9\xb3\
\xfb4Z`\x9c,\xd5\x83\xd5QM\xe6\xb5\x8f\xbc\xa1\
@\x99O\xb8bE\xb1\x14\x92\xb3G\x9c\xdd\xe3X\xfd\
t\x8fmCe\xae\x9dF\xa1\x1b\x0dRJ*\x0c\xa7\
\xc9\xc4\xdf\x0d\xe2x,\xfd\x8b\x91*\x03\xf80\xef\xa5\
\xfa\x81Bo\xc8,\xece\x05\x02R\xe3\x1c\x9d\xb2\x0a\
f\x84\xb1\x94\xedv\x02\xcb\xcc\xede\xc3\x89'e\xae\
\x82\x0d\x16AlEV0(\xba\xde\x8f\xec 8_\
k\xc6\xe8\xc2\xf3\xdb\xfb.\x08\x07\x0d\x14\xbc\x1f\xd8\xe1\
\xb4\xe0[f\xbc\xb0\xe4\xba_\xfa\x84\xcf\xa1\xado\x80\
\xec\xde\xd5\x9feAD\x0d\xf9\x81\xbb[\xa1\xb2dp\
i\xee(;dOD\x90-\xc5K\xfdM\xa8\x0a\xad\
\x17\xb5\xe9\x0a\xd38\x8c\xb7\xb7\xd3\x05\x80}\x84;\xe5\
\xd9ty\xb6\x9fB\xa7EAp\x99\xb0m#\xe5\x7f\
\x92\xaee\x89\xf8#\xe6\xad\x03\xae\x10\x04hmQ\xfe\
\xa8\xca\xb7*2\x94\x03\xe35\x14I|\x9dW\xd7\x8b\
/s\x1a\xf8W\xc9\x9cN/]2\xaf\xd9\xeb4'\
T\xc9\x0c\xed\xd8\x07ooTX\xcfM\x18\xc6sS\
\xc6se\xd1f\xb5\x08\xd4\xcf\xe77ag?\xc9\xaa\
o\x87\x9e\x1b\xc4A\x18~Qm\x98,\xae\xd2u\xdd\
S}\xd6<\x98G\xa6\x9a\xe3\x5c\xc7B~\x02\xdb\xbf\
\xc8\x17\xb4c\x90Bm<\x87\xf6\x14\xdb\x7f\x94\xfc\xa2\
$\xf8\xd2\xe8\xef\x85\xd4\x17\xdb\xa1&+\xef\xa5\xd4\xf7\
u\xa1nE\xff\xcb\x95#\xf1q\xc0\x1d\xc6\x9dL\xbf\
\xef\xc1\x08\x0d\xa3\x0c\xe6Og\x1e\xedy\x87\xc1<\xa9\
\xff\x86pa(\xa2K-9\xe8\x83MD\x02\xa6\xd6\
\xcc\xf3\xedE}\x5c*4\xbb\x119s\xbfk\xf5;\
T\x12z\xca\x04\xaa\x84\x05[\x91\xdd\x92b\x09\xf0Z\
\xddd\x98\xb9\xe0x\x80W\x9d\x89\xa0\xad\x84\xee6\xbc\
\xa8\x84.\xef\xe34\xf4\x17\x97{I\x0eI\x8b\xd5\x05\
\xa5\xc3\x9b\xcb\x14,\xfdB\x02\x08\x01C\xc0\x80\xb9\x92\
p\x94\xea<\xf4\x0ds*g\x0a\x1b\x15\xa5y\xd6j\
_\xe5\x00\xce\xfeH>\xbb\xfb\x8d\xfd\xa7\xb8w(o\
\x19-\xc6\x18k\xf2K.`\x86\xcb:\xba\x05\xb4\xd5\
_9V\xbbJ\x8d\xf3\xe1m9{\xf5\x0e\x0c\x8d_\
`\x8fW\xf3(n\xbc\x1f\xfd\x95\xa3#\xdb\xc07\xa0\
\xf3\x95\xcf\x8a/%L/\xb4S-})a~\x15\
h'/\xa7\xc9\x0b\xa1B;\xb6\xa3\xe9\x1a\xdf\xd0V\
h\x07\xff\xca,\xf0\x0d\xec\x1bD\xf2\xe2\x19`\x9eJ\
\xe2v:^\xcc\xe2\xbdr\xf6\x9b\xbb\x95\xfaw\xc7\xe6\
\xee\x13\xdb\x97\x10?\
\x00\x00\x16d\
<\
?xml version=\x221.\
0\x22 encoding=\x22UTF\
-8\x22 standalone=\x22\
no\x22?>\x0a<!-- Creat\
ed with Inkscape\
 (http://www.ink\
scape.org/) -->\x0a\
\x0a<svg\x0a   xmlns:d\
c=\x22http://purl.o\
rg/dc/elements/1\
.1/\x22\x0a   xmlns:cc\
=\x22http://creativ\
ecommons.org/ns#\
\x22\x0a   xmlns:rdf=\x22\
http://www.w3.or\
g/1999/02/22-rdf\
-syntax-ns#\x22\x0a   \
xmlns:svg=\x22http:\
//www.w3.org/200\
0/svg\x22\x0a   xmlns=\
\x22http://www.w3.o\
rg/2000/svg\x22\x0a   \
xmlns:sodipodi=\x22\
http://sodipodi.\
sourceforge.net/\
DTD/sodipodi-0.d\
td\x22\x0a   xmlns:ink\
scape=\x22http://ww\
w.inkscape.org/n\
amespaces/inksca\
pe\x22\x0a   width=\x2234\
.133335\x22\x0a   heig\
ht=\x2234.133335\x22\x0a \
  id=\x22svg2985\x22\x0a \
  version=\x221.1\x22\x0a\
   inkscape:vers\
ion=\x220.92.1 r153\
71\x22\x0a   sodipodi:\
docname=\x22semiaut\
omaticclassifica\
tionplugin_bands\
et_cumulative_st\
retch_tool.svg\x22\x0a\
   inkscape:expo\
rt-xdpi=\x2267\x22\x0a   \
inkscape:export-\
ydpi=\x2267\x22>\x0a  <de\
fs\x0a     id=\x22defs\
2987\x22 />\x0a  <sodi\
podi:namedview\x0a \
    id=\x22base\x22\x0a  \
   pagecolor=\x22#f\
fffff\x22\x0a     bord\
ercolor=\x22#666666\
\x22\x0a     borderopa\
city=\x221.0\x22\x0a     \
inkscape:pageopa\
city=\x220.0\x22\x0a     \
inkscape:pagesha\
dow=\x222\x22\x0a     ink\
scape:zoom=\x2211.1\
97802\x22\x0a     inks\
cape:cx=\x22-11.127\
823\x22\x0a     inksca\
pe:cy=\x2217.997156\
\x22\x0a     inkscape:\
current-layer=\x22l\
ayer1\x22\x0a     show\
grid=\x22true\x22\x0a    \
 inkscape:grid-b\
box=\x22true\x22\x0a     \
inkscape:documen\
t-units=\x22px\x22\x0a   \
  showguides=\x22fa\
lse\x22\x0a     inksca\
pe:window-width=\
\x221366\x22\x0a     inks\
cape:window-heig\
ht=\x22708\x22\x0a     in\
kscape:window-x=\
\x220\x22\x0a     inkscap\
e:window-y=\x220\x22\x0a \
    inkscape:win\
dow-maximized=\x221\
\x22>\x0a    <inkscape\
:grid\x0a       typ\
e=\x22xygrid\x22\x0a     \
  id=\x22grid3765\x22\x0a\
       originx=\x22\
0\x22\x0a       origin\
y=\x220\x22\x0a       spa\
cingx=\x221.0666667\
\x22\x0a       spacing\
y=\x221.0666667\x22 />\
\x0a  </sodipodi:na\
medview>\x0a  <meta\
data\x0a     id=\x22me\
tadata2990\x22>\x0a   \
 <rdf:RDF>\x0a     \
 <cc:Work\x0a      \
   rdf:about=\x22\x22>\
\x0a        <dc:for\
mat>image/svg+xm\
l</dc:format>\x0a  \
      <dc:type\x0a \
          rdf:re\
source=\x22http://p\
url.org/dc/dcmit\
ype/StillImage\x22 \
/>\x0a        <dc:t\
itle />\x0a      </\
cc:Work>\x0a    </r\
df:RDF>\x0a  </meta\
data>\x0a  <g\x0a     \
id=\x22layer1\x22\x0a    \
 inkscape:label=\
\x22Layer 1\x22\x0a     i\
nkscape:groupmod\
e=\x22layer\x22>\x0a    <\
rect\x0a       styl\
e=\x22fill:#91bdff;\
fill-opacity:1;f\
ill-rule:evenodd\
;stroke:#ffffff;\
stroke-width:2.1\
8370509;stroke-m\
iterlimit:4;stro\
ke-dasharray:non\
e;stroke-opacity\
:1\x22\x0a       id=\x22r\
ect2993\x22\x0a       \
width=\x2221.316967\
\x22\x0a       height=\
\x2217.882128\x22\x0a    \
   x=\x2252.212822\x22\
\x0a       y=\x2245.45\
1149\x22\x0a       rx=\
\x222.5406871\x22\x0a    \
   ry=\x222.7055781\
\x22\x0a       transfo\
rm=\x22matrix(1,0,-\
0.84367848,0.536\
84879,0,0)\x22\x0a    \
   inkscape:expo\
rt-xdpi=\x2267\x22\x0a   \
    inkscape:exp\
ort-ydpi=\x2267\x22 />\
\x0a    <rect\x0a     \
  transform=\x22mat\
rix(1,0,-0.78937\
293,0.61391398,0\
,0)\x22\x0a       ry=\x22\
2.8917108\x22\x0a     \
  rx=\x222.5406871\x22\
\x0a       y=\x2227.79\
9768\x22\x0a       x=\x22\
35.980846\x22\x0a     \
  height=\x2219.112\
341\x22\x0a       widt\
h=\x2221.316967\x22\x0a  \
     id=\x22rect376\
7\x22\x0a       style=\
\x22fill:#8fff8f;fi\
ll-opacity:1;fil\
l-rule:evenodd;s\
troke:#ffffff;st\
roke-width:2.042\
04917;stroke-mit\
erlimit:4;stroke\
-dasharray:none;\
stroke-opacity:1\
\x22 />\x0a    <rect\x0a \
      style=\x22fil\
l:#ffa3a3;fill-o\
pacity:1;fill-ru\
le:evenodd;strok\
e:#ffffff;stroke\
-width:1.9449977\
9;stroke-miterli\
mit:4;stroke-das\
harray:none;stro\
ke-opacity:1\x22\x0a  \
     id=\x22rect376\
9\x22\x0a       width=\
\x2221.316967\x22\x0a    \
   height=\x2220.49\
1337\x22\x0a       x=\x22\
23.320629\x22\x0a     \
  y=\x2212.610057\x22\x0a\
       rx=\x222.540\
6871\x22\x0a       ry=\
\x223.1003535\x22\x0a    \
   transform=\x22ma\
trix(1,0,-0.7362\
5089,0.67670868,\
0,0)\x22 />\x0a    <re\
ct\x0a       transf\
orm=\x22matrix(1,0,\
-0.71071152,0.70\
348358,0,0)\x22\x0a   \
    ry=\x223.211764\
6\x22\x0a       rx=\x222.\
5406871\x22\x0a       \
y=\x22-4.0401384e-1\
5\x22\x0a       x=\x2213.\
866667\x22\x0a       h\
eight=\x2221.227692\
\x22\x0a       width=\x22\
21.316967\x22\x0a     \
  id=\x22rect3771\x22\x0a\
       style=\x22fi\
ll:#e6e6e6;fill-\
opacity:1;fill-r\
ule:evenodd;stro\
ke:#ffffff;strok\
e-width:1.907624\
96;stroke-miterl\
imit:4;stroke-da\
sharray:none;str\
oke-opacity:1\x22\x0a \
      inkscape:e\
xport-xdpi=\x2267\x22\x0a\
       inkscape:\
export-ydpi=\x2267\x22\
 />\x0a    <path\x0a  \
     style=\x22colo\
r:#000000;font-s\
tyle:normal;font\
-variant:normal;\
font-weight:norm\
al;font-stretch:\
normal;font-size\
:medium;line-hei\
ght:normal;font-\
family:Sans;-ink\
scape-font-speci\
fication:Sans;te\
xt-indent:0;text\
-align:start;tex\
t-decoration:non\
e;text-decoratio\
n-line:none;lett\
er-spacing:norma\
l;word-spacing:n\
ormal;text-trans\
form:none;writin\
g-mode:lr-tb;dir\
ection:ltr;basel\
ine-shift:baseli\
ne;text-anchor:s\
tart;display:inl\
ine;overflow:vis\
ible;visibility:\
visible;fill:#00\
627e;fill-opacit\
y:1;stroke:#ffff\
ff;stroke-width:\
1.06666672px;str\
oke-opacity:1;ma\
rker:none;enable\
-background:accu\
mulate\x22\x0a       d\
=\x22m 16,1.0666667\
 c -4.074204,0.0\
014 -8.3715555,3\
.9928236 -9.6,6.\
4 C 5.1715555,9.\
873843 3.084283,\
18.911564 1.0666\
667,25.6 0.05785\
867,28.944218 -1\
.808808,30.27755\
1 -2.356606,30.7\
7483 -2.9044041,\
31.272109 -3.2,3\
0.933333 -3.2,30\
.933333 c 0.7068\
757,0.158629 0.4\
404813,1.015372 \
0.1305651,1.8040\
87 -0.3099162,0.\
788713 -0.663354\
1,1.509399 -0.13\
05651,1.395913 0\
,0 0.2604556,1.5\
32041 2.1333333,\
0 1.87287776,-1.\
53204 5.3581776,\
-3.994827 6.4,-8\
.533333 C 7.4169\
781,16.522988 9.\
576784,5.2829051\
 16.175549,5.324\
285 22.4,6.4 21.\
333333,9.6 26.66\
6667,23.466667 c\
 2.417384,6.2852\
 6.4,9.6 10.6666\
66,10.666666 6.4\
,1.066667 5.3333\
34,0 5.333334,0 \
C 44.8,32 43.733\
333,35.2 42.6666\
67,30.933333 41.\
924503,31.180721\
 35.058347,32.32\
6252 32,25.6 28.\
941653,18.873748\
 27.480595,11.30\
9653 25.6,7.4666\
667 23.719405,3.\
62368 21.759187,\
1.1144355 16,1.0\
666667 Z\x22\x0a      \
 id=\x22path2997\x22\x0a \
      inkscape:c\
onnector-curvatu\
re=\x220\x22\x0a       so\
dipodi:nodetypes\
=\x22czsscscsscsccc\
szc\x22 />\x0a    <tex\
t\x0a       xml:spa\
ce=\x22preserve\x22\x0a  \
     style=\x22font\
-style:normal;fo\
nt-weight:bold;f\
ont-size:12.8000\
0019px;line-heig\
ht:0%;font-famil\
y:sans-serif;-in\
kscape-font-spec\
ification:'Sans \
Bold';letter-spa\
cing:0px;word-sp\
acing:0px;fill:#\
000000;fill-opac\
ity:1;stroke:#89\
8989;stroke-widt\
h:1.06666672;str\
oke-opacity:1\x22\x0a \
      x=\x224.26666\
69\x22\x0a       y=\x2232\
\x22\x0a       id=\x22tex\
t3795\x22><tspan\x0a  \
       sodipodi:\
role=\x22line\x22\x0a    \
     id=\x22tspan37\
97\x22\x0a         x=\x22\
4.2666669\x22\x0a     \
    y=\x2232\x22\x0a     \
    style=\x22font-\
size:25.60000038\
px;line-height:1\
.25;font-family:\
sans-serif;strok\
e-width:1.066666\
72\x22>%</tspan></t\
ext>\x0a  </g>\x0a</sv\
g>\x0a\
\x00\x00\x09\x99\
<\
?xml version=\x221.\
0\x22 encoding=\x22UTF\
-8\x22 standalone=\x22\
no\x22?>\x0a<!-- Creat\
ed with Inkscape\
 (http://www.ink\
scape.org/) -->\x0a\
\x0a<svg\x0a   xmlns:d\
c=\x22http://purl.o\
rg/dc/elements/1\
.1/\x22\x0a   xmlns:cc\
=\x22http://creativ\
ecommons.org/ns#\
\x22\x0a   xmlns:rdf=\x22\
http://www.w3.or\
g/1999/02/22-rdf\
-syntax-ns#\x22\x0a   \
xmlns:svg=\x22http:\
//www.w3.org/200\
0/svg\x22\x0a   xmlns=\
\x22http://www.w3.o\
rg/2000/svg\x22\x0a   \
xmlns:sodipodi=\x22\
http://sodipodi.\
sourceforge.net/\
DTD/sodipodi-0.d\
td\x22\x0a   xmlns:ink\
scape=\x22http://ww\
w.inkscape.org/n\
amespaces/inksca\
pe\x22\x0a   width=\x2234\
.133335\x22\x0a   heig\
ht=\x2234.133335\x22\x0a \
  id=\x22svg2985\x22\x0a \
  version=\x221.1\x22\x0a\
   inkscape:vers\
ion=\x220.92.1 r153\
71\x22\x0a   sodipodi:\
docname=\x22semiaut\
omaticclassifica\
tionplugin_open_\
dir.svg\x22\x0a   inks\
cape:export-xdpi\
=\x2267\x22\x0a   inkscap\
e:export-ydpi=\x226\
7\x22>\x0a  <defs\x0a    \
 id=\x22defs2987\x22 /\
>\x0a  <sodipodi:na\
medview\x0a     id=\
\x22base\x22\x0a     page\
color=\x22#ffffff\x22\x0a\
     bordercolor\
=\x22#666666\x22\x0a     \
borderopacity=\x221\
.0\x22\x0a     inkscap\
e:pageopacity=\x220\
.0\x22\x0a     inkscap\
e:pageshadow=\x222\x22\
\x0a     inkscape:z\
oom=\x225.598901\x22\x0a \
    inkscape:cx=\
\x22-68.611849\x22\x0a   \
  inkscape:cy=\x22-\
2.6110357\x22\x0a     \
inkscape:current\
-layer=\x22layer1\x22\x0a\
     showgrid=\x22t\
rue\x22\x0a     inksca\
pe:grid-bbox=\x22tr\
ue\x22\x0a     inkscap\
e:document-units\
=\x22px\x22\x0a     showg\
uides=\x22true\x22\x0a   \
  inkscape:windo\
w-width=\x221366\x22\x0a \
    inkscape:win\
dow-height=\x22708\x22\
\x0a     inkscape:w\
indow-x=\x220\x22\x0a    \
 inkscape:window\
-y=\x220\x22\x0a     inks\
cape:window-maxi\
mized=\x221\x22\x0a     i\
nkscape:snap-glo\
bal=\x22true\x22>\x0a    \
<inkscape:grid\x0a \
      type=\x22xygr\
id\x22\x0a       id=\x22g\
rid3765\x22\x0a       \
originx=\x220\x22\x0a    \
   originy=\x220\x22\x0a \
      spacingx=\x22\
1.0666667\x22\x0a     \
  spacingy=\x221.06\
66667\x22 />\x0a  </so\
dipodi:namedview\
>\x0a  <metadata\x0a  \
   id=\x22metadata2\
990\x22>\x0a    <rdf:R\
DF>\x0a      <cc:Wo\
rk\x0a         rdf:\
about=\x22\x22>\x0a      \
  <dc:format>ima\
ge/svg+xml</dc:f\
ormat>\x0a        <\
dc:type\x0a        \
   rdf:resource=\
\x22http://purl.org\
/dc/dcmitype/Sti\
llImage\x22 />\x0a    \
    <dc:title />\
\x0a      </cc:Work\
>\x0a    </rdf:RDF>\
\x0a  </metadata>\x0a \
 <g\x0a     id=\x22lay\
er1\x22\x0a     inksca\
pe:label=\x22Layer \
1\x22\x0a     inkscape\
:groupmode=\x22laye\
r\x22>\x0a    <path\x0a  \
     style=\x22fill\
:#808000;stroke:\
#000000;stroke-w\
idth:1.19256961p\
x;stroke-linecap\
:butt;stroke-lin\
ejoin:miter;stro\
ke-opacity:1\x22\x0a  \
     d=\x22M 0,2.13\
33333 H 26.66666\
7 V 28.8 H 0 Z\x22\x0a\
       id=\x22path3\
028\x22\x0a       inks\
cape:connector-c\
urvature=\x220\x22 />\x0a\
    <path\x0a      \
 style=\x22fill:#ff\
ff00;stroke:#000\
000;stroke-width\
:0.87092972px;st\
roke-linecap:but\
t;stroke-linejoi\
n:miter;stroke-o\
pacity:1\x22\x0a      \
 d=\x22M 0,2.133333\
3 16,9.2444445 V\
 34.133333 L 0,2\
7.022222 v -24.8\
888887 0\x22\x0a      \
 id=\x22path3026\x22\x0a \
      inkscape:c\
onnector-curvatu\
re=\x220\x22 />\x0a  </g>\
\x0a</svg>\x0a\
\x00\x00\x06\xf3\
\x00\
\x00\x18\xf1x\xda\xedXK\x8f\xe36\x12\xbe\xf7\xaf\xe0\
j.Y\xac)\x91\xd4\x93\xf2#\x87\x1d\x04\x080{\
\xd9d\x13`/\x01-\xd16\xd3\xb2\xe8\xa5\xe8\xb6\x9d\
_\x9f\xa2^\xb6\xdc\xee\xa0\x83M\x80\x1cZ\xc0L7\
\xab\x8a\xc5z}\xacb/\xbe>\xef+\xf4\x22M\xa3\
t\xbd\xf4\xa8O<$\xebB\x97\xaa\xde.\xbd\xff|\
\xff\x0d\xce<\xd4XQ\x97\xa2\xd2\xb5\x5cz\xb5\xf6\xbe\
^=-\xfe\x861\xfa\xa7\x91\xc2\xca\x12\x9d\x94\xdd\xa1\
o\xeb\xe7\xa6\x10\x07\x89\xbe\xdaY{\xc8\x83\xe0t:\
\xf9\xaa'\xfa\xdal\x83\xbf#\x8cWOO\x8b\xe6e\
\xfb\x84\x10\x82s\xeb&/\x8b\xa5\xd7o8\x1cM\xd5\
\x0a\x96E +\xb9\x97\xb5m\x02\xea\xd3\xc0\xbb\x8a\x17\
W\xf1\xc2\x9d\xae^d\xa1\xf7{]7\xed\xce\xba\xf9\
t#l\xca\xcd(\xed\xac9\x85\xad\x10\xe5\x9c\x07\x84\
\x05\x8ca\x90\xc0\xcd\xa5\xb6\xe2\x8c\xa7[\xc1\xc6G[\
\x19!$\x00\xdeU\xf2}Ry\x03\x01=\xc0\xbfQ\
| \xf8\x8d>\x9aBn`\x9f\xf4ki\x83\xcf\xdf\
\x7f\x1e\x99\x98\xf8\xa5-o\xd4\x0c\xf1\x9c\x9c:\x09r\
-\xf6\xb29\x88B6\xc1@o\xf7\x9fTiwK\
/\x8c|\x1a\xc2\x17\xb7\xc4\x9dT\xdb\x9d\xbd\xa7\xaar\
\xe9\x81\xf5\x8cg\xdd\xfa\xa68h'\xd0+\xceG\x0e\
\xf19\xf3)24\x0e\xd3Nfp!/u\xe1l\
\x02\x95r\xaf\xc4\xd1\xea=d\xad(*\xd14j\xa3\
\x0aX\xe8\xfaP\x1d\xb7\xaa\xfei\xa3\xecO\x87J[\
\x7f\x88\xddx\x90<\x1f\xb4\xb1\xf8\x5c\x1e \x82I\xfa\
\x90y\x19\x98+\xe0.J\xb9i\x9cT\xe7\x8e[\x81\
?\xa9\x87\x82\x96;Z\xe7L+_\x94<]e\xd7\
\xa2\xe9B\x86\xd0Al\xa1\xbc*m\x96\xde\xa7M\xfb\
\xf5\x8c\xb56\xa54\x03+i\xbf\x09KC\x0a\x94\xbd\
t\x80\xeau\x0f\xf6:\xad#\x9f<\xe67;Q\xea\
\xd3\xd2c\xf7\xcc_\xb4\xde/\xbd\xd4\xe74#\x11M\
\xef\xd9\xc5y\xe9a\x9a\xfaq\x14\x85\xaf\x99p\x1e\xcb\
|JHD\xe2W\xcc\xa31\x808\x5c\x89\x8b\x04\xa7\
\xda\x1f\xb4\x17jv\xfa\xb45.8\xd6\x1c\xe5\xfdN\
\xc7\xc1\xeb\xb5>?fC\x01\x1c\x1d\x96\xf1\xb1V\x16\
\xf0r8\xdfj=\xaaR6\x8f7\x9eT\x0d1\xc0\
}\xe5\xd2p\x0c\xf1\xbd\xc4P\xc6)\xc9\xde\x90\x00\xd3\
\xc8\x1b\xac\xcb\xdb\xac\xbd8\xab\xbd\xfaE\x82\xdf\xf4^\
\xa4\xa9\xc5\x01o+\xbd\x16Uo\xfd\xaa\x95XL\xc2\
\xd2mB\xc8^\x1cf\xcf\x17G\xf3\x06\xa2\x8b\xa7#\
\x84i\x12\x8fDm\x14@\xe1\xc6\xde\x81t\xb9%9\
\x84\xc3\x05}n\xeb\xab\xad\xbe\xf4\x9ew\xb9\xe5\xf5e\
\x1f\xbc\xae\xfb\x96\xbe\x97V\x94\xc2\x8a+\x08\x06\x0a\xe3\
\x9c\x0c\x9e\xc1e\x99\xff\xfb\xf37\xab\xfe\xa0EQ\xe4\
?j\xf3<\x9c\x8b\x90\x13\x10k}\x84Tx\xab\x91\
\xbc(\x8b\x1c\xae7\x80\xfdJ\xed\xa1\xb4\xdd\xcd\xf8\x0f\
\xb8\xce\x16\xc1\x951\x11v\xc1\xba*\xed\xd4\x1a\xd9\xdd\
\x93\x0f\x9bEY\xec\x95\xdb\x14|gUU}\xeb\x0e\
\xe9=\xbeQ\xaal%\xaf\xc4E\xd0[\xdf\xfb\x16\xdc\
8\xb7\x08\x06\xef\xdb\xd5\xf6\x1a\x95\x09(\xc6DWb\
-\xa1\x08\xbe8&\xa2\xaf\xd1\xa1\x8f\x87\xbd.e\xbf\
}\x8c\xa6,\xec\x982{\xa9\x80\xbf\x01\xeb\xf3\xfe\xa2\
\x99\xbb\x05\xee\xaf\x89\x9cvKs\xac\xe0\xba{\x91\xb5\
.\xcbyc\x8d~\x96\xf9'@sFH\xbf\xec\xd0\
\x92\x8f\xcbJ\xd5\x12\xcc\xc8\x9b\xff\x1d\x85\x91\xb7\xd4\x9f\
\xb5\xaas\x88\x9b4\x03\xb5]TP\xf16\x8f\x06Z\
)\xe0&2F\x5c\xf2\x1a\xba\xff-Uo6\x8d\xb4\
\xd7\x93\x06S\x89\x1f\xf6\xdf\xa4\xd0\x9d\xbb!\xe7t$\
>lH\xe8\xcd\xa6\xe4\xbe\x09*\xa0\xbe\xb9\x1f\xa5!\
'a\x221MF\x86\x99\x88\x19\x90\x0b\xfd\x10\x1aS\
\xc2\xb3\xb1*\x16\x07aw\x8f\xa2\x7f\xe3\xa5\x8bl&\
\xef#;b\x8a\x1d\xce\xf7A^\x1f\xad\xfd\xed\x10\x8f\
\xf9\x1c\xedsXCx\xd4:c\xcc\x8fP\xe8\xb3\xd9\
@KQ\xe2G3\x9c\xf9q\x1bT\x14\xf7\xf1Mo\
$\x06\xda\x8c\xfb\xc9u\xc1\xba\xf8E\xe8\x0b\x0a\xd9\x8c\
\xa5~\xdai\xa8\xd0\xa0l\x06\x07M\xb2\xe4\xc2\x12\x91\
\xf0z\x99\x5c\xdb\x83\xae\xc1I\xab\x0d\x86F\xf1\x22\xec\
\xd1H\x17\xe6\xff?\xa0\xb1\xcf\x98\xf3\x82\x87\xbf?\x9c\
\xef\xaf\xd8\xdf\xa8\xceW\x19\xa0\xbd\xcc$\x0d\xc9$\x0d\
\xd1\x834$\xd34|A,\x1a\xc2\xdc%\x15r\x90\
\xf8\xdd!\xef\xc9\x01\x0e\xdf\x9d\x85Wr\xd6\x88\xbaq\
w+.\xa0\xf3J\x83\xdbN\x91\xbcC\xf0\xe2\xe6\x87\
\xbb\xbe\xf18\xbd\xed\xf4\xe3r\xea\xbe\xf9FC\x87o\
9\x10w\xb8\xd3\xab\x8e\xf2\x22\x8c\x12\xb5\x9d\xd0N-\
\xc0'$\xc8\x92\xb4\xc5nJ\x83\xce\x9bC\x97R\xc7\
\xfd\xdc\xa5\xbfo\xf3\x13\x99\x8d\xd8\xab\xea\x92\x7f\x07N\
\xcc\xf1\xe0\x14\xee\xb6\x1fd1\x0e\x98\x9d\x84\x95g\x0b\
R%x\x0a\xf7V\xbb\x12\x95\xda\xd69\xbco\x8c\xed\
\x08%\x0c|\xa6\xdb\xd3\xd6\xcf\x1d\xb1-\xc4\x8eSI\
\xeb\x02\xd6\xb7\xdb\xc1\xac\x13\x8c\x7f\xf7\xb4V\xc7\x18\xe9\
n\xf7\xc9(\x0b\x22\xd8u\x86\xbc2\xd8\xae\xe7\xa5r\
\x97\xa4;\xb9\xb2f\xee\xc6\xd0\xd6\xedf\xa766\x1f\
\x96\xbd\xd9u\xb1\x83\xe0wv\x97\xaa9@k\x81\xc7\
A+\xa0a*\xdfT\xfa\x94\xbf\xa8F\xad+9o\
\x7f\xaa\xca\x95\xff@\xea:\x0d-\xe8\x86E\xf7\x9d\xa6\
\x07\xeb-z:\xa4\x86>\x8f\xa0*\xe28\x9c\xef\x85\
y\x96\xa6\x93\x91\xb5\x00\x95x-\x8ag\xd7\xeb\xea2\
\x17\x05L|\xc7\x0a\xde\x86S\x90\x01 \xb2\xb6\xe8g\
\x00C\x06\xf0\x22\xd1\xcc\xfd\xe7\xb0\xc2`\xa2\x8d\xd3x\
\xe6n\xa9\x84%a\x86\x00,\x9cEq\xc4f\x94\xf8\
\x11\xc9RNQ\x08\x0f\x8d\x0e5\x80F\x00\xd1U\xc5\
\x0f\xa8\xd5\xf9\xdfWP\x0a\x09\xe1\xbf\x1bH\xd79\x09\
\xd2\xe3F\x0b\x18Q\x8b\xfe\xfb\x00\xc5\x07(\xfe0P\
\xfc\x0b\xfa\x00#Y\xc6\xa1\x91\x84\xb1Oy\xcc3>\
6\x12h\x0e\x0cA\xf5\xc7a\x04\x88p-<\xe3\x8c\
Fn$\x80\x01\x84%\x11t\xab\xd8'\x94\x91\x84!\
\xe81q\x9a\xa6,\x99\xc1\x1b\x0f\x1e\x87\x84\x22\x0c\xc0\
\xa1i\x9ae4q\x82\x09\xc9\x08s\xc4\x8cgQH\
\x93l\x063VJ\x9d\xf67\x80\x83\xe9\x07t>\xa0\
\xf3W\x85\x8e\x1bTB\x060\xe10qQ\xcay\x18\
\xc7\x88\xfa\x9c'\xeeO|\xd0\x22H\x92\xc5\x94q\x80\
K\xc8)M)\x9dQ\xd8\xc2x\x9ce\x88C\xd7\xc8\
\xe0\x17\x0e-\x87P\x92\x02\x82\x00J\x0c^\x14Q\xe6\
Z\x0aM\x09\x07\xb4d>\x89C\x06S\x1e\x81\xb3\xa2\
\x10\x8e\xbb\x9d\x15\xc9\x9b\xb8\xc1\xec\x039\x1f\xc8\xf9\xab\
Nbp\xefC\xa9s\x9e\xb9'\x09t\x85$\x82\xb2\
\x86\xa2\x87\xb7t\xea^$$\x8d\xa1G \x1c\xf9Q\
\x18\x93,\x9c\xc1o\x9c\xc5\x80\x0e\x84\x99\x9f\xc0O6\
\x03\x15\x11a\x808\xf8%N\x00f\xb0\x8fC\x8b\x01\
l=P\xf5\x05\x0d\xef\xf9\xd05\xba\xb7&5\x1c\xfd\
\x19\xb0Y\x04\xdb\xd5\xd3\xc2\xfd\xe1i\xf5\xf4+L)\
\xd2\x0a\
\x00\x00\x05\x86\
\x00\
\x00\x1b\xc7x\xda\xedXM\x8f\xdb6\x10\xbd\xef\xafP\
\x95K\x8a\xae$~J\xa4c;@\x1b\x04\x08\xd0S\
\x9b\xa2\xc7@+\xd1\xb6\x10I4(ym\xe7\xd7w\
\xa8/Kk'\xd9\xc6\xc9!\x80\x85]d93$\
\x87o\xde\x1bJ\x99\xbf>\x14\xb9\xf3\xa8L\x95\xe9r\
\xe1b\x1f\xb9\x8e*\x13\x9df\xe5z\xe1\xfe\xf3\xfe\xad\
'\x5c\xa7\xaa\xe32\x8ds]\xaa\x85[j\xf7\xf5\xf2\
n\xfe\x8b\xe79\x7f\x18\x15\xd7*u\xf6Y\xbdq\xde\
\x95\x1f\xab$\xde*\xe7\xe5\xa6\xae\xb7\xb3 \xd8\xef\xf7\
~\xd6\x19}m\xd6\xc1\xaf\x8e\xe7-\xef\xee\xe6\xd5\xe3\
\xfa\xceq\x1c\xd8\xb7\xacfi\xb2p\xbb\x09\xdb\x9d\xc9\
\x9b\xc04\x09T\xae\x0aU\xd6U\x80}\x1c\xb8\xa7\xf0\
\xe4\x14\x9e\xd8\xdd\xb3G\x95\xe8\xa2\xd0e\xd5\xcc,\xab\
\x17\xa3`\x93\xae\x86h\x9b\xcd\x9e6AXJ\x19 \
\x12\x10\xe2A\x84W\x1d\xcb:>x\xd3\xa9\x90\xe3\xa5\
\xa9\x04!\x14\x80\xef\x14\xf9\xbc\xa8Y\x05\x80n\xe1w\
\x08\xef\x0d~\xa5w&Q+\x98\xa7\xfcR\xd5\xc1\x9b\
\xf7o\x06\xa7\x87\xfc\xb4NG\xcb\xf4xNv\x9d\x80\
\x5c\xc6\x85\xaa\xb6q\xa2\xaa\xa0\xb77\xf3\xf7YZo\
\x16.e>\xa6\xf0\xf0\xc6\xb8Q\xd9zS?\xb5f\
\xe9\xc2\x85\xec\x89\x14\xedxD\x0e\xdc\x06t\x0b\xcf\x06\
\x0f\xf2%\xf1\xb1c0\xa7Q\x1b\xd3\x1fa\x96\xea\xc4\
\xe6\x04K\xaa\x22\x8bw\xb5.\xa0jI\x92\xc7U\x95\
\xad\xb2\x04\x06\xba\xdc\xe6\xbbuV~(t\x15g\xc9\
\x87Z\xeb\xdc\xef\xe1\x1b\xf6R\x87\xad6\xb5wH\xb7\
\x00b\x18]t\x1e\xc7\xce\xc7L\xed\x7f\xd7\x07H\xce\
A\x0e%\xf0\xe3.\xc1>O\xd5\xaa\xb2\xfe\xf6\xa0v\
\x04'\x8d\x5c'h\xbcC\xde6\xe9\xd4\xaeq\x8a}\
\x88\xab\x16L\xc7\xd9\xc6k ^\xae\xcd\xc2}\xb1j\
\x9e\xce\xf1\xa0M\xaaL\xef\x0a\x9bg\xe2\xd2P\x9c\xac\
>\xb6R\xeb\xd6\xee\x8faW\x1d\xfc\xe8\xb2\xbf\xda\xc4\
\xa9\xde/\x5c\xf2\xd4\xf9I\xeb\x02V\x85\x22\xc9H\xa0\
3w\x02Hx\x18\xf9\x18\xa10dg^\x9bP\xe8\
G\x94q\xc9\xcf\x9c;c@\x8c^\x1e\x1f\x15\x9c\xaa\
\xf9\x07wA\xd5F\xef\xd7\xc6\xa2S\x9b\x9dz:\xd3\
z\xbc\x87\x07[\x85Kn\xe0\xc6\xce\xca\xdc\xdb\x95Y\
\x0dR\xda\x1e\xc6\xab\xee\xb2TU\x97'Ve\xbc\xf5\
\xd6\xb9~\x88\xf3\xcb\x01\xfb\xac\x04\x94\xbc\x8e\xf5\x98\x0e\
Ex\x1a\xd1K B\xe23\x11\x96A\x9fq\x1d?\
\xef*\xe2CVd\x9f\x14\x00\x83\xcfP\xb1'\x1b\xc3\
\xb2l\x02\xe6\x13\xd8\xda9\x8eS\x1f\xad\xdc\x0fGk\
s{\xa3\xc5\xdb\x1a\x88\x94\xd1`\xd4&\x03\x15\x8d\xd2\
\xedM\xc7\xb1\xc96\x07\xe8\xed\x87S^\x83\xcdr\xa0\
\xd7Ap.\x84\xc6^\xa8:N\xe3:>\xa9\xa2\xb7\
@.\xa8?\x09\xf4\xd5\xd9_o\xde.\xbb\x0d\xe6I\
2\xfbW\x9b\x8f\xfd~\x8ec\x03\xe2\x07\xbd\x03\xe4\xdd\
\xe5`\x9e\xa7\xc9\x0c:!t\x88eV\x00\xd7m\x13\
\xfd\x0d:\xdf<89&\xc1\x16\x9c\xd3\xa2\xed\xb2F\
\xb5-\xf5\xe2\xbd\x92&Ef'\x05\x7f\xd7Y\x9e\xbf\
\xb3\x9bt'\x1e-\x9a\xd5\xb9:\x19\xe7A\x97}w\
\xb6`t\xb8y\xd0\x9f\xbe\x19\xadO\xa8LD2\x14\
6\x8f\x1f\x140\xf6O\xebt\xceya\xf4n[\xe8\
Tu\xd3\x074UR\x0f\xa5\xaa\x8f9\xf8W\x90\xfd\
\xec\x05B\x9c\xa7\xec\x95\x1dx]\xdf\x98\xe1vhv\
9\xb4\xc5GU\xea4}U\xd5F\x7fT6\xde>\
\xdd\xb0\x15\xc7\x0c\xfa\x05\x09e(0\xef\xed\x80\x902\
9\xb0\xb7\x9e\xb1\xde\x96\xc6\xd0w\x8c\x89\x8f\xb3\x12\xde\
\x02z\xeb\xb0\xe7\x84\x986] \x03\x1d\x8c\xbd\x0a\xa1\
\xe3\x09\x1aI18z\xf1I\x1fs)1&\x83\xe7\
\xd0\x5cJHR\x8cO\x04\x07~r\xe8\x8a<$\x5c\
\x0eFc\x99\xecS\x82\x11\xe5\xa7<L\xd3`\xa9\xe0\
\x12\x9d\x8c\xb5\x89\xcb\xca\xd2\x08H\x1b\xd7&;\xbc\x84\
\xd5(\x13\x08Qy\x0fw-\xbc\x17P\xc9\x88\xb8G\
>\x13!!\x5c\x84\xf0\xa7\x88\xa8\xa0\x14G\xf7\xe8\x1e\
\xfdz:\xe8\x97\xee%\xe7KwS\xcf\xacIY\xff\
Gj<\x84\xe4\xe0d65\xc2\xb1`\x98LSk\
\xcf\xce\x22F1\x8d\xbe\x82\x13\x84\x92\xc8\x8f\x88`\x12\
\x8f\xc1\xc7\xc4\x17\x9c\x00\x06\x17j\x151\x06\x9e\xe8\xeb\
\xe5\xed\xc9@\xa3\x11.O\x08\x1c\xc7@\xc8+\x09\x8c\
8\xa6\x92FW\x11\xf8bU~\x22\xb1y\xd7\xca\x0d\
s_BxH\xc7\xdc`\x12^\xec\xa4\xb8\xac\xb6\x9b\
\xd8\x9e%\xb6'Z\x93B\x10\xcc\xc6\xc8{\x1c\x18\x0c\
\xc7\xe6\xec{\x89\xcd\x0bor\xfb\xc1r\xe3W\xca\x0d\
\x98@\x98\xfd\xee\x18\xab\x0d\xfb\x91\xe0b\xac\xac\x9b\xdc\
\xae\x92\x1b\x18\xb9}\xc6\xc8\x0b\x00\x80\x082\xba\xef\xae\
U\x1b\xbd\xa9\xedG_n\xa3\x8e\xf6mz\x93>e\
\x92c9\x15\x1c\xf1\xb1\xa0(\xba(8&o\x8a{\
\x8e\xe2F8\xb5\x92#\x8c\xf3pz\xc3I\x80\x00\x0b\
\x8e\xc2\xefw\xc3y\xe4\xe7W\xddj\xd5\xec}U\xae\
M5I\x88\xc9\xf7\x14\x1d@,\x9f/8\x0c\x0cG\
\x84\xb0\x89\xe0<\xd0\x16\x03\xce\xb1\xc9\xc7\x86\xf4C\x22\
\xa8\x90\xecY\xdfo\x1c\xc4\x12\x86\xfc[$\x17R\x84\
1\xb6\x7fEQ\xc8\x11c\xb4\xa5\xf5O^\x14/\xba\
\xb6,X\xc2g5\xe3\x8cN\xcb\xc2\x89\x84\x02\x84\xcf\
y\xf3\xb8U\xe5\xac*\xfc\xda\xaa\xc078\x0d\x19\x96\
d\x5c\x15\xeas\x1a\x09\x1cE\xb7\xaa|\x9bV\xbc\xeb\
\x9b\x18\xf5C\x11\xc1\xe55\xad\x0b\xa3\x82\x85\xa3\xd0/\
\xbd6\xfc\xb0\xc2\xcc\x83\xf5\xf2nn\xff\x8fty\xf7\
\x1f\xda\xce\x98\x81\
"

qt_resource_name = b"\
\x00\x07\
\x07;\xe0\xb3\
\x00p\
\x00l\x00u\x00g\x00i\x00n\x00s\
\x00\x07\
\x07`Z\x22\
\x00p\
\x00o\x00i\x00n\x00t\x00e\x00r\
\x00\x05\
\x00o\xa6S\
\x00i\
\x00c\x00o\x00n\x00s\
\x00\x0f\
\x04\x0a\xbe\x87\
\x00R\
\x00O\x00I\x00_\x00p\x00o\x00i\x00n\x00t\x00e\x00r\x00.\x00s\x00v\x00g\
\x00!\
\x03\xbc\xd8\xde\
\x00s\
\x00e\x00m\x00i\x00a\x00u\x00t\x00o\x00m\x00a\x00t\x00i\x00c\x00c\x00l\x00a\x00s\
\x00s\x00i\x00f\x00i\x00c\x00a\x00t\x00i\x00o\x00n\x00p\x00l\x00u\x00g\x00i\x00n\
\
\x002\
\x0c\xae\xea\xe7\
\x00s\
\x00e\x00m\x00i\x00a\x00u\x00t\x00o\x00m\x00a\x00t\x00i\x00c\x00c\x00l\x00a\x00s\
\x00s\x00i\x00f\x00i\x00c\x00a\x00t\x00i\x00o\x00n\x00p\x00l\x00u\x00g\x00i\x00n\
\x00_\x00b\x00a\x00n\x00d\x00s\x00e\x00t\x00_\x00t\x00o\x00o\x00l\x00.\x00s\x00v\
\x00g\
\x001\
\x08\x14\xc3\x87\
\x00s\
\x00e\x00m\x00i\x00a\x00u\x00t\x00o\x00m\x00a\x00t\x00i\x00c\x00c\x00l\x00a\x00s\
\x00s\x00i\x00f\x00i\x00c\x00a\x00t\x00i\x00o\x00n\x00p\x00l\x00u\x00g\x00i\x00n\
\x00_\x00e\x00d\x00i\x00t\x00_\x00r\x00a\x00s\x00t\x00e\x00r\x00.\x00s\x00v\x00g\
\
\x00B\
\x03\xe4w\xa7\
\x00s\
\x00e\x00m\x00i\x00a\x00u\x00t\x00o\x00m\x00a\x00t\x00i\x00c\x00c\x00l\x00a\x00s\
\x00s\x00i\x00f\x00i\x00c\x00a\x00t\x00i\x00o\x00n\x00p\x00l\x00u\x00g\x00i\x00n\
\x00_\x00c\x00a\x00l\x00c\x00u\x00l\x00a\x00t\x00e\x00_\x00s\x00p\x00e\x00c\x00t\
\x00r\x00a\x00l\x00_\x00d\x00i\x00s\x00t\x00a\x00n\x00c\x00e\x00s\x00.\x00s\x00v\
\x00g\
\x00=\
\x03\xe9&\x87\
\x00s\
\x00e\x00m\x00i\x00a\x00u\x00t\x00o\x00m\x00a\x00t\x00i\x00c\x00c\x00l\x00a\x00s\
\x00s\x00i\x00f\x00i\x00c\x00a\x00t\x00i\x00o\x00n\x00p\x00l\x00u\x00g\x00i\x00n\
\x00_\x00s\x00c\x00a\x00t\x00t\x00e\x00r\x00_\x00r\x00a\x00s\x00t\x00e\x00r\x00_\
\x00t\x00e\x00m\x00p\x00_\x00R\x00O\x00I\x00.\x00s\x00v\x00g\
\x003\
\x0a\x12\x1b\xa7\
\x00s\
\x00e\x00m\x00i\x00a\x00u\x00t\x00o\x00m\x00a\x00t\x00i\x00c\x00c\x00l\x00a\x00s\
\x00s\x00i\x00f\x00i\x00c\x00a\x00t\x00i\x00o\x00n\x00p\x00l\x00u\x00g\x00i\x00n\
\x00_\x00a\x00c\x00c\x00u\x00r\x00a\x00c\x00y\x00_\x00t\x00o\x00o\x00l\x00.\x00s\
\x00v\x00g\
\x006\
\x05.\xaf\xa7\
\x00s\
\x00e\x00m\x00i\x00a\x00u\x00t\x00o\x00m\x00a\x00t\x00i\x00c\x00c\x00l\x00a\x00s\
\x00s\x00i\x00f\x00i\x00c\x00a\x00t\x00i\x00o\x00n\x00p\x00l\x00u\x00g\x00i\x00n\
\x00_\x00u\x00n\x00d\x00o\x00_\x00e\x00d\x00i\x00t\x00_\x00r\x00a\x00s\x00t\x00e\
\x00r\x00.\x00s\x00v\x00g\
\x003\
\x05\xfbRg\
\x00s\
\x00e\x00m\x00i\x00a\x00u\x00t\x00o\x00m\x00a\x00t\x00i\x00c\x00c\x00l\x00a\x00s\
\x00s\x00i\x00f\x00i\x00c\x00a\x00t\x00i\x00o\x00n\x00p\x00l\x00u\x00g\x00i\x00n\
\x00_\x00o\x00r\x00d\x00e\x00r\x00_\x00b\x00y\x00_\x00n\x00a\x00m\x00e\x00.\x00s\
\x00v\x00g\
\x005\
\x02\x01;\xe7\
\x00s\
\x00e\x00m\x00i\x00a\x00u\x00t\x00o\x00m\x00a\x00t\x00i\x00c\x00c\x00l\x00a\x00s\
\x00s\x00i\x00f\x00i\x00c\x00a\x00t\x00i\x00o\x00n\x00p\x00l\x00u\x00g\x00i\x00n\
\x00_\x00s\x00a\x00v\x00e\x00_\x00p\x00l\x00o\x00t\x00_\x00i\x00m\x00a\x00g\x00e\
\x00.\x00s\x00v\x00g\
\x00-\
\x08x\xe0'\
\x00s\
\x00e\x00m\x00i\x00a\x00u\x00t\x00o\x00m\x00a\x00t\x00i\x00c\x00c\x00l\x00a\x00s\
\x00s\x00i\x00f\x00i\x00c\x00a\x00t\x00i\x00o\x00n\x00p\x00l\x00u\x00g\x00i\x00n\
\x00_\x00m\x00o\x00v\x00e\x00_\x00u\x00p\x00.\x00s\x00v\x00g\
\x004\
\x00\xc8\xd6g\
\x00s\
\x00e\x00m\x00i\x00a\x00u\x00t\x00o\x00m\x00a\x00t\x00i\x00c\x00c\x00l\x00a\x00s\
\x00s\x00i\x00f\x00i\x00c\x00a\x00t\x00i\x00o\x00n\x00p\x00l\x00u\x00g\x00i\x00n\
\x00_\x00t\x00h\x00r\x00e\x00s\x00h\x00o\x00l\x00d\x00_\x00t\x00o\x00o\x00l\x00.\
\x00s\x00v\x00g\
\x003\
\x0d\xcay\x07\
\x00s\
\x00e\x00m\x00i\x00a\x00u\x00t\x00o\x00m\x00a\x00t\x00i\x00c\x00c\x00l\x00a\x00s\
\x00s\x00i\x00f\x00i\x00c\x00a\x00t\x00i\x00o\x00n\x00p\x00l\x00u\x00g\x00i\x00n\
\x00_\x00s\x00e\x00a\x00r\x00c\x00h\x00_\x00i\x00m\x00a\x00g\x00e\x00s\x00.\x00s\
\x00v\x00g\
\x00.\
\x09\xaf\x8e\x07\
\x00s\
\x00e\x00m\x00i\x00a\x00u\x00t\x00o\x00m\x00a\x00t\x00i\x00c\x00c\x00l\x00a\x00s\
\x00s\x00i\x00f\x00i\x00c\x00a\x00t\x00i\x00o\x00n\x00p\x00l\x00u\x00g\x00i\x00n\
\x00_\x00r\x00o\x00i\x00_\x00r\x00e\x00d\x00o\x00.\x00s\x00v\x00g\
\x00:\
\x0f\xcd\x8aG\
\x00s\
\x00e\x00m\x00i\x00a\x00u\x00t\x00o\x00m\x00a\x00t\x00i\x00c\x00c\x00l\x00a\x00s\
\x00s\x00i\x00f\x00i\x00c\x00a\x00t\x00i\x00o\x00n\x00p\x00l\x00u\x00g\x00i\x00n\
\x00_\x00r\x00e\x00m\x00o\x00v\x00e\x00_\x00o\x00u\x00t\x00l\x00i\x00e\x00r\x00s\
\x00_\x00t\x00o\x00o\x00l\x00.\x00s\x00v\x00g\
\x00,\
\x0as\xf2\x07\
\x00s\
\x00e\x00m\x00i\x00a\x00u\x00t\x00o\x00m\x00a\x00t\x00i\x00c\x00c\x00l\x00a\x00s\
\x00s\x00i\x00f\x00i\x00c\x00a\x00t\x00i\x00o\x00n\x00p\x00l\x00u\x00g\x00i\x00n\
\x00_\x00e\x00x\x00p\x00o\x00r\x00t\x00.\x00s\x00v\x00g\
\x00:\
\x0b\xe7\xf2g\
\x00s\
\x00e\x00m\x00i\x00a\x00u\x00t\x00o\x00m\x00a\x00t\x00i\x00c\x00c\x00l\x00a\x00s\
\x00s\x00i\x00f\x00i\x00c\x00a\x00t\x00i\x00o\x00n\x00p\x00l\x00u\x00g\x00i\x00n\
\x00_\x00c\x00r\x00o\x00s\x00s\x00_\x00c\x00l\x00a\x00s\x00s\x00i\x00f\x00i\x00c\
\x00a\x00t\x00i\x00o\x00n\x00.\x00s\x00v\x00g\
\x007\
\x06c\x81\x07\
\x00s\
\x00e\x00m\x00i\x00a\x00u\x00t\x00o\x00m\x00a\x00t\x00i\x00c\x00c\x00l\x00a\x00s\
\x00s\x00i\x00f\x00i\x00c\x00a\x00t\x00i\x00o\x00n\x00p\x00l\x00u\x00g\x00i\x00n\
\x00_\x00s\x00p\x00e\x00c\x00t\x00r\x00a\x00l\x00_\x00d\x00i\x00s\x00t\x00a\x00n\
\x00c\x00e\x00.\x00s\x00v\x00g\
\x00.\
\x09\xbb\x8eg\
\x00s\
\x00e\x00m\x00i\x00a\x00u\x00t\x00o\x00m\x00a\x00t\x00i\x00c\x00c\x00l\x00a\x00s\
\x00s\x00i\x00f\x00i\x00c\x00a\x00t\x00i\x00o\x00n\x00p\x00l\x00u\x00g\x00i\x00n\
\x00_\x00p\x00c\x00a\x00_\x00t\x00o\x00o\x00l\x00.\x00s\x00v\x00g\
\x000\
\x01\xe6\xc8\xc7\
\x00s\
\x00e\x00m\x00i\x00a\x00u\x00t\x00o\x00m\x00a\x00t\x00i\x00c\x00c\x00l\x00a\x00s\
\x00s\x00i\x00f\x00i\x00c\x00a\x00t\x00i\x00o\x00n\x00p\x00l\x00u\x00g\x00i\x00n\
\x00_\x00c\x00l\x00u\x00s\x00t\x00e\x00r\x00i\x00n\x00g\x00.\x00s\x00v\x00g\
\x00)\
\x0e\x16\x94\x87\
\x00s\
\x00e\x00m\x00i\x00a\x00u\x00t\x00o\x00m\x00a\x00t\x00i\x00c\x00c\x00l\x00a\x00s\
\x00s\x00i\x00f\x00i\x00c\x00a\x00t\x00i\x00o\x00n\x00p\x00l\x00u\x00g\x00i\x00n\
\x00_\x00a\x00d\x00d\x00.\x00s\x00v\x00g\
\x00=\
\x0b\x0c(\xa7\
\x00s\
\x00e\x00m\x00i\x00a\x00u\x00t\x00o\x00m\x00a\x00t\x00i\x00c\x00c\x00l\x00a\x00s\
\x00s\x00i\x00f\x00i\x00c\x00a\x00t\x00i\x00o\x00n\x00p\x00l\x00u\x00g\x00i\x00n\
\x00_\x00e\x00x\x00p\x00o\x00r\x00t\x00_\x00s\x00p\x00e\x00c\x00t\x00r\x00a\x00l\
\x00_\x00l\x00i\x00b\x00r\x00a\x00r\x00y\x00.\x00s\x00v\x00g\
\x006\
\x07\x83\x81\x87\
\x00s\
\x00e\x00m\x00i\x00a\x00u\x00t\x00o\x00m\x00a\x00t\x00i\x00c\x00c\x00l\x00a\x00s\
\x00s\x00i\x00f\x00i\x00c\x00a\x00t\x00i\x00o\x00n\x00p\x00l\x00u\x00g\x00i\x00n\
\x00_\x00a\x00d\x00d\x00_\x00b\x00a\x00n\x00d\x00s\x00e\x00t\x00_\x00t\x00o\x00o\
\x00l\x00.\x00s\x00v\x00g\
\x003\
\x06\x9a}G\
\x00s\
\x00e\x00m\x00i\x00a\x00u\x00t\x00o\x00m\x00a\x00t\x00i\x00c\x00c\x00l\x00a\x00s\
\x00s\x00i\x00f\x00i\x00c\x00a\x00t\x00i\x00o\x00n\x00p\x00l\x00u\x00g\x00i\x00n\
\x00_\x00z\x00o\x00o\x00m\x00_\x00t\x00o\x00_\x00I\x00m\x00a\x00g\x00e\x00.\x00s\
\x00v\x00g\
\x004\
\x0f\xca\xfb'\
\x00s\
\x00e\x00m\x00i\x00a\x00u\x00t\x00o\x00m\x00a\x00t\x00i\x00c\x00c\x00l\x00a\x00s\
\x00s\x00i\x00f\x00i\x00c\x00a\x00t\x00i\x00o\x00n\x00p\x00l\x00u\x00g\x00i\x00n\
\x00_\x00d\x00o\x00w\x00n\x00l\x00o\x00a\x00d\x00_\x00l\x00o\x00g\x00i\x00n\x00.\
\x00s\x00v\x00g\
\x00;\
\x05\x89\xb6\xe7\
\x00s\
\x00e\x00m\x00i\x00a\x00u\x00t\x00o\x00m\x00a\x00t\x00i\x00c\x00c\x00l\x00a\x00s\
\x00s\x00i\x00f\x00i\x00c\x00a\x00t\x00i\x00o\x00n\x00p\x00l\x00u\x00g\x00i\x00n\
\x00_\x00v\x00e\x00c\x00t\x00o\x00r\x00_\x00t\x00o\x00_\x00r\x00a\x00s\x00t\x00e\
\x00r\x00_\x00t\x00o\x00o\x00l\x00.\x00s\x00v\x00g\
\x002\
\x08\xc0\xeb\xc7\
\x00s\
\x00e\x00m\x00i\x00a\x00u\x00t\x00o\x00m\x00a\x00t\x00i\x00c\x00c\x00l\x00a\x00s\
\x00s\x00i\x00f\x00i\x00c\x00a\x00t\x00i\x00o\x00n\x00p\x00l\x00u\x00g\x00i\x00n\
\x00_\x00p\x00o\x00i\x00n\x00t\x00e\x00r\x00_\x00t\x00o\x00o\x00l\x00.\x00s\x00v\
\x00g\
\x00=\
\x0b\x1dk'\
\x00s\
\x00e\x00m\x00i\x00a\x00u\x00t\x00o\x00m\x00a\x00t\x00i\x00c\x00c\x00l\x00a\x00s\
\x00s\x00i\x00f\x00i\x00c\x00a\x00t\x00i\x00o\x00n\x00p\x00l\x00u\x00g\x00i\x00n\
\x00_\x00c\x00o\x00p\x00e\x00r\x00n\x00i\x00c\x00u\x00s\x00_\x00b\x00r\x00o\x00w\
\x00s\x00e\x00r\x00_\x00l\x00i\x00n\x00k\x00.\x00s\x00v\x00g\
\x003\
\x0dk]\xa7\
\x00s\
\x00e\x00m\x00i\x00a\x00u\x00t\x00o\x00m\x00a\x00t\x00i\x00c\x00c\x00l\x00a\x00s\
\x00s\x00i\x00f\x00i\x00c\x00a\x00t\x00i\x00o\x00n\x00p\x00l\x00u\x00g\x00i\x00n\
\x00_\x00o\x00r\x00d\x00e\x00r\x00_\x00b\x00y\x00_\x00d\x00a\x00t\x00e\x00.\x00s\
\x00v\x00g\
\x00=\
\x0a/\xdc\xc7\
\x00s\
\x00e\x00m\x00i\x00a\x00u\x00t\x00o\x00m\x00a\x00t\x00i\x00c\x00c\x00l\x00a\x00s\
\x00s\x00i\x00f\x00i\x00c\x00a\x00t\x00i\x00o\x00n\x00p\x00l\x00u\x00g\x00i\x00n\
\x00_\x00c\x00l\x00a\x00s\x00s\x00i\x00f\x00i\x00c\x00a\x00t\x00i\x00o\x00n\x00_\
\x00d\x00i\x00l\x00a\x00t\x00i\x00o\x00n\x00.\x00s\x00v\x00g\
\x00<\
\x03\xd6\xc9\xc7\
\x00s\
\x00e\x00m\x00i\x00a\x00u\x00t\x00o\x00m\x00a\x00t\x00i\x00c\x00c\x00l\x00a\x00s\
\x00s\x00i\x00f\x00i\x00c\x00a\x00t\x00i\x00o\x00n\x00p\x00l\x00u\x00g\x00i\x00n\
\x00_\x00z\x00o\x00n\x00a\x00l\x00_\x00s\x00t\x00a\x00t\x00_\x00r\x00a\x00s\x00t\
\x00e\x00r\x00_\x00t\x00o\x00o\x00l\x00.\x00s\x00v\x00g\
\x00-\
\x01\xf6 \xc7\
\x00s\
\x00e\x00m\x00i\x00a\x00u\x00t\x00o\x00m\x00a\x00t\x00i\x00c\x00c\x00l\x00a\x00s\
\x00s\x00i\x00f\x00i\x00c\x00a\x00t\x00i\x00o\x00n\x00p\x00l\x00u\x00g\x00i\x00n\
\x00_\x00p\x00r\x00e\x00v\x00i\x00e\x00w\x00.\x00s\x00v\x00g\
\x000\
\x09\xb7\x00\xe7\
\x00s\
\x00e\x00m\x00i\x00a\x00u\x00t\x00o\x00m\x00a\x00t\x00i\x00c\x00c\x00l\x00a\x00s\
\x00s\x00i\x00f\x00i\x00c\x00a\x00t\x00i\x00o\x00n\x00p\x00l\x00u\x00g\x00i\x00n\
\x00_\x00m\x00a\x00n\x00u\x00a\x00l\x00_\x00R\x00O\x00I\x00.\x00s\x00v\x00g\
\x005\
\x01Z\xa1\xc7\
\x00s\
\x00e\x00m\x00i\x00a\x00u\x00t\x00o\x00m\x00a\x00t\x00i\x00c\x00c\x00l\x00a\x00s\
\x00s\x00i\x00f\x00i\x00c\x00a\x00t\x00i\x00o\x00n\x00p\x00l\x00u\x00g\x00i\x00n\
\x00_\x00z\x00o\x00o\x00m\x00_\x00t\x00o\x00_\x00p\x00r\x00e\x00v\x00i\x00e\x00w\
\x00.\x00s\x00v\x00g\
\x00.\
\x08rng\
\x00s\
\x00e\x00m\x00i\x00a\x00u\x00t\x00o\x00m\x00a\x00t\x00i\x00c\x00c\x00l\x00a\x00s\
\x00s\x00i\x00f\x00i\x00c\x00a\x00t\x00i\x00o\x00n\x00p\x00l\x00u\x00g\x00i\x00n\
\x00_\x00r\x00g\x00b\x00_\x00t\x00o\x00o\x00l\x00.\x00s\x00v\x00g\
\x00;\
\x08\x9a\x1a\xc7\
\x00s\
\x00e\x00m\x00i\x00a\x00u\x00t\x00o\x00m\x00a\x00t\x00i\x00c\x00c\x00l\x00a\x00s\
\x00s\x00i\x00f\x00i\x00c\x00a\x00t\x00i\x00o\x00n\x00p\x00l\x00u\x00g\x00i\x00n\
\x00_\x00b\x00a\x00n\x00d\x00_\x00c\x00o\x00m\x00b\x00i\x00n\x00a\x00t\x00i\x00o\
\x00n\x00_\x00t\x00o\x00o\x00l\x00.\x00s\x00v\x00g\
\x00,\
\x0a&|g\
\x00s\
\x00e\x00m\x00i\x00a\x00u\x00t\x00o\x00m\x00a\x00t\x00i\x00c\x00c\x00l\x00a\x00s\
\x00s\x00i\x00f\x00i\x00c\x00a\x00t\x00i\x00o\x00n\x00p\x00l\x00u\x00g\x00i\x00n\
\x00_\x00r\x00e\x00m\x00o\x00v\x00e\x00.\x00s\x00v\x00g\
\x00+\
\x0b\xec\x1f\x07\
\x00s\
\x00e\x00m\x00i\x00a\x00u\x00t\x00o\x00m\x00a\x00t\x00i\x00c\x00c\x00l\x00a\x00s\
\x00s\x00i\x00f\x00i\x00c\x00a\x00t\x00i\x00o\x00n\x00p\x00l\x00u\x00g\x00i\x00n\
\x00_\x00d\x00o\x00c\x00k\x00s\x00.\x00s\x00v\x00g\
\x00B\
\x002\x99\x07\
\x00s\
\x00e\x00m\x00i\x00a\x00u\x00t\x00o\x00m\x00a\x00t\x00i\x00c\x00c\x00l\x00a\x00s\
\x00s\x00i\x00f\x00i\x00c\x00a\x00t\x00i\x00o\x00n\x00p\x00l\x00u\x00g\x00i\x00n\
\x00_\x00b\x00a\x00n\x00d\x00s\x00e\x00t\x00_\x00s\x00t\x00d\x00_\x00d\x00e\x00v\
\x00_\x00s\x00t\x00r\x00e\x00t\x00c\x00h\x00_\x00t\x00o\x00o\x00l\x00.\x00s\x00v\
\x00g\
\x001\
\x0b\x06\xecg\
\x00s\
\x00e\x00m\x00i\x00a\x00u\x00t\x00o\x00m\x00a\x00t\x00i\x00c\x00c\x00l\x00a\x00s\
\x00s\x00i\x00f\x00i\x00c\x00a\x00t\x00i\x00o\x00n\x00p\x00l\x00u\x00g\x00i\x00n\
\x00_\x00r\x00o\x00i\x00_\x00o\x00p\x00t\x00i\x00o\x00n\x00s\x00.\x00s\x00v\x00g\
\
\x00\x0f\
\x08D4g\
\x00f\
\x00r\x00o\x00m\x00G\x00I\x00S\x00t\x00o\x00R\x00S\x00.\x00p\x00n\x00g\
\x004\
\x0b\xd0h\xc7\
\x00s\
\x00e\x00m\x00i\x00a\x00u\x00t\x00o\x00m\x00a\x00t\x00i\x00c\x00c\x00l\x00a\x00s\
\x00s\x00i\x00f\x00i\x00c\x00a\x00t\x00i\x00o\x00n\x00p\x00l\x00u\x00g\x00i\x00n\
\x00_\x00t\x00r\x00a\x00i\x00n\x00i\x00n\x00g\x00_\x00i\x00n\x00p\x00u\x00t\x00.\
\x00s\x00v\x00g\
\x00:\
\x0c)V\xc7\
\x00s\
\x00e\x00m\x00i\x00a\x00u\x00t\x00o\x00m\x00a\x00t\x00i\x00c\x00c\x00l\x00a\x00s\
\x00s\x00i\x00f\x00i\x00c\x00a\x00t\x00i\x00o\x00n\x00p\x00l\x00u\x00g\x00i\x00n\
\x00_\x00c\x00l\x00a\x00s\x00s\x00_\x00t\x00o\x00_\x00v\x00e\x00c\x00t\x00o\x00r\
\x00_\x00t\x00o\x00o\x00l\x00.\x00s\x00v\x00g\
\x008\
\x0c_\xd5\x87\
\x00s\
\x00e\x00m\x00i\x00a\x00u\x00t\x00o\x00m\x00a\x00t\x00i\x00c\x00c\x00l\x00a\x00s\
\x00s\x00i\x00f\x00i\x00c\x00a\x00t\x00i\x00o\x00n\x00p\x00l\x00u\x00g\x00i\x00n\
\x00_\x00c\x00l\x00o\x00u\x00d\x00_\x00m\x00a\x00s\x00k\x00i\x00n\x00g\x00_\x00t\
\x00o\x00o\x00l\x00.\x00s\x00v\x00g\
\x004\
\x0bX2g\
\x00s\
\x00e\x00m\x00i\x00a\x00u\x00t\x00o\x00m\x00a\x00t\x00i\x00c\x00c\x00l\x00a\x00s\
\x00s\x00i\x00f\x00i\x00c\x00a\x00t\x00i\x00o\x00n\x00p\x00l\x00u\x00g\x00i\x00n\
\x00_\x00c\x00l\x00a\x00s\x00s\x00i\x00f\x00i\x00c\x00a\x00t\x00i\x00o\x00n\x00.\
\x00s\x00v\x00g\
\x00:\
\x0a~XG\
\x00s\
\x00e\x00m\x00i\x00a\x00u\x00t\x00o\x00m\x00a\x00t\x00i\x00c\x00c\x00l\x00a\x00s\
\x00s\x00i\x00f\x00i\x00c\x00a\x00t\x00i\x00o\x00n\x00p\x00l\x00u\x00g\x00i\x00n\
\x00_\x00c\x00l\x00a\x00s\x00s\x00i\x00f\x00i\x00c\x00a\x00t\x00i\x00o\x00n\x00_\
\x00s\x00i\x00e\x00v\x00e\x00.\x00s\x00v\x00g\
\x00.\
\x08B\x8eg\
\x00s\
\x00e\x00m\x00i\x00a\x00u\x00t\x00o\x00m\x00a\x00t\x00i\x00c\x00c\x00l\x00a\x00s\
\x00s\x00i\x00f\x00i\x00c\x00a\x00t\x00i\x00o\x00n\x00p\x00l\x00u\x00g\x00i\x00n\
\x00_\x00r\x00o\x00i\x00_\x00t\x00o\x00o\x00l\x00.\x00s\x00v\x00g\
\x00<\
\x0f\xbb\x15\x07\
\x00s\
\x00e\x00m\x00i\x00a\x00u\x00t\x00o\x00m\x00a\x00t\x00i\x00c\x00c\x00l\x00a\x00s\
\x00s\x00i\x00f\x00i\x00c\x00a\x00t\x00i\x00o\x00n\x00p\x00l\x00u\x00g\x00i\x00n\
\x00_\x00d\x00o\x00w\x00n\x00l\x00o\x00a\x00d\x00_\x00i\x00m\x00a\x00g\x00e\x00_\
\x00p\x00r\x00e\x00v\x00i\x00e\x00w\x00.\x00s\x00v\x00g\
\x003\
\x0c?\xc2g\
\x00s\
\x00e\x00m\x00i\x00a\x00u\x00t\x00o\x00m\x00a\x00t\x00i\x00c\x00c\x00l\x00a\x00s\
\x00s\x00i\x00f\x00i\x00c\x00a\x00t\x00i\x00o\x00n\x00p\x00l\x00u\x00g\x00i\x00n\
\x00_\x00l\x00a\x00n\x00d\x00s\x00a\x00t\x008\x00_\x00t\x00o\x00o\x00l\x00.\x00s\
\x00v\x00g\
\x00>\
\x05*2\x07\
\x00s\
\x00e\x00m\x00i\x00a\x00u\x00t\x00o\x00m\x00a\x00t\x00i\x00c\x00c\x00l\x00a\x00s\
\x00s\x00i\x00f\x00i\x00c\x00a\x00t\x00i\x00o\x00n\x00p\x00l\x00u\x00g\x00i\x00n\
\x00_\x00r\x00e\x00m\x00o\x00v\x00e\x00_\x00o\x00u\x00t\x00l\x00i\x00e\x00r\x00s\
\x00_\x00a\x00l\x00l\x00_\x00t\x00o\x00o\x00l\x00.\x00s\x00v\x00g\
\x00+\
\x0b\x0b\x11\x07\
\x00s\
\x00e\x00m\x00i\x00a\x00u\x00t\x00o\x00m\x00a\x00t\x00i\x00c\x00c\x00l\x00a\x00s\
\x00s\x00i\x00f\x00i\x00c\x00a\x00t\x00i\x00o\x00n\x00p\x00l\x00u\x00g\x00i\x00n\
\x00_\x00e\x00n\x00t\x00e\x00r\x00.\x00s\x00v\x00g\
\x000\
\x02A\xc2g\
\x00s\
\x00e\x00m\x00i\x00a\x00u\x00t\x00o\x00m\x00a\x00t\x00i\x00c\x00c\x00l\x00a\x00s\
\x00s\x00i\x00f\x00i\x00c\x00a\x00t\x00i\x00o\x00n\x00p\x00l\x00u\x00g\x00i\x00n\
\x00_\x00s\x00e\x00l\x00e\x00c\x00t\x00_\x00a\x00l\x00l\x00.\x00s\x00v\x00g\
\x00-\
\x09\x19\xff\xe7\
\x00s\
\x00e\x00m\x00i\x00a\x00u\x00t\x00o\x00m\x00a\x00t\x00i\x00c\x00c\x00l\x00a\x00s\
\x00s\x00i\x00f\x00i\x00c\x00a\x00t\x00i\x00o\x00n\x00p\x00l\x00u\x00g\x00i\x00n\
\x00_\x00o\x00s\x00m\x00_\x00a\x00d\x00d\x00.\x00s\x00v\x00g\
\x00\x09\
\x0f\xa8\x87\xa7\
\x00g\
\x00u\x00i\x00d\x00e\x00.\x00s\x00v\x00g\
\x00-\
\x0c\xed\xccG\
\x00s\
\x00e\x00m\x00i\x00a\x00u\x00t\x00o\x00m\x00a\x00t\x00i\x00c\x00c\x00l\x00a\x00s\
\x00s\x00i\x00f\x00i\x00c\x00a\x00t\x00i\x00o\x00n\x00p\x00l\x00u\x00g\x00i\x00n\
\x00_\x00o\x00p\x00t\x00i\x00o\x00n\x00s\x00.\x00s\x00v\x00g\
\x00/\
\x0d\x9b\xac\xc7\
\x00s\
\x00e\x00m\x00i\x00a\x00u\x00t\x00o\x00m\x00a\x00t\x00i\x00c\x00c\x00l\x00a\x00s\
\x00s\x00i\x00f\x00i\x00c\x00a\x00t\x00i\x00o\x00n\x00p\x00l\x00u\x00g\x00i\x00n\
\x00_\x00m\x00o\x00v\x00e\x00_\x00d\x00o\x00w\x00n\x00.\x00s\x00v\x00g\
\x000\
\x03\xf4\xa6g\
\x00s\
\x00e\x00m\x00i\x00a\x00u\x00t\x00o\x00m\x00a\x00t\x00i\x00c\x00c\x00l\x00a\x00s\
\x00s\x00i\x00f\x00i\x00c\x00a\x00t\x00i\x00o\x00n\x00p\x00l\x00u\x00g\x00i\x00n\
\x00_\x00r\x00o\x00i\x00_\x00s\x00i\x00n\x00g\x00l\x00e\x00.\x00s\x00v\x00g\
\x003\
\x08>&g\
\x00s\
\x00e\x00m\x00i\x00a\x00u\x00t\x00o\x00m\x00a\x00t\x00i\x00c\x00c\x00l\x00a\x00s\
\x00s\x00i\x00f\x00i\x00c\x00a\x00t\x00i\x00o\x00n\x00p\x00l\x00u\x00g\x00i\x00n\
\x00_\x00u\x00n\x00d\x00o\x00_\x00s\x00a\x00v\x00e\x00_\x00r\x00o\x00i\x00.\x00s\
\x00v\x00g\
\x00%\
\x08\xe6#g\
\x00s\
\x00e\x00m\x00i\x00a\x00u\x00t\x00o\x00m\x00a\x00t\x00i\x00c\x00c\x00l\x00a\x00s\
\x00s\x00i\x00f\x00i\x00c\x00a\x00t\x00i\x00o\x00n\x00p\x00l\x00u\x00g\x00i\x00n\
\x00.\x00s\x00v\x00g\
\x005\
\x05\x02\xfb\xa7\
\x00s\
\x00e\x00m\x00i\x00a\x00u\x00t\x00o\x00m\x00a\x00t\x00i\x00c\x00c\x00l\x00a\x00s\
\x00s\x00i\x00f\x00i\x00c\x00a\x00t\x00i\x00o\x00n\x00p\x00l\x00u\x00g\x00i\x00n\
\x00_\x00n\x00e\x00i\x00g\x00h\x00b\x00o\x00r\x00_\x00p\x00i\x00x\x00e\x00l\x00s\
\x00.\x00s\x00v\x00g\
\x00/\
\x06\xffK\xe7\
\x00s\
\x00e\x00m\x00i\x00a\x00u\x00t\x00o\x00m\x00a\x00t\x00i\x00c\x00c\x00l\x00a\x00s\
\x00s\x00i\x00f\x00i\x00c\x00a\x00t\x00i\x00o\x00n\x00p\x00l\x00u\x00g\x00i\x00n\
\x00_\x00s\x00i\x00g\x00n\x00_\x00t\x00o\x00o\x00l\x00.\x00s\x00v\x00g\
\x005\
\x00\x7f\x00\xe7\
\x00s\
\x00e\x00m\x00i\x00a\x00u\x00t\x00o\x00m\x00a\x00t\x00i\x00c\x00c\x00l\x00a\x00s\
\x00s\x00i\x00f\x00i\x00c\x00a\x00t\x00i\x00o\x00n\x00p\x00l\x00u\x00g\x00i\x00n\
\x00_\x00m\x00e\x00r\x00g\x00e\x00_\x00s\x00i\x00g\x00n\x00_\x00t\x00o\x00o\x00l\
\x00.\x00s\x00v\x00g\
\x005\
\x0c(\x19\x87\
\x00s\
\x00e\x00m\x00i\x00a\x00u\x00t\x00o\x00m\x00a\x00t\x00i\x00c\x00c\x00l\x00a\x00s\
\x00s\x00i\x00f\x00i\x00c\x00a\x00t\x00i\x00o\x00n\x00p\x00l\x00u\x00g\x00i\x00n\
\x00_\x00d\x00o\x00w\x00n\x00l\x00o\x00a\x00d\x00_\x00s\x00e\x00a\x00r\x00c\x00h\
\x00.\x00s\x00v\x00g\
\x001\
\x08\xcd\x14\x07\
\x00s\
\x00e\x00m\x00i\x00a\x00u\x00t\x00o\x00m\x00a\x00t\x00i\x00c\x00c\x00l\x00a\x00s\
\x00s\x00i\x00f\x00i\x00c\x00a\x00t\x00i\x00o\x00n\x00p\x00l\x00u\x00g\x00i\x00n\
\x00_\x00z\x00o\x00o\x00m\x00_\x00t\x00o\x00_\x00R\x00O\x00I\x00.\x00s\x00v\x00g\
\
\x002\
\x02t\x17g\
\x00s\
\x00e\x00m\x00i\x00a\x00u\x00t\x00o\x00m\x00a\x00t\x00i\x00c\x00c\x00l\x00a\x00s\
\x00s\x00i\x00f\x00i\x00c\x00a\x00t\x00i\x00o\x00n\x00p\x00l\x00u\x00g\x00i\x00n\
\x00_\x00r\x00o\x00i\x00_\x00m\x00u\x00l\x00t\x00i\x00p\x00l\x00e\x00.\x00s\x00v\
\x00g\
\x001\
\x0b\x10\xd2g\
\x00s\
\x00e\x00m\x00i\x00a\x00u\x00t\x00o\x00m\x00a\x00t\x00i\x00c\x00c\x00l\x00a\x00s\
\x00s\x00i\x00f\x00i\x00c\x00a\x00t\x00i\x00o\x00n\x00p\x00l\x00u\x00g\x00i\x00n\
\x00_\x00r\x00e\x00p\x00o\x00r\x00t\x00_\x00t\x00o\x00o\x00l\x00.\x00s\x00v\x00g\
\
\x002\
\x0c\xc2]\xe7\
\x00s\
\x00e\x00m\x00i\x00a\x00u\x00t\x00o\x00m\x00a\x00t\x00i\x00c\x00c\x00l\x00a\x00s\
\x00s\x00i\x00f\x00i\x00c\x00a\x00t\x00i\x00o\x00n\x00p\x00l\x00u\x00g\x00i\x00n\
\x00_\x00s\x00c\x00a\x00t\x00t\x00e\x00r\x00_\x00t\x00o\x00o\x00l\x00.\x00s\x00v\
\x00g\
\x00;\
\x00\xf7\x85\xe7\
\x00s\
\x00e\x00m\x00i\x00a\x00u\x00t\x00o\x00m\x00a\x00t\x00i\x00c\x00c\x00l\x00a\x00s\
\x00s\x00i\x00f\x00i\x00c\x00a\x00t\x00i\x00o\x00n\x00p\x00l\x00u\x00g\x00i\x00n\
\x00_\x00r\x00e\x00c\x00l\x00a\x00s\x00s\x00i\x00f\x00i\x00c\x00a\x00t\x00i\x00o\
\x00n\x00_\x00t\x00o\x00o\x00l\x00.\x00s\x00v\x00g\
\x00*\
\x01,\xbe'\
\x00s\
\x00e\x00m\x00i\x00a\x00u\x00t\x00o\x00m\x00a\x00t\x00i\x00c\x00c\x00l\x00a\x00s\
\x00s\x00i\x00f\x00i\x00c\x00a\x00t\x00i\x00o\x00n\x00p\x00l\x00u\x00g\x00i\x00n\
\x00_\x00h\x00o\x00m\x00e\x00.\x00s\x00v\x00g\
\x00\x08\
\x0c3W\x07\
\x00h\
\x00e\x00l\x00p\x00.\x00s\x00v\x00g\
\x003\
\x081\xe6g\
\x00s\
\x00e\x00m\x00i\x00a\x00u\x00t\x00o\x00m\x00a\x00t\x00i\x00c\x00c\x00l\x00a\x00s\
\x00s\x00i\x00f\x00i\x00c\x00a\x00t\x00i\x00o\x00n\x00p\x00l\x00u\x00g\x00i\x00n\
\x00_\x00r\x00e\x00d\x00o\x00_\x00s\x00a\x00v\x00e\x00_\x00r\x00o\x00i\x00.\x00s\
\x00v\x00g\
\x002\
\x0b\x90x\x87\
\x00s\
\x00e\x00m\x00i\x00a\x00u\x00t\x00o\x00m\x00a\x00t\x00i\x00c\x00c\x00l\x00a\x00s\
\x00s\x00i\x00f\x00i\x00c\x00a\x00t\x00i\x00o\x00n\x00p\x00l\x00u\x00g\x00i\x00n\
\x00_\x00p\x00r\x00e\x00v\x00i\x00e\x00w\x00_\x00r\x00e\x00d\x00o\x00.\x00s\x00v\
\x00g\
\x00=\
\x0b\x0c\xe5\xa7\
\x00s\
\x00e\x00m\x00i\x00a\x00u\x00t\x00o\x00m\x00a\x00t\x00i\x00c\x00c\x00l\x00a\x00s\
\x00s\x00i\x00f\x00i\x00c\x00a\x00t\x00i\x00o\x00n\x00p\x00l\x00u\x00g\x00i\x00n\
\x00_\x00i\x00m\x00p\x00o\x00r\x00t\x00_\x00s\x00p\x00e\x00c\x00t\x00r\x00a\x00l\
\x00_\x00l\x00i\x00b\x00r\x00a\x00r\x00y\x00.\x00s\x00v\x00g\
\x005\
\x0d0o\x07\
\x00s\
\x00e\x00m\x00i\x00a\x00u\x00t\x00o\x00m\x00a\x00t\x00i\x00c\x00c\x00l\x00a\x00s\
\x00s\x00i\x00f\x00i\x00c\x00a\x00t\x00i\x00o\x00n\x00p\x00l\x00u\x00g\x00i\x00n\
\x00_\x00b\x00a\x00n\x00d\x00_\x00p\x00r\x00o\x00c\x00e\x00s\x00s\x00i\x00n\x00g\
\x00.\x00s\x00v\x00g\
\x00-\
\x09\x10=\xe7\
\x00s\
\x00e\x00m\x00i\x00a\x00u\x00t\x00o\x00m\x00a\x00t\x00i\x00c\x00c\x00l\x00a\x00s\
\x00s\x00i\x00f\x00i\x00c\x00a\x00t\x00i\x00o\x00n\x00p\x00l\x00u\x00g\x00i\x00n\
\x00_\x00k\x00m\x00l\x00_\x00a\x00d\x00d\x00.\x00s\x00v\x00g\
\x00+\
\x08\x09x'\
\x00s\
\x00e\x00m\x00i\x00a\x00u\x00t\x00o\x00m\x00a\x00t\x00i\x00c\x00c\x00l\x00a\x00s\
\x00s\x00i\x00f\x00i\x00c\x00a\x00t\x00i\x00o\x00n\x00p\x00l\x00u\x00g\x00i\x00n\
\x00_\x00r\x00e\x00s\x00e\x00t\x00.\x00s\x00v\x00g\
\x002\
\x01\xae\xc7'\
\x00s\
\x00e\x00m\x00i\x00a\x00u\x00t\x00o\x00m\x00a\x00t\x00i\x00c\x00c\x00l\x00a\x00s\
\x00s\x00i\x00f\x00i\x00c\x00a\x00t\x00i\x00o\x00n\x00p\x00l\x00u\x00g\x00i\x00n\
\x00_\x00p\x00o\x00s\x00t\x00_\x00p\x00r\x00o\x00c\x00e\x00s\x00s\x00.\x00s\x00v\
\x00g\
\x003\
\x02\x83\x9e'\
\x00s\
\x00e\x00m\x00i\x00a\x00u\x00t\x00o\x00m\x00a\x00t\x00i\x00c\x00c\x00l\x00a\x00s\
\x00s\x00i\x00f\x00i\x00c\x00a\x00t\x00i\x00o\x00n\x00p\x00l\x00u\x00g\x00i\x00n\
\x00_\x00s\x00e\x00t\x00t\x00i\x00n\x00g\x00s\x00_\x00t\x00o\x00o\x00l\x00.\x00s\
\x00v\x00g\
\x00>\
\x06\x87\x92\x07\
\x00s\
\x00e\x00m\x00i\x00a\x00u\x00t\x00o\x00m\x00a\x00t\x00i\x00c\x00c\x00l\x00a\x00s\
\x00s\x00i\x00f\x00i\x00c\x00a\x00t\x00i\x00o\x00n\x00p\x00l\x00u\x00g\x00i\x00n\
\x00_\x00r\x00e\x00m\x00o\x00v\x00e\x00_\x00o\x00u\x00t\x00l\x00i\x00e\x00r\x00s\
\x00_\x00r\x00o\x00i\x00_\x00t\x00o\x00o\x00l\x00.\x00s\x00v\x00g\
\x003\
\x0d\x1b9'\
\x00s\
\x00e\x00m\x00i\x00a\x00u\x00t\x00o\x00m\x00a\x00t\x00i\x00c\x00c\x00l\x00a\x00s\
\x00s\x00i\x00f\x00i\x00c\x00a\x00t\x00i\x00o\x00n\x00p\x00l\x00u\x00g\x00i\x00n\
\x00_\x00a\x00d\x00d\x00_\x00s\x00i\x00g\x00n\x00_\x00t\x00o\x00o\x00l\x00.\x00s\
\x00v\x00g\
\x00/\
\x05\x5c\x0b'\
\x00s\
\x00e\x00m\x00i\x00a\x00u\x00t\x00o\x00m\x00a\x00t\x00i\x00c\x00c\x00l\x00a\x00s\
\x00s\x00i\x00f\x00i\x00c\x00a\x00t\x00i\x00o\x00n\x00p\x00l\x00u\x00g\x00i\x00n\
\x00_\x00c\x00l\x00i\x00p\x00_\x00t\x00o\x00o\x00l\x00.\x00s\x00v\x00g\
\x004\
\x0b%\x0c\xa7\
\x00s\
\x00e\x00m\x00i\x00a\x00u\x00t\x00o\x00m\x00a\x00t\x00i\x00c\x00c\x00l\x00a\x00s\
\x00s\x00i\x00f\x00i\x00c\x00a\x00t\x00i\x00o\x00n\x00p\x00l\x00u\x00g\x00i\x00n\
\x00_\x00d\x00o\x00w\x00n\x00l\x00o\x00a\x00d\x00_\x00a\x00r\x00r\x00o\x00w\x00.\
\x00s\x00v\x00g\
\x00,\
\x0ard\x07\
\x00s\
\x00e\x00m\x00i\x00a\x00u\x00t\x00o\x00m\x00a\x00t\x00i\x00c\x00c\x00l\x00a\x00s\
\x00s\x00i\x00f\x00i\x00c\x00a\x00t\x00i\x00o\x00n\x00p\x00l\x00u\x00g\x00i\x00n\
\x00_\x00i\x00m\x00p\x00o\x00r\x00t\x00.\x00s\x00v\x00g\
\x00.\
\x0b_\xf5\xc7\
\x00s\
\x00e\x00m\x00i\x00a\x00u\x00t\x00o\x00m\x00a\x00t\x00i\x00c\x00c\x00l\x00a\x00s\
\x00s\x00i\x00f\x00i\x00c\x00a\x00t\x00i\x00o\x00n\x00p\x00l\x00u\x00g\x00i\x00n\
\x00_\x00s\x00a\x00v\x00e\x00_\x00r\x00o\x00i\x00.\x00s\x00v\x00g\
\x002\
\x03\xcc\xbb'\
\x00s\
\x00e\x00m\x00i\x00a\x00u\x00t\x00o\x00m\x00a\x00t\x00i\x00c\x00c\x00l\x00a\x00s\
\x00s\x00i\x00f\x00i\x00c\x00a\x00t\x00i\x00o\x00n\x00p\x00l\x00u\x00g\x00i\x00n\
\x00_\x00s\x00p\x00l\x00i\x00t\x00_\x00r\x00a\x00s\x00t\x00e\x00r\x00.\x00s\x00v\
\x00g\
\x009\
\x0f\xd53\xe7\
\x00s\
\x00e\x00m\x00i\x00a\x00u\x00t\x00o\x00m\x00a\x00t\x00i\x00c\x00c\x00l\x00a\x00s\
\x00s\x00i\x00f\x00i\x00c\x00a\x00t\x00i\x00o\x00n\x00p\x00l\x00u\x00g\x00i\x00n\
\x00_\x00b\x00a\x00n\x00d\x00c\x00a\x00l\x00c\x00_\x00e\x00x\x00p\x00r\x00e\x00s\
\x00s\x00i\x00o\x00n\x00.\x00s\x00v\x00g\
\x00<\
\x00\x8a\xdd\xc7\
\x00s\
\x00e\x00m\x00i\x00a\x00u\x00t\x00o\x00m\x00a\x00t\x00i\x00c\x00c\x00l\x00a\x00s\
\x00s\x00i\x00f\x00i\x00c\x00a\x00t\x00i\x00o\x00n\x00p\x00l\x00u\x00g\x00i\x00n\
\x00_\x00r\x00e\x00p\x00r\x00o\x00j\x00e\x00c\x00t\x00_\x00r\x00a\x00s\x00t\x00e\
\x00r\x00_\x00b\x00a\x00n\x00d\x00s\x00.\x00s\x00v\x00g\
\x00.\
\x07\x8b\xc8\x87\
\x00s\
\x00e\x00m\x00i\x00a\x00u\x00t\x00o\x00m\x00a\x00t\x00i\x00c\x00c\x00l\x00a\x00s\
\x00s\x00i\x00f\x00i\x00c\x00a\x00t\x00i\x00o\x00n\x00p\x00l\x00u\x00g\x00i\x00n\
\x00_\x00n\x00e\x00w\x00_\x00f\x00i\x00l\x00e\x00.\x00s\x00v\x00g\
\x00)\
\x000\x94\xe7\
\x00s\
\x00e\x00m\x00i\x00a\x00u\x00t\x00o\x00m\x00a\x00t\x00i\x00c\x00c\x00l\x00a\x00s\
\x00s\x00i\x00f\x00i\x00c\x00a\x00t\x00i\x00o\x00n\x00p\x00l\x00u\x00g\x00i\x00n\
\x00_\x00r\x00u\x00n\x00.\x00s\x00v\x00g\
\x000\
\x09s\xbfG\
\x00s\
\x00e\x00m\x00i\x00a\x00u\x00t\x00o\x00m\x00a\x00t\x00i\x00c\x00c\x00l\x00a\x00s\
\x00s\x00i\x00f\x00i\x00c\x00a\x00t\x00i\x00o\x00n\x00p\x00l\x00u\x00g\x00i\x00n\
\x00_\x00c\x00l\x00a\x00s\x00s\x00_\x00t\x00o\x00o\x00l\x00.\x00s\x00v\x00g\
\x00,\
\x09\x95|\x87\
\x00s\
\x00e\x00m\x00i\x00a\x00u\x00t\x00o\x00m\x00a\x00t\x00i\x00c\x00c\x00l\x00a\x00s\
\x00s\x00i\x00f\x00i\x00c\x00a\x00t\x00i\x00o\x00n\x00p\x00l\x00u\x00g\x00i\x00n\
\x00_\x00r\x00e\x00l\x00o\x00a\x00d\x00.\x00s\x00v\x00g\
\x00<\
\x06I\x1a\x87\
\x00s\
\x00e\x00m\x00i\x00a\x00u\x00t\x00o\x00m\x00a\x00t\x00i\x00c\x00c\x00l\x00a\x00s\
\x00s\x00i\x00f\x00i\x00c\x00a\x00t\x00i\x00o\x00n\x00p\x00l\x00u\x00g\x00i\x00n\
\x00_\x00c\x00l\x00a\x00s\x00s\x00i\x00f\x00i\x00c\x00a\x00t\x00i\x00o\x00n\x00_\
\x00e\x00r\x00o\x00s\x00i\x00o\x00n\x00.\x00s\x00v\x00g\
\x00/\
\x03\x9cL'\
\x00s\
\x00e\x00m\x00i\x00a\x00u\x00t\x00o\x00m\x00a\x00t\x00i\x00c\x00c\x00l\x00a\x00s\
\x00s\x00i\x00f\x00i\x00c\x00a\x00t\x00i\x00o\x00n\x00p\x00l\x00u\x00g\x00i\x00n\
\x00_\x00o\x00p\x00e\x00n\x00_\x00f\x00i\x00l\x00e\x00.\x00s\x00v\x00g\
\x00+\
\x0bU\x18\xa7\
\x00s\
\x00e\x00m\x00i\x00a\x00u\x00t\x00o\x00m\x00a\x00t\x00i\x00c\x00c\x00l\x00a\x00s\
\x00s\x00i\x00f\x00i\x00c\x00a\x00t\x00i\x00o\x00n\x00p\x00l\x00u\x00g\x00i\x00n\
\x00_\x00b\x00a\x00t\x00c\x00h\x00.\x00s\x00v\x00g\
\x002\
\x07,\x8e\x07\
\x00s\
\x00e\x00m\x00i\x00a\x00u\x00t\x00o\x00m\x00a\x00t\x00i\x00c\x00c\x00l\x00a\x00s\
\x00s\x00i\x00f\x00i\x00c\x00a\x00t\x00i\x00o\x00n\x00p\x00l\x00u\x00g\x00i\x00n\
\x00_\x00s\x00t\x00a\x00c\x00k\x00_\x00r\x00a\x00s\x00t\x00e\x00r\x00.\x00s\x00v\
\x00g\
\x003\
\x0c\xdd\xa2'\
\x00s\
\x00e\x00m\x00i\x00a\x00u\x00t\x00o\x00m\x00a\x00t\x00i\x00c\x00c\x00l\x00a\x00s\
\x00s\x00i\x00f\x00i\x00c\x00a\x00t\x00i\x00o\x00n\x00p\x00l\x00u\x00g\x00i\x00n\
\x00_\x00b\x00a\x00n\x00d\x00c\x00a\x00l\x00c\x00_\x00t\x00o\x00o\x00l\x00.\x00s\
\x00v\x00g\
\x00E\
\x03\x19\xe7G\
\x00s\
\x00e\x00m\x00i\x00a\x00u\x00t\x00o\x00m\x00a\x00t\x00i\x00c\x00c\x00l\x00a\x00s\
\x00s\x00i\x00f\x00i\x00c\x00a\x00t\x00i\x00o\x00n\x00p\x00l\x00u\x00g\x00i\x00n\
\x00_\x00b\x00a\x00n\x00d\x00s\x00e\x00t\x00_\x00c\x00u\x00m\x00u\x00l\x00a\x00t\
\x00i\x00v\x00e\x00_\x00s\x00t\x00r\x00e\x00t\x00c\x00h\x00_\x00t\x00o\x00o\x00l\
\x00.\x00s\x00v\x00g\
\x00.\
\x00\xfe\x9b\xa7\
\x00s\
\x00e\x00m\x00i\x00a\x00u\x00t\x00o\x00m\x00a\x00t\x00i\x00c\x00c\x00l\x00a\x00s\
\x00s\x00i\x00f\x00i\x00c\x00a\x00t\x00i\x00o\x00n\x00p\x00l\x00u\x00g\x00i\x00n\
\x00_\x00o\x00p\x00e\x00n\x00_\x00d\x00i\x00r\x00.\x00s\x00v\x00g\
\x00.\
\x07\xf0/\xe7\
\x00s\
\x00e\x00m\x00i\x00a\x00u\x00t\x00o\x00m\x00a\x00t\x00i\x00c\x00c\x00l\x00a\x00s\
\x00s\x00i\x00f\x00i\x00c\x00a\x00t\x00i\x00o\x00n\x00p\x00l\x00u\x00g\x00i\x00n\
\x00_\x00f\x00i\x00t\x00_\x00p\x00l\x00o\x00t\x00.\x00s\x00v\x00g\
\x001\
\x07=\x00\xc7\
\x00s\
\x00e\x00m\x00i\x00a\x00u\x00t\x00o\x00m\x00a\x00t\x00i\x00c\x00c\x00l\x00a\x00s\
\x00s\x00i\x00f\x00i\x00c\x00a\x00t\x00i\x00o\x00n\x00p\x00l\x00u\x00g\x00i\x00n\
\x00_\x00m\x00o\x00s\x00a\x00i\x00c\x00_\x00t\x00o\x00o\x00l\x00.\x00s\x00v\x00g\
\
"

qt_resource_struct = b"\
\x00\x00\x00\x00\x00\x02\x00\x00\x00\x02\x00\x00\x00\x01\
\x00\x00\x00\x00\x00\x00\x00\x00\
\x00\x00\x00\x00\x00\x02\x00\x00\x00\x01\x00\x00\x00\x06\
\x00\x00\x00\x00\x00\x00\x00\x00\
\x00\x00\x00\x14\x00\x02\x00\x00\x00\x01\x00\x00\x00\x03\
\x00\x00\x00\x00\x00\x00\x00\x00\
\x00\x00\x00(\x00\x02\x00\x00\x00\x01\x00\x00\x00\x04\
\x00\x00\x00\x00\x00\x00\x00\x00\
\x00\x00\x00\x14\x00\x02\x00\x00\x00\x01\x00\x00\x00\x05\
\x00\x00\x00\x00\x00\x00\x00\x00\
\x00\x00\x008\x00\x00\x00\x00\x00\x01\x00\x00\x00\x00\
\x00\x00\x01\xa0\xba9B\xf0\
\x00\x00\x00\x5c\x00\x02\x00\x00\x00\x01\x00\x00\x00\x07\
\x00\x00\x00\x00\x00\x00\x00\x00\
\x00\x00\x00(\x00\x02\x00\x00\x00b\x00\x00\x00\x08\
\x00\x00\x00\x00\x00\x00\x00\x00\
\x00\x00$N\x00\x01\x00\x00\x00\x01\x00\x03\xc9\xa2\
\x00\x00\x01\xa0\xba9B\xf0\
\x00\x00\x10&\x00\x00\x00\x00\x00\x01\x00\x01\x9d\xae\
\x00\x00\x01\xa0\xba9B\xf0\
\x00\x00\x19D\x00\x01\x00\x00\x00\x01\x00\x02\xa2\xd6\
\x00\x00\x01\xa0\xba9B\xf0\
\x00\x00#n\x00\x00\x00\x00\x00\x01\x00\x03\xa8\xf8\
\x00\x00\x01\xa0\xba9B\xf0\
\x00\x00\x04\x9a\x00\x01\x00\x00\x00\x01\x00\x00dQ\
\x00\x00\x01\xa0\xba9B\xf0\
\x00\x00\x1b\xc8\x00\x01\x00\x00\x00\x01\x00\x02\xe5\x17\
\x00\x00\x01\xa0\xba9B\xf0\
\x00\x00(\x0e\x00\x00\x00\x00\x00\x01\x00\x04*1\
\x00\x00\x01\xa0\xba9B\xf0\
\x00\x00\x1cD\x00\x01\x00\x00\x00\x01\x00\x02\xf0\x1a\
\x00\x00\x01\xa0\xba9B\xf0\
\x00\x00\x0e\x1e\x00\x01\x00\x00\x00\x01\x00\x01e\xae\
\x00\x00\x01\xa0\xba9B\xf0\
\x00\x00\x1f6\x00\x00\x00\x00\x00\x01\x00\x03I9\
\x00\x00\x01\xa0\xba9B\xf0\
\x00\x00\x07\xfe\x00\x01\x00\x00\x00\x01\x00\x00\xc3\x11\
\x00\x00\x01\xa0\xba9B\xf0\
\x00\x00\x0dX\x00\x01\x00\x00\x00\x01\x00\x01WZ\
\x00\x00\x01\xa0\xba9B\xf0\
\x00\x00\x03\xca\x00\x01\x00\x00\x00\x01\x00\x00R7\
\x00\x00\x01\xa0\xba9B\xf0\
\x00\x00\x15\xac\x00\x00\x00\x00\x00\x01\x00\x020E\
\x00\x00\x01\xa0\xba9B\xf0\
\x00\x00\x1a\x8c\x00\x01\x00\x00\x00\x01\x00\x02\xc8\xa9\
\x00\x00\x01\xa0\xba9B\xf0\
\x00\x00\x1f\xa0\x00\x01\x00\x00\x00\x01\x00\x03S\xb4\
\x00\x00\x01\xa0\xba9B\xf0\
\x00\x00'~\x00\x00\x00\x00\x00\x01\x00\x04\x13\xc9\
\x00\x00\x01\xa0\xba9B\xf0\
\x00\x00%\xe8\x00\x00\x00\x00\x00\x01\x00\x03\xedu\
\x00\x00\x01\xa0\xba9B\xf0\
\x00\x00\x22\x8c\x00\x00\x00\x00\x00\x01\x00\x03\x90\xcc\
\x00\x00\x01\xa0\xba9B\xf0\
\x00\x00\x0c\xda\x00\x00\x00\x00\x00\x01\x00\x01D\xe2\
\x00\x00\x01\xa0\xba9B\xf0\
\x00\x00\x01v\x00\x01\x00\x00\x00\x01\x00\x00\x1dz\
\x00\x00\x01\xa0\xba9B\xf0\
\x00\x00\x02\x00\x00\x01\x00\x00\x00\x01\x00\x00#\xe8\
\x00\x00\x01\xa0\xba9B\xf0\
\x00\x00\x17N\x00\x00\x00\x00\x00\x01\x00\x02jo\
\x00\x00\x01\xa0\xba9B\xf0\
\x00\x00\x18p\x00\x01\x00\x00\x00\x01\x00\x02\x96\x0c\
\x00\x00\x01\xa0\xba9B\xf0\
\x00\x00\x14\xce\x00\x00\x00\x00\x00\x01\x00\x02\x1eV\
\x00\x00\x01\xa0\xba9B\xf0\
\x00\x00\x02\xec\x00\x01\x00\x00\x00\x01\x00\x00A\xcb\
\x00\x00\x01\xa0\xba9B\xf0\
\x00\x00 \xfa\x00\x01\x00\x00\x00\x01\x00\x03f\xf0\
\x00\x00\x01\xa0\xba9B\xf0\
\x00\x00\x0a\x88\x00\x01\x00\x00\x00\x01\x00\x01\x1d\xbb\
\x00\x00\x01\xa0\xba9B\xf0\
\x00\x00\x03^\x00\x01\x00\x00\x00\x01\x00\x00Lm\
\x00\x00\x01\xa0\xba9B\xf0\
\x00\x00%j\x00\x01\x00\x00\x00\x01\x00\x03\xe7I\
\x00\x00\x01\xa0\xba9B\xf0\
\x00\x00\x07(\x00\x01\x00\x00\x00\x01\x00\x00\xa7\xf6\
\x00\x00\x01\xa0\xba9B\xf0\
\x00\x00 \x0c\x00\x00\x00\x00\x00\x01\x00\x03\x5c\x1f\
\x00\x00\x01\xa0\xba9B\xf0\
\x00\x00\x09\xae\x00\x00\x00\x00\x00\x01\x00\x00\xfe]\
\x00\x00\x01\xa0\xba9B\xf0\
\x00\x00\x18\xe0\x00\x01\x00\x00\x00\x01\x00\x02\x9c-\
\x00\x00\x01\xa0\xba9B\xf0\
\x00\x00&\xa8\x00\x00\x00\x00\x00\x01\x00\x03\xff\x12\
\x00\x00\x01\xa0\xba9B\xf0\
\x00\x00(\xd2\x00\x01\x00\x00\x00\x01\x00\x04:\xc5\
\x00\x00\x01\xa0\xba9B\xf0\
\x00\x00\x09<\x00\x00\x00\x00\x00\x01\x00\x00\xeb\xae\
\x00\x00\x01\xa0\xba9B\xf0\
\x00\x00#\xec\x00\x00\x00\x00\x00\x01\x00\x03\xbfD\
\x00\x00\x01\xa0\xba9B\xf0\
\x00\x00(p\x00\x01\x00\x00\x00\x01\x00\x043\xce\
\x00\x00\x01\xa0\xba9B\xf0\
\x00\x00\x1e\xda\x00\x00\x00\x00\x00\x01\x00\x03<\x16\
\x00\x00\x01\xa0\xba9B\xf0\
\x00\x00\x01\x0e\x00\x01\x00\x00\x00\x01\x00\x00\x16`\
\x00\x00\x01\xa0\xba9B\xf0\
\x00\x00\x1c\xb4\x00\x00\x00\x00\x00\x01\x00\x03\x00\x13\
\x00\x00\x01\xa0\xba9B\xf0\
\x00\x00\x17\xb4\x00\x00\x00\x00\x00\x01\x00\x02u]\
\x00\x00\x01\xa0\xba9B\xf0\
\x00\x00\x13\x82\x00\x01\x00\x00\x00\x01\x00\x01\xf4}\
\x00\x00\x01\xa0\xba9B\xf0\
\x00\x00\x11\x18\x00\x00\x00\x00\x00\x01\x00\x01\xbc\xc9\
\x00\x00\x01\xa0\xba9B\xf0\
\x00\x00\x0e\x8e\x00\x00\x00\x00\x00\x01\x00\x01n\x87\
\x00\x00\x01\xa0\xba9B\xf0\
\x00\x00\x04:\x00\x00\x00\x00\x00\x01\x00\x00X\x16\
\x00\x00\x01\xa0\xba9B\xf0\
\x00\x00\x0e\xf0\x00\x01\x00\x00\x00\x01\x00\x01~0\
\x00\x00\x01\xa0\xba9B\xf0\
\x00\x00\x0b\x04\x00\x00\x00\x00\x00\x01\x00\x01#}\
\x00\x00\x01\xa0\xba9B\xf0\
\x00\x00\x1a$\x00\x00\x00\x00\x00\x01\x00\x02\xb7%\
\x00\x00\x01\xa0\xba9B\xf0\
\x00\x00\x18 \x00\x01\x00\x00\x00\x01\x00\x02\x87\x81\
\x00\x00\x01\xa0\xba9B\xf0\
\x00\x00\x1ez\x00\x01\x00\x00\x00\x01\x00\x033\xd8\
\x00\x00\x01\xa0\xba9B\xf0\
\x00\x00\x16\x12\x00\x00\x00\x00\x00\x01\x00\x02>\xe7\
\x00\x00\x01\xa0\xba9B\xf0\
\x00\x00$\xa6\x00\x00\x00\x00\x00\x01\x00\x03\xcf\xd9\
\x00\x00\x01\xa0\xba9B\xf0\
\x00\x00%\x0c\x00\x00\x00\x00\x00\x01\x00\x03\xdbX\
\x00\x00\x01\xa0\xba9B\xf0\
\x00\x00\x05t\x00\x00\x00\x00\x00\x01\x00\x00\x82\x12\
\x00\x00\x01\xa0\xba9B\xf0\
\x00\x00\x0d\xb8\x00\x01\x00\x00\x00\x01\x00\x01^n\
\x00\x00\x01\xa0\xba9B\xf0\
\x00\x00\x07\x9c\x00\x01\x00\x00\x00\x01\x00\x00\xaee\
\x00\x00\x01\xa0\xba9B\xf0\
\x00\x00\x02\x80\x00\x01\x00\x00\x00\x01\x00\x009a\
\x00\x00\x01\xa0\xba9B\xf0\
\x00\x00\x0fl\x00\x00\x00\x00\x00\x01\x00\x01\x87\xcb\
\x00\x00\x01\xa0\xba9B\xf0\
\x00\x00\x0cZ\x00\x01\x00\x00\x00\x01\x00\x01>\xb6\
\x00\x00\x01\xa0\xba9B\xf0\
\x00\x00!\xcc\x00\x00\x00\x00\x00\x01\x00\x03\x80\x99\
\x00\x00\x01\xa0\xba9B\xf0\
\x00\x00\x06P\x00\x00\x00\x00\x00\x01\x00\x00\x93\x86\
\x00\x00\x01\xa0\xba9B\xf0\
\x00\x00\x13\x08\x00\x01\x00\x00\x00\x01\x00\x01\xee\x87\
\x00\x00\x01\xa0\xba9B\xf0\
\x00\x00\x10\xb0\x00\x01\x00\x00\x00\x01\x00\x01\xb4\x22\
\x00\x00\x01\xa0\xba9B\xf0\
\x00\x00\x15P\x00\x00\x00\x00\x00\x01\x00\x02$\x90\
\x00\x00\x01\xa0\xba9B\xf0\
\x00\x00\x08\xbc\x00\x01\x00\x00\x00\x01\x00\x00\xe4\xbb\
\x00\x00\x01\xa0\xba9B\xf0\
\x00\x00\x1d\x8a\x00\x01\x00\x00\x00\x01\x00\x03\x1b\x0d\
\x00\x00\x01\xa0\xba9B\xf0\
\x00\x00\x1a\xf6\x00\x01\x00\x00\x00\x01\x00\x02\xcf=\
\x00\x00\x01\xa0\xba9B\xf0\
\x00\x00\x0bn\x00\x01\x00\x00\x00\x01\x00\x010V\
\x00\x00\x01\xa0\xba9B\xf0\
\x00\x00!^\x00\x00\x00\x00\x00\x01\x00\x03q\x14\
\x00\x00\x01\xa0\xba9B\xf0\
\x00\x00&L\x00\x01\x00\x00\x00\x01\x00\x03\xf8&\
\x00\x00\x01\xa0\xba9B\xf0\
\x00\x00\x12\x9a\x00\x01\x00\x00\x00\x01\x00\x01\xe8\x07\
\x00\x00\x01\xa0\xba9B\xf0\
\x00\x00\x22*\x00\x01\x00\x00\x00\x01\x00\x03\x8b\xa6\
\x00\x00\x01\xa0\xba9B\xf0\
\x00\x00\x1d \x00\x01\x00\x00\x00\x01\x00\x03\x12A\
\x00\x00\x01\xa0\xba9B\xf0\
\x00\x00\x11<\x00\x00\x00\x00\x00\x01\x00\x01\xd1\x16\
\x00\x00\x01\xa0\xba9B\xf0\
\x00\x00\x06\xae\x00\x01\x00\x00\x00\x01\x00\x00\x9f\xb9\
\x00\x00\x01\xa0\xba9B\xf0\
\x00\x00\x0f\xca\x00\x00\x00\x00\x00\x01\x00\x01\x91\xfa\
\x00\x00\x01\xa0\xba9B\xf0\
\x00\x00\x19\xb4\x00\x00\x00\x00\x00\x01\x00\x02\xa9\x84\
\x00\x00\x01\xa0\xba9B\xf0\
\x00\x00\x11\xaa\x00\x01\x00\x00\x00\x01\x00\x01\xd9\xde\
\x00\x00\x01\xa0\xba9B\xf0\
\x00\x00\x1c\x9e\x00\x01\x00\x00\x00\x01\x00\x02\xf9\x01\
\x00\x00\x01\xa0\xba9B\xf0\
\x00\x00\x14b\x00\x01\x00\x00\x00\x01\x00\x02\x13\xaf\
\x00\x00\x01\xa0\xba9B\xf0\
\x00\x00\x12$\x00\x01\x00\x00\x00\x01\x00\x01\xe0\x85\
\x00\x00\x01\xa0\xba9B\xf0\
\x00\x00\x00\xa4\x00\x00\x00\x00\x00\x01\x00\x00\x08\x09\
\x00\x00\x01\xa0\xba9B\xf0\
\x00\x00\x1b^\x00\x01\x00\x00\x00\x01\x00\x02\xd5\x1c\
\x00\x00\x01\xa0\xba9B\xf0\
\x00\x00'\x12\x00\x01\x00\x00\x00\x01\x00\x04\x0e\x1e\
\x00\x00\x01\xa0\xba9B\xf0\
\x00\x00\x16\x8a\x00\x00\x00\x00\x00\x01\x00\x02RG\
\x00\x00\x01\xa0\xba9B\xf0\
\x00\x00 \x8e\x00\x01\x00\x00\x00\x01\x00\x03`(\
\x00\x00\x01\xa0\xba9B\xf0\
\x00\x00\x1e\x0a\x00\x00\x00\x00\x00\x01\x00\x03!\xc6\
\x00\x00\x01\xa0\xba9B\xf0\
\x00\x00\x0b\xee\x00\x01\x00\x00\x00\x01\x00\x018\xbc\
\x00\x00\x01\xa0\xba9B\xf0\
\x00\x00\x16\xea\x00\x00\x00\x00\x00\x01\x00\x02^D\
\x00\x00\x01\xa0\xba9B\xf0\
\x00\x00\x05\x08\x00\x00\x00\x00\x00\x01\x00\x00jF\
\x00\x00\x01\xa0\xba9B\xf0\
\x00\x00\x08d\x00\x00\x00\x00\x00\x01\x00\x00\xd8~\
\x00\x00\x01\xa0\xba9B\xf0\
\x00\x00\x16r\x00\x01\x00\x00\x00\x01\x00\x02Md\
\x00\x00\x01\xa0\xba9B\xf0\
\x00\x00\x13\xe4\x00\x00\x00\x00\x00\x01\x00\x01\xfb\x0a\
\x00\x00\x01\xa0\xba9B\xf0\
\x00\x00\x0a\x1a\x00\x00\x00\x00\x00\x01\x00\x01\x13L\
\x00\x00\x01\xa0\xba9B\xf0\
\x00\x00\x05\xd6\x00\x00\x00\x00\x00\x01\x00\x00\x8f;\
\x00\x00\x01\xa0\xba9B\xf0\
\x00\x00\x22\xf6\x00\x00\x00\x00\x00\x01\x00\x03\x9d7\
\x00\x00\x01\xa0\xba9B\xf0\
"

def qInitResources():
    QtCore.qRegisterResourceData(0x03, qt_resource_struct, qt_resource_name, qt_resource_data)

def qCleanupResources():
    QtCore.qUnregisterResourceData(0x03, qt_resource_struct, qt_resource_name, qt_resource_data)

qInitResources()
